#
# There is insufficient memory for the Java Runtime Environment to continue.
# Native memory allocation (mmap) failed to map 171966464 bytes for G1 virtual space
# Possible reasons:
#   The system is out of physical RAM or swap space
#   The process is running with CompressedOops enabled, and the Java Heap may be blocking the growth of the native heap
# Possible solutions:
#   Reduce memory load on the system
#   Increase physical memory or swap space
#   Check if swap backing store is full
#   Decrease Java heap size (-Xmx/-Xms)
#   Decrease number of Java threads
#   Decrease Java thread stack sizes (-Xss)
#   Set larger code cache with -XX:ReservedCodeCacheSize=
#   JVM is running with Unscaled Compressed Oops mode in which the Java heap is
#     placed in the first 4GB address space. The Java Heap base address is the
#     maximum limit for the native heap growth. Please use -XX:HeapBaseMinAddress
#     to set the Java Heap base and to place the Java Heap above 4GB virtual address.
# This output file may be truncated or incomplete.
#
#  Out of Memory Error (os_windows.cpp:3769), pid=31608, tid=16312
#
# JRE version: OpenJDK Runtime Environment (17.0.6) (build 17.0.6+0-b2043.56-10027231)
# Java VM: OpenJDK 64-Bit Server VM (17.0.6+0-b2043.56-10027231, mixed mode, tiered, compressed oops, compressed class ptrs, g1 gc, windows-amd64)
# No core dump will be written. Minidumps are not enabled by default on client versions of Windows
#

---------------  S U M M A R Y ------------

Command Line: --add-opens=java.base/java.util=ALL-UNNAMED --add-opens=java.base/java.lang=ALL-UNNAMED --add-opens=java.base/java.lang.invoke=ALL-UNNAMED --add-opens=java.base/java.util=ALL-UNNAMED --add-opens=java.prefs/java.util.prefs=ALL-UNNAMED --add-opens=java.prefs/java.util.prefs=ALL-UNNAMED --add-opens=java.base/java.nio.charset=ALL-UNNAMED --add-opens=java.base/java.net=ALL-UNNAMED --add-opens=java.base/java.util.concurrent.atomic=ALL-UNNAMED -Xmx1536m -Dfile.encoding=windows-1256 -Duser.country=US -Duser.language=en -Duser.variant org.gradle.launcher.daemon.bootstrap.GradleDaemon 7.4.2

Host: Intel(R) Core(TM) i7-8700 CPU @ 3.20GHz, 12 cores, 15G,  Windows 10 , 64 bit Build 19041 (10.0.19041.4717)
Time: Sun Sep  1 13:58:13 2024 Arabic Standard Time elapsed time: 328.500765 seconds (0d 0h 5m 28s)

---------------  T H R E A D  ---------------

Current thread (0x000001e00f85d3f0):  VMThread "VM Thread" [stack: 0x00000031f5100000,0x00000031f5200000] [id=16312]

Stack: [0x00000031f5100000,0x00000031f5200000]
Native frames: (J=compiled Java code, j=interpreted, Vv=VM code, C=native code)
V  [jvm.dll+0x683c9a]
V  [jvm.dll+0x8427a4]
V  [jvm.dll+0x843f9e]
V  [jvm.dll+0x844603]
V  [jvm.dll+0x249b75]
V  [jvm.dll+0x680b69]
V  [jvm.dll+0x67505a]
V  [jvm.dll+0x309acb]
V  [jvm.dll+0x310f86]
V  [jvm.dll+0x3608ee]
V  [jvm.dll+0x360b1f]
V  [jvm.dll+0x2dfbf8]
V  [jvm.dll+0x2ddec4]
V  [jvm.dll+0x2dd4cc]
V  [jvm.dll+0x321f3b]
V  [jvm.dll+0x848ccb]
V  [jvm.dll+0x849a04]
V  [jvm.dll+0x849f1d]
V  [jvm.dll+0x84a2f4]
V  [jvm.dll+0x84a3c0]
V  [jvm.dll+0x7f274a]
V  [jvm.dll+0x682ad5]
C  [ucrtbase.dll+0x21bb2]
C  [KERNEL32.DLL+0x17374]
C  [ntdll.dll+0x4cc91]

VM_Operation (0x000000318c2fc890): G1CollectForAllocation, mode: safepoint, requested by thread 0x000001e01cc6b160


---------------  P R O C E S S  ---------------

Threads class SMR info:
_java_thread_list=0x000001e01b5b7ce0, length=238, elements={
0x000001e075ef4d20, 0x000001e00f862f30, 0x000001e00f863cb0, 0x000001e00f8928d0,
0x000001e00f8963b0, 0x000001e00f896c70, 0x000001e00f897530, 0x000001e00f898120,
0x000001e00f8b7310, 0x000001e00f8bc030, 0x000001e00fa42b70, 0x000001e00fa4d700,
0x000001e011c320e0, 0x000001e011c17980, 0x000001e0122dec70, 0x000001e010cd28e0,
0x000001e01017f240, 0x000001e010180a50, 0x000001e0101818c0, 0x000001e010182730,
0x000001e01017ed70, 0x000001e014fcc6e0, 0x000001e014fcbd40, 0x000001e014fcc210,
0x000001e014fce890, 0x000001e014fcf230, 0x000001e015c1a180, 0x000001e015c1aff0,
0x000001e015c17fd0, 0x000001e01487fe60, 0x000001e01487ac90, 0x000001e014880330,
0x000001e01487a7c0, 0x000001e015c58b60, 0x000001e015c581c0, 0x000001e015c5d390,
0x000001e015c599d0, 0x000001e015c5dd30, 0x000001e015c5e6d0, 0x000001e01b746850,
0x000001e00ff64e90, 0x000001e01b9eaa00, 0x000001e014dd6700, 0x000001e019561bc0,
0x000001e019563d70, 0x000001e019539960, 0x000001e01953a300, 0x000001e020b55130,
0x000001e018be8070, 0x000001e018be6390, 0x000001e01cc6a7c0, 0x000001e00fdd10c0,
0x000001e00fdcfd80, 0x000001e0191635b0, 0x000001e019161da0, 0x000001e018be5520,
0x000001e018be8a10, 0x000001e018be76d0, 0x000001e018be6860, 0x000001e018be8540,
0x000001e018be5050, 0x000001e018be59f0, 0x000001e018be6d30, 0x000001e018be5ec0,
0x000001e018be7200, 0x000001e018be7ba0, 0x000001e01205bfd0, 0x000001e01205d7e0,
0x000001e01205e650, 0x000001e01205eb20, 0x000001e01205ce40, 0x000001e01205c4a0,
0x000001e01205eff0, 0x000001e01895c700, 0x000001e01895a550, 0x000001e01895b3c0,
0x000001e018959bb0, 0x000001e01895cbd0, 0x000001e01895aef0, 0x000001e01895b890,
0x000001e01895d0a0, 0x000001e01895bd60, 0x000001e01895c230, 0x000001e01895d570,
0x000001e01895a080, 0x000001e01895aa20, 0x000001e020acf9b0, 0x000001e020aceb40,
0x000001e00fdd1590, 0x000001e00fdd0720, 0x000001e020acf010, 0x000001e020acf4e0,
0x000001e020acfe80, 0x000001e020ad0820, 0x000001e020ad0350, 0x000001e020ad0cf0,
0x000001e020ad11c0, 0x000001e020acd800, 0x000001e020acdcd0, 0x000001e020ace1a0,
0x000001e00fdcf8b0, 0x000001e00fdcdbd0, 0x000001e00fdce0a0, 0x000001e020ace670,
0x000001e0262b3e60, 0x000001e0262b4800, 0x000001e0262b69b0, 0x000001e0262b64e0,
0x000001e0262b6e80, 0x000001e0262b7820, 0x000001e0262b4cd0, 0x000001e0262b51a0,
0x000001e0262b5670, 0x000001e0262b7350, 0x000001e0262b4330, 0x000001e0262b5b40,
0x000001e0262b6010, 0x000001e01d7b4530, 0x000001e01d7b4ed0, 0x000001e01d7b5870,
0x000001e01d7b4060, 0x000001e01d7b4a00, 0x000001e01d7b53a0, 0x000001e0235e8ff0,
0x000001e0235e8650, 0x000001e0235e8180, 0x000001e0235e8b20, 0x000001e0235e94c0,
0x000001e0235e9990, 0x000001e0148f6bb0, 0x000001e0148f7080, 0x000001e0148f4a00,
0x000001e0148f66e0, 0x000001e0148f4530, 0x000001e0148f6210, 0x000001e0148f7550,
0x000001e0148f5d40, 0x000001e0148f7a20, 0x000001e0148f4ed0, 0x000001e0148f4060,
0x000001e0148f53a0, 0x000001e0148f5870, 0x000001e01b2ab5c0, 0x000001e01b2aa280,
0x000001e01b2a9410, 0x000001e01b2a8a70, 0x000001e01b2a8f40, 0x000001e01b2a9db0,
0x000001e01b2a80d0, 0x000001e01b2a98e0, 0x000001e01b2aac20, 0x000001e01b2aa750,
0x000001e01b2a7c00, 0x000001e01b2a85a0, 0x000001e01b2ab0f0, 0x000001e015b87080,
0x000001e015b87550, 0x000001e015b883c0, 0x000001e015b88890, 0x000001e015b8aa40,
0x000001e015b89bd0, 0x000001e015b88d60, 0x000001e015b87ef0, 0x000001e015b87a20,
0x000001e015b8a0a0, 0x000001e015b89700, 0x000001e015b89230, 0x000001e015b8a570,
0x000001e01953f330, 0x000001e019540b40, 0x000001e01953c310, 0x000001e01953f800,
0x000001e01953b970, 0x000001e01953fcd0, 0x000001e0195401a0, 0x000001e01953d650,
0x000001e0195414e0, 0x000001e01953ee60, 0x000001e0195419b0, 0x000001e019540670,
0x000001e013c8e1f0, 0x000001e013c8c040, 0x000001e013c8e6c0, 0x000001e013c8d380,
0x000001e00fdcef10, 0x000001e016a3ecb0, 0x000001e016a3f180, 0x000001e00ff61e70,
0x000001e00ff62ce0, 0x000001e00ff65360, 0x000001e00ff63680, 0x000001e00ff63b50,
0x000001e00ff64020, 0x000001e00ff649c0, 0x000001e018d05060, 0x000001e018d05530,
0x000001e018d05ed0, 0x000001e018d06870, 0x000001e018d05a00, 0x000001e018d063a0,
0x000001e019541010, 0x000001e01b7459e0, 0x000001e020b54790, 0x000001e014dd7f10,
0x000001e0194cd3d0, 0x000001e01bfa9a60, 0x000001e01bfa8bf0, 0x000001e01bfaa400,
0x000001e01bfa73e0, 0x000001e01bfa90c0, 0x000001e01bfa8720, 0x000001e01cc6b160,
0x000001e013c8eb90, 0x000001e01bbc4b10, 0x000001e01bfaa8d0, 0x000001e02715f400,
0x000001e0271615b0, 0x000001e020cab640, 0x000001e020caa7d0, 0x000001e014dd8d80,
0x000001e014dd5890, 0x000001e013c8b6a0, 0x000001e013c8dd20, 0x000001e020b56940,
0x000001e020b56e10, 0x000001e020b572e0, 0x000001e014dd5d60, 0x000001e01b745eb0,
0x000001e013c8b1d0, 0x000001e01d3fea50, 0x000001e013c8d850, 0x000001e01d0e7e70,
0x000001e013c8c9e0, 0x000001e014dd6230, 0x000001e015c17160, 0x000001e015c184a0,
0x000001e01d0e9b50, 0x000001e019162c10
}

Java Threads: ( => current thread )
  0x000001e075ef4d20 JavaThread "main" [_thread_blocked, id=20632, stack(0x00000031f4b00000,0x00000031f4c00000)]
  0x000001e00f862f30 JavaThread "Reference Handler" daemon [_thread_blocked, id=5444, stack(0x00000031f5200000,0x00000031f5300000)]
  0x000001e00f863cb0 JavaThread "Finalizer" daemon [_thread_blocked, id=25568, stack(0x00000031f5300000,0x00000031f5400000)]
  0x000001e00f8928d0 JavaThread "Signal Dispatcher" daemon [_thread_blocked, id=9952, stack(0x00000031f5400000,0x00000031f5500000)]
  0x000001e00f8963b0 JavaThread "Attach Listener" daemon [_thread_blocked, id=43544, stack(0x00000031f5500000,0x00000031f5600000)]
  0x000001e00f896c70 JavaThread "Service Thread" daemon [_thread_blocked, id=38828, stack(0x00000031f5600000,0x00000031f5700000)]
  0x000001e00f897530 JavaThread "Monitor Deflation Thread" daemon [_thread_blocked, id=27200, stack(0x00000031f5700000,0x00000031f5800000)]
  0x000001e00f898120 JavaThread "C2 CompilerThread0" daemon [_thread_blocked, id=32496, stack(0x00000031f5800000,0x00000031f5900000)]
  0x000001e00f8b7310 JavaThread "C1 CompilerThread0" daemon [_thread_blocked, id=13564, stack(0x00000031f5900000,0x00000031f5a00000)]
  0x000001e00f8bc030 JavaThread "Sweeper thread" daemon [_thread_blocked, id=43100, stack(0x00000031f5a00000,0x00000031f5b00000)]
  0x000001e00fa42b70 JavaThread "Common-Cleaner" daemon [_thread_blocked, id=41492, stack(0x00000031f5b00000,0x00000031f5c00000)]
  0x000001e00fa4d700 JavaThread "Notification Thread" daemon [_thread_blocked, id=35696, stack(0x00000031f5c00000,0x00000031f5d00000)]
  0x000001e011c320e0 JavaThread "Daemon health stats" [_thread_blocked, id=31632, stack(0x00000031f6500000,0x00000031f6600000)]
  0x000001e011c17980 JavaThread "Incoming local TCP Connector on port 4641" [_thread_in_native, id=23772, stack(0x00000031f6600000,0x00000031f6700000)]
  0x000001e0122dec70 JavaThread "Daemon periodic checks" [_thread_blocked, id=7184, stack(0x00000031f6700000,0x00000031f6800000)]
  0x000001e010cd28e0 JavaThread "Daemon" [_thread_blocked, id=12712, stack(0x00000031f6800000,0x00000031f6900000)]
  0x000001e01017f240 JavaThread "Daemon worker" [_thread_blocked, id=17416, stack(0x00000031f6b00000,0x00000031f6c00000)]
  0x000001e010180a50 JavaThread "Cache worker for journal cache (C:\Users\M.Joha\.gradle\native\gradle-8.0\caches\journal-1)" [_thread_blocked, id=23320, stack(0x00000031f6f00000,0x00000031f7000000)]
  0x000001e0101818c0 JavaThread "File lock request listener" [_thread_in_native, id=33236, stack(0x00000031f7000000,0x00000031f7100000)]
  0x000001e010182730 JavaThread "Cache worker for file hash cache (C:\Users\M.Joha\.gradle\native\gradle-8.0\caches\7.4.2\fileHashes)" [_thread_blocked, id=7520, stack(0x00000031f7700000,0x00000031f7800000)]
  0x000001e01017ed70 JavaThread "File watcher server" daemon [_thread_blocked, id=8624, stack(0x00000031f7800000,0x00000031f7900000)]
  0x000001e014fcc6e0 JavaThread "File watcher consumer" daemon [_thread_blocked, id=13528, stack(0x00000031f7900000,0x00000031f7a00000)]
  0x000001e014fcbd40 JavaThread "Cache worker for execution history cache (C:\Users\M.Joha\.gradle\native\gradle-8.0\caches\7.4.2\executionHistory)" [_thread_blocked, id=30816, stack(0x00000031f7e00000,0x00000031f7f00000)]
  0x000001e014fcc210 JavaThread "jar transforms" [_thread_blocked, id=13060, stack(0x00000031f7f00000,0x00000031f8000000)]
  0x000001e014fce890 JavaThread "jar transforms Thread 2" [_thread_blocked, id=39152, stack(0x00000031f8000000,0x00000031f8100000)]
  0x000001e014fcf230 JavaThread "Cache worker for file content cache (C:\Users\M.Joha\.gradle\native\gradle-8.0\caches\7.4.2\fileContent)" [_thread_blocked, id=10136, stack(0x00000031f8100000,0x00000031f8200000)]
  0x000001e015c1a180 JavaThread "jar transforms Thread 3" [_thread_blocked, id=38976, stack(0x00000031f8200000,0x00000031f8300000)]
  0x000001e015c1aff0 JavaThread "jar transforms Thread 4" [_thread_blocked, id=25192, stack(0x00000031f8300000,0x00000031f8400000)]
  0x000001e015c17fd0 JavaThread "jar transforms Thread 5" [_thread_blocked, id=21932, stack(0x00000031f8500000,0x00000031f8600000)]
  0x000001e01487fe60 JavaThread "jar transforms Thread 6" [_thread_blocked, id=2956, stack(0x00000031fff00000,0x0000003200000000)]
  0x000001e01487ac90 JavaThread "jar transforms Thread 7" [_thread_blocked, id=34880, stack(0x0000003180000000,0x0000003180100000)]
  0x000001e014880330 JavaThread "jar transforms Thread 8" [_thread_blocked, id=43200, stack(0x0000003180100000,0x0000003180200000)]
  0x000001e01487a7c0 JavaThread "jar transforms Thread 9" [_thread_blocked, id=39028, stack(0x0000003180200000,0x0000003180300000)]
  0x000001e015c58b60 JavaThread "jar transforms Thread 10" [_thread_blocked, id=37884, stack(0x0000003180300000,0x0000003180400000)]
  0x000001e015c581c0 JavaThread "jar transforms Thread 11" [_thread_blocked, id=23604, stack(0x0000003180400000,0x0000003180500000)]
  0x000001e015c5d390 JavaThread "jar transforms Thread 12" [_thread_blocked, id=33932, stack(0x0000003180500000,0x0000003180600000)]
  0x000001e015c599d0 JavaThread "Memory manager" [_thread_blocked, id=27024, stack(0x0000003180700000,0x0000003180800000)]
  0x000001e015c5dd30 JavaThread "pool-3-thread-1" [_thread_blocked, id=15568, stack(0x0000003180b00000,0x0000003180c00000)]
  0x000001e015c5e6d0 JavaThread "included builds" [_thread_blocked, id=35744, stack(0x0000003180d00000,0x0000003180e00000)]
  0x000001e01b746850 JavaThread "Java2D Disposer" daemon [_thread_blocked, id=36464, stack(0x0000003182e00000,0x0000003182f00000)]
  0x000001e00ff64e90 JavaThread "AWT-Windows" daemon [_thread_in_native, id=42736, stack(0x0000003183000000,0x0000003183100000)]
  0x000001e01b9eaa00 JavaThread "RMI Scheduler(0)" daemon [_thread_blocked, id=42764, stack(0x0000003183100000,0x0000003183200000)]
  0x000001e014dd6700 JavaThread "RMI GC Daemon" daemon [_thread_blocked, id=32196, stack(0x0000003183600000,0x0000003183700000)]
  0x000001e019561bc0 JavaThread "RMI TCP Accept-0" daemon [_thread_in_native, id=11748, stack(0x0000003183700000,0x0000003183800000)]
  0x000001e019563d70 JavaThread "RMI Reaper" [_thread_blocked, id=23208, stack(0x0000003183800000,0x0000003183900000)]
  0x000001e019539960 JavaThread "RMI TCP Connection(idle)" daemon [_thread_blocked, id=7596, stack(0x0000003183200000,0x0000003183300000)]
  0x000001e01953a300 JavaThread "RMI TCP Connection(idle)" daemon [_thread_blocked, id=20928, stack(0x0000003183900000,0x0000003183a00000)]
  0x000001e020b55130 JavaThread "Cache worker for Java compile cache (C:\Users\M.Joha\.gradle\native\gradle-8.0\caches\7.4.2\javaCompile)" [_thread_blocked, id=35580, stack(0x0000003181a00000,0x0000003181b00000)]
  0x000001e018be8070 JavaThread "pool-7-thread-1" [_thread_blocked, id=38660, stack(0x000000318a200000,0x000000318a300000)]
  0x000001e018be6390 JavaThread "included builds" [_thread_blocked, id=38808, stack(0x000000318a400000,0x000000318a500000)]
  0x000001e01cc6a7c0 JavaThread "Exec process Thread 4" [_thread_blocked, id=37656, stack(0x000000318b100000,0x000000318b200000)]
  0x000001e00fdd10c0 JavaThread "Exec process Thread 5" [_thread_blocked, id=12224, stack(0x000000318b200000,0x000000318b300000)]
  0x000001e00fdcfd80 JavaThread "Exec process Thread 6" [_thread_blocked, id=42004, stack(0x000000318b300000,0x000000318b400000)]
  0x000001e0191635b0 JavaThread "Handler for socket connection from /127.0.0.1:4641 to /127.0.0.1:4869" [_thread_in_native, id=964, stack(0x0000003180800000,0x0000003180900000)]
  0x000001e019161da0 JavaThread "Cancel handler" [_thread_blocked, id=27484, stack(0x0000003180a00000,0x0000003180b00000)]
  0x000001e018be5520 JavaThread "Asynchronous log dispatcher for DefaultDaemonConnection: socket connection from /127.0.0.1:4641 to /127.0.0.1:4869" [_thread_blocked, id=22192, stack(0x0000003180c00000,0x0000003180d00000)]
  0x000001e018be8a10 JavaThread "Stdin handler" [_thread_blocked, id=41128, stack(0x0000003180e00000,0x0000003180f00000)]
  0x000001e018be76d0 JavaThread "Daemon client event forwarder" [_thread_blocked, id=31976, stack(0x0000003180f00000,0x0000003181000000)]
  0x000001e018be6860 JavaThread "Cache worker for checksums cache (C:\Users\M.Joha\Desktop\BBarka\albaraka-android\.gradle\7.4.2\checksums)" [_thread_blocked, id=16536, stack(0x0000003181000000,0x0000003181100000)]
  0x000001e018be8540 JavaThread "Cache worker for cache directory md-rule (C:\Users\M.Joha\.gradle\native\gradle-8.0\caches\7.4.2\md-rule)" [_thread_blocked, id=12744, stack(0x0000003181100000,0x0000003181200000)]
  0x000001e018be5050 JavaThread "Cache worker for file hash cache (C:\Users\M.Joha\Desktop\BBarka\albaraka-android\.gradle\7.4.2\fileHashes)" [_thread_blocked, id=31072, stack(0x0000003181200000,0x0000003181300000)]
  0x000001e018be59f0 JavaThread "Cache worker for cache directory md-supplier (C:\Users\M.Joha\.gradle\native\gradle-8.0\caches\7.4.2\md-supplier)" [_thread_blocked, id=8472, stack(0x0000003181300000,0x0000003181400000)]
  0x000001e018be6d30 JavaThread "Cache worker for dependencies-accessors (C:\Users\M.Joha\Desktop\BBarka\albaraka-android\.gradle\7.4.2\dependencies-accessors)" [_thread_blocked, id=28904, stack(0x0000003181400000,0x0000003181500000)]
  0x000001e018be5ec0 JavaThread "Cache worker for Build Output Cleanup Cache (C:\Users\M.Joha\Desktop\BBarka\albaraka-android\.gradle\buildOutputCleanup)" [_thread_blocked, id=42280, stack(0x0000003181500000,0x0000003181600000)]
  0x000001e018be7200 JavaThread "Unconstrained build operations" [_thread_blocked, id=27292, stack(0x0000003181600000,0x0000003181700000)]
  0x000001e018be7ba0 JavaThread "Unconstrained build operations Thread 2" [_thread_blocked, id=17548, stack(0x0000003181700000,0x0000003181800000)]
  0x000001e01205bfd0 JavaThread "Unconstrained build operations Thread 3" [_thread_blocked, id=37044, stack(0x0000003181800000,0x0000003181900000)]
  0x000001e01205d7e0 JavaThread "Unconstrained build operations Thread 4" [_thread_blocked, id=33848, stack(0x0000003181900000,0x0000003181a00000)]
  0x000001e01205e650 JavaThread "Unconstrained build operations Thread 5" [_thread_blocked, id=21080, stack(0x0000003182200000,0x0000003182300000)]
  0x000001e01205eb20 JavaThread "Unconstrained build operations Thread 6" [_thread_blocked, id=22920, stack(0x0000003182300000,0x0000003182400000)]
  0x000001e01205ce40 JavaThread "Unconstrained build operations Thread 7" [_thread_blocked, id=36872, stack(0x0000003182400000,0x0000003182500000)]
  0x000001e01205c4a0 JavaThread "Unconstrained build operations Thread 8" [_thread_blocked, id=38796, stack(0x0000003182500000,0x0000003182600000)]
  0x000001e01205eff0 JavaThread "Unconstrained build operations Thread 9" [_thread_blocked, id=32776, stack(0x0000003182600000,0x0000003182700000)]
  0x000001e01895c700 JavaThread "Unconstrained build operations Thread 10" [_thread_blocked, id=10680, stack(0x0000003182700000,0x0000003182800000)]
  0x000001e01895a550 JavaThread "Unconstrained build operations Thread 11" [_thread_blocked, id=27064, stack(0x0000003182800000,0x0000003182900000)]
  0x000001e01895b3c0 JavaThread "Unconstrained build operations Thread 12" [_thread_blocked, id=33604, stack(0x0000003182900000,0x0000003182a00000)]
  0x000001e018959bb0 JavaThread "Unconstrained build operations Thread 13" [_thread_blocked, id=32924, stack(0x0000003182a00000,0x0000003182b00000)]
  0x000001e01895cbd0 JavaThread "Unconstrained build operations Thread 14" [_thread_blocked, id=37644, stack(0x0000003182b00000,0x0000003182c00000)]
  0x000001e01895aef0 JavaThread "Unconstrained build operations Thread 15" [_thread_blocked, id=14164, stack(0x0000003182c00000,0x0000003182d00000)]
  0x000001e01895b890 JavaThread "Unconstrained build operations Thread 16" [_thread_blocked, id=25380, stack(0x0000003182d00000,0x0000003182e00000)]
  0x000001e01895d0a0 JavaThread "Unconstrained build operations Thread 17" [_thread_blocked, id=16140, stack(0x0000003182f00000,0x0000003183000000)]
  0x000001e01895bd60 JavaThread "Unconstrained build operations Thread 18" [_thread_blocked, id=27196, stack(0x0000003183300000,0x0000003183400000)]
  0x000001e01895c230 JavaThread "Unconstrained build operations Thread 19" [_thread_blocked, id=43732, stack(0x0000003183400000,0x0000003183500000)]
  0x000001e01895d570 JavaThread "Unconstrained build operations Thread 20" [_thread_blocked, id=25512, stack(0x0000003183a00000,0x0000003183b00000)]
  0x000001e01895a080 JavaThread "Unconstrained build operations Thread 21" [_thread_blocked, id=38496, stack(0x0000003183b00000,0x0000003183c00000)]
  0x000001e01895aa20 JavaThread "Unconstrained build operations Thread 22" [_thread_blocked, id=26592, stack(0x0000003183c00000,0x0000003183d00000)]
  0x000001e020acf9b0 JavaThread "Unconstrained build operations Thread 23" [_thread_blocked, id=29880, stack(0x0000003183d00000,0x0000003183e00000)]
  0x000001e020aceb40 JavaThread "Unconstrained build operations Thread 24" [_thread_blocked, id=23268, stack(0x0000003183e00000,0x0000003183f00000)]
  0x000001e00fdd1590 JavaThread "Unconstrained build operations Thread 25" [_thread_blocked, id=16156, stack(0x0000003183f00000,0x0000003184000000)]
  0x000001e00fdd0720 JavaThread "Unconstrained build operations Thread 26" [_thread_blocked, id=6648, stack(0x0000003184000000,0x0000003184100000)]
  0x000001e020acf010 JavaThread "Unconstrained build operations Thread 27" [_thread_blocked, id=24312, stack(0x0000003184200000,0x0000003184300000)]
  0x000001e020acf4e0 JavaThread "Unconstrained build operations Thread 28" [_thread_blocked, id=14964, stack(0x0000003184300000,0x0000003184400000)]
  0x000001e020acfe80 JavaThread "Unconstrained build operations Thread 29" [_thread_blocked, id=18888, stack(0x0000003184400000,0x0000003184500000)]
  0x000001e020ad0820 JavaThread "Unconstrained build operations Thread 30" [_thread_blocked, id=30756, stack(0x0000003184500000,0x0000003184600000)]
  0x000001e020ad0350 JavaThread "Unconstrained build operations Thread 31" [_thread_blocked, id=17216, stack(0x0000003184600000,0x0000003184700000)]
  0x000001e020ad0cf0 JavaThread "Unconstrained build operations Thread 32" [_thread_blocked, id=34476, stack(0x0000003184700000,0x0000003184800000)]
  0x000001e020ad11c0 JavaThread "Unconstrained build operations Thread 33" [_thread_blocked, id=15148, stack(0x0000003184800000,0x0000003184900000)]
  0x000001e020acd800 JavaThread "Unconstrained build operations Thread 34" [_thread_blocked, id=8476, stack(0x0000003184900000,0x0000003184a00000)]
  0x000001e020acdcd0 JavaThread "Unconstrained build operations Thread 35" [_thread_blocked, id=41360, stack(0x0000003184a00000,0x0000003184b00000)]
  0x000001e020ace1a0 JavaThread "Unconstrained build operations Thread 36" [_thread_blocked, id=13824, stack(0x0000003184b00000,0x0000003184c00000)]
  0x000001e00fdcf8b0 JavaThread "Unconstrained build operations Thread 37" [_thread_blocked, id=2516, stack(0x0000003184c00000,0x0000003184d00000)]
  0x000001e00fdcdbd0 JavaThread "Unconstrained build operations Thread 38" [_thread_blocked, id=18180, stack(0x0000003184d00000,0x0000003184e00000)]
  0x000001e00fdce0a0 JavaThread "Unconstrained build operations Thread 39" [_thread_blocked, id=22452, stack(0x0000003184e00000,0x0000003184f00000)]
  0x000001e020ace670 JavaThread "Unconstrained build operations Thread 40" [_thread_blocked, id=27072, stack(0x0000003184f00000,0x0000003185000000)]
  0x000001e0262b3e60 JavaThread "Unconstrained build operations Thread 41" [_thread_blocked, id=21492, stack(0x0000003185000000,0x0000003185100000)]
  0x000001e0262b4800 JavaThread "Unconstrained build operations Thread 42" [_thread_blocked, id=41508, stack(0x0000003185100000,0x0000003185200000)]
  0x000001e0262b69b0 JavaThread "Unconstrained build operations Thread 43" [_thread_blocked, id=28976, stack(0x0000003185200000,0x0000003185300000)]
  0x000001e0262b64e0 JavaThread "Unconstrained build operations Thread 44" [_thread_blocked, id=8276, stack(0x0000003185300000,0x0000003185400000)]
  0x000001e0262b6e80 JavaThread "Unconstrained build operations Thread 45" [_thread_blocked, id=43316, stack(0x0000003185400000,0x0000003185500000)]
  0x000001e0262b7820 JavaThread "Unconstrained build operations Thread 46" [_thread_blocked, id=23620, stack(0x0000003185500000,0x0000003185600000)]
  0x000001e0262b4cd0 JavaThread "Unconstrained build operations Thread 47" [_thread_blocked, id=1376, stack(0x0000003185600000,0x0000003185700000)]
  0x000001e0262b51a0 JavaThread "Unconstrained build operations Thread 48" [_thread_blocked, id=10804, stack(0x0000003185700000,0x0000003185800000)]
  0x000001e0262b5670 JavaThread "Unconstrained build operations Thread 49" [_thread_blocked, id=27900, stack(0x0000003185800000,0x0000003185900000)]
  0x000001e0262b7350 JavaThread "Unconstrained build operations Thread 50" [_thread_blocked, id=15672, stack(0x0000003185900000,0x0000003185a00000)]
  0x000001e0262b4330 JavaThread "Unconstrained build operations Thread 51" [_thread_blocked, id=36716, stack(0x0000003185a00000,0x0000003185b00000)]
  0x000001e0262b5b40 JavaThread "Unconstrained build operations Thread 52" [_thread_blocked, id=36848, stack(0x0000003185b00000,0x0000003185c00000)]
  0x000001e0262b6010 JavaThread "Unconstrained build operations Thread 53" [_thread_blocked, id=16628, stack(0x0000003185c00000,0x0000003185d00000)]
  0x000001e01d7b4530 JavaThread "Unconstrained build operations Thread 54" [_thread_blocked, id=33376, stack(0x0000003185d00000,0x0000003185e00000)]
  0x000001e01d7b4ed0 JavaThread "Unconstrained build operations Thread 55" [_thread_blocked, id=40896, stack(0x0000003185e00000,0x0000003185f00000)]
  0x000001e01d7b5870 JavaThread "Unconstrained build operations Thread 56" [_thread_blocked, id=38644, stack(0x0000003185f00000,0x0000003186000000)]
  0x000001e01d7b4060 JavaThread "Unconstrained build operations Thread 57" [_thread_blocked, id=35004, stack(0x0000003186000000,0x0000003186100000)]
  0x000001e01d7b4a00 JavaThread "Unconstrained build operations Thread 58" [_thread_blocked, id=9380, stack(0x0000003186100000,0x0000003186200000)]
  0x000001e01d7b53a0 JavaThread "Unconstrained build operations Thread 59" [_thread_blocked, id=8336, stack(0x0000003186200000,0x0000003186300000)]
  0x000001e0235e8ff0 JavaThread "Unconstrained build operations Thread 60" [_thread_blocked, id=33768, stack(0x0000003186300000,0x0000003186400000)]
  0x000001e0235e8650 JavaThread "Unconstrained build operations Thread 61" [_thread_blocked, id=36912, stack(0x0000003186400000,0x0000003186500000)]
  0x000001e0235e8180 JavaThread "Unconstrained build operations Thread 62" [_thread_blocked, id=15536, stack(0x0000003186500000,0x0000003186600000)]
  0x000001e0235e8b20 JavaThread "Unconstrained build operations Thread 63" [_thread_blocked, id=24880, stack(0x0000003186600000,0x0000003186700000)]
  0x000001e0235e94c0 JavaThread "Unconstrained build operations Thread 64" [_thread_blocked, id=40276, stack(0x0000003186700000,0x0000003186800000)]
  0x000001e0235e9990 JavaThread "Unconstrained build operations Thread 65" [_thread_blocked, id=40752, stack(0x0000003186800000,0x0000003186900000)]
  0x000001e0148f6bb0 JavaThread "Unconstrained build operations Thread 66" [_thread_blocked, id=22772, stack(0x0000003186900000,0x0000003186a00000)]
  0x000001e0148f7080 JavaThread "Unconstrained build operations Thread 67" [_thread_blocked, id=22432, stack(0x0000003186a00000,0x0000003186b00000)]
  0x000001e0148f4a00 JavaThread "Unconstrained build operations Thread 68" [_thread_blocked, id=6676, stack(0x0000003186b00000,0x0000003186c00000)]
  0x000001e0148f66e0 JavaThread "Unconstrained build operations Thread 69" [_thread_blocked, id=33188, stack(0x0000003186c00000,0x0000003186d00000)]
  0x000001e0148f4530 JavaThread "Unconstrained build operations Thread 70" [_thread_blocked, id=33760, stack(0x0000003186d00000,0x0000003186e00000)]
  0x000001e0148f6210 JavaThread "Unconstrained build operations Thread 71" [_thread_blocked, id=34764, stack(0x0000003186e00000,0x0000003186f00000)]
  0x000001e0148f7550 JavaThread "Unconstrained build operations Thread 72" [_thread_blocked, id=41464, stack(0x0000003186f00000,0x0000003187000000)]
  0x000001e0148f5d40 JavaThread "Unconstrained build operations Thread 73" [_thread_blocked, id=37300, stack(0x0000003187000000,0x0000003187100000)]
  0x000001e0148f7a20 JavaThread "Unconstrained build operations Thread 74" [_thread_blocked, id=21656, stack(0x0000003187100000,0x0000003187200000)]
  0x000001e0148f4ed0 JavaThread "Unconstrained build operations Thread 75" [_thread_blocked, id=15152, stack(0x0000003187200000,0x0000003187300000)]
  0x000001e0148f4060 JavaThread "Unconstrained build operations Thread 76" [_thread_blocked, id=12196, stack(0x0000003187300000,0x0000003187400000)]
  0x000001e0148f53a0 JavaThread "Unconstrained build operations Thread 77" [_thread_blocked, id=17916, stack(0x0000003187400000,0x0000003187500000)]
  0x000001e0148f5870 JavaThread "Unconstrained build operations Thread 78" [_thread_blocked, id=30888, stack(0x0000003187500000,0x0000003187600000)]
  0x000001e01b2ab5c0 JavaThread "Unconstrained build operations Thread 79" [_thread_blocked, id=27060, stack(0x0000003187600000,0x0000003187700000)]
  0x000001e01b2aa280 JavaThread "Unconstrained build operations Thread 80" [_thread_blocked, id=36704, stack(0x0000003187700000,0x0000003187800000)]
  0x000001e01b2a9410 JavaThread "Unconstrained build operations Thread 81" [_thread_blocked, id=24492, stack(0x0000003187800000,0x0000003187900000)]
  0x000001e01b2a8a70 JavaThread "Unconstrained build operations Thread 82" [_thread_blocked, id=33116, stack(0x0000003187900000,0x0000003187a00000)]
  0x000001e01b2a8f40 JavaThread "Unconstrained build operations Thread 83" [_thread_blocked, id=13724, stack(0x0000003187a00000,0x0000003187b00000)]
  0x000001e01b2a9db0 JavaThread "Unconstrained build operations Thread 84" [_thread_blocked, id=35340, stack(0x0000003187b00000,0x0000003187c00000)]
  0x000001e01b2a80d0 JavaThread "Unconstrained build operations Thread 85" [_thread_blocked, id=30400, stack(0x0000003187c00000,0x0000003187d00000)]
  0x000001e01b2a98e0 JavaThread "Unconstrained build operations Thread 86" [_thread_blocked, id=38964, stack(0x0000003187d00000,0x0000003187e00000)]
  0x000001e01b2aac20 JavaThread "Unconstrained build operations Thread 87" [_thread_blocked, id=27628, stack(0x0000003187e00000,0x0000003187f00000)]
  0x000001e01b2aa750 JavaThread "Unconstrained build operations Thread 88" [_thread_blocked, id=24888, stack(0x0000003187f00000,0x0000003188000000)]
  0x000001e01b2a7c00 JavaThread "Unconstrained build operations Thread 89" [_thread_blocked, id=24644, stack(0x0000003188000000,0x0000003188100000)]
  0x000001e01b2a85a0 JavaThread "Unconstrained build operations Thread 90" [_thread_blocked, id=5036, stack(0x0000003188100000,0x0000003188200000)]
  0x000001e01b2ab0f0 JavaThread "Unconstrained build operations Thread 91" [_thread_blocked, id=17268, stack(0x0000003188200000,0x0000003188300000)]
  0x000001e015b87080 JavaThread "Unconstrained build operations Thread 92" [_thread_blocked, id=5128, stack(0x0000003188300000,0x0000003188400000)]
  0x000001e015b87550 JavaThread "Unconstrained build operations Thread 93" [_thread_blocked, id=39768, stack(0x0000003188400000,0x0000003188500000)]
  0x000001e015b883c0 JavaThread "Unconstrained build operations Thread 94" [_thread_blocked, id=35160, stack(0x0000003188500000,0x0000003188600000)]
  0x000001e015b88890 JavaThread "Unconstrained build operations Thread 95" [_thread_blocked, id=33584, stack(0x0000003188600000,0x0000003188700000)]
  0x000001e015b8aa40 JavaThread "Unconstrained build operations Thread 96" [_thread_blocked, id=16980, stack(0x0000003188700000,0x0000003188800000)]
  0x000001e015b89bd0 JavaThread "Unconstrained build operations Thread 97" [_thread_blocked, id=18760, stack(0x0000003188800000,0x0000003188900000)]
  0x000001e015b88d60 JavaThread "Unconstrained build operations Thread 98" [_thread_blocked, id=15688, stack(0x0000003188900000,0x0000003188a00000)]
  0x000001e015b87ef0 JavaThread "Unconstrained build operations Thread 99" [_thread_blocked, id=928, stack(0x0000003188a00000,0x0000003188b00000)]
  0x000001e015b87a20 JavaThread "Unconstrained build operations Thread 100" [_thread_blocked, id=35008, stack(0x0000003188b00000,0x0000003188c00000)]
  0x000001e015b8a0a0 JavaThread "Unconstrained build operations Thread 101" [_thread_blocked, id=38048, stack(0x0000003188c00000,0x0000003188d00000)]
  0x000001e015b89700 JavaThread "Unconstrained build operations Thread 102" [_thread_blocked, id=38848, stack(0x0000003188d00000,0x0000003188e00000)]
  0x000001e015b89230 JavaThread "Unconstrained build operations Thread 103" [_thread_blocked, id=11004, stack(0x0000003188e00000,0x0000003188f00000)]
  0x000001e015b8a570 JavaThread "Unconstrained build operations Thread 104" [_thread_blocked, id=13520, stack(0x0000003188f00000,0x0000003189000000)]
  0x000001e01953f330 JavaThread "Unconstrained build operations Thread 105" [_thread_blocked, id=35332, stack(0x0000003189000000,0x0000003189100000)]
  0x000001e019540b40 JavaThread "Unconstrained build operations Thread 106" [_thread_blocked, id=41076, stack(0x0000003189100000,0x0000003189200000)]
  0x000001e01953c310 JavaThread "Unconstrained build operations Thread 107" [_thread_blocked, id=33320, stack(0x0000003189200000,0x0000003189300000)]
  0x000001e01953f800 JavaThread "Unconstrained build operations Thread 108" [_thread_blocked, id=41296, stack(0x0000003189300000,0x0000003189400000)]
  0x000001e01953b970 JavaThread "Unconstrained build operations Thread 109" [_thread_blocked, id=17364, stack(0x0000003189400000,0x0000003189500000)]
  0x000001e01953fcd0 JavaThread "Unconstrained build operations Thread 110" [_thread_blocked, id=41188, stack(0x0000003189500000,0x0000003189600000)]
  0x000001e0195401a0 JavaThread "Unconstrained build operations Thread 111" [_thread_blocked, id=19736, stack(0x0000003189600000,0x0000003189700000)]
  0x000001e01953d650 JavaThread "Unconstrained build operations Thread 112" [_thread_blocked, id=8204, stack(0x0000003189700000,0x0000003189800000)]
  0x000001e0195414e0 JavaThread "Unconstrained build operations Thread 113" [_thread_blocked, id=36120, stack(0x0000003189800000,0x0000003189900000)]
  0x000001e01953ee60 JavaThread "Unconstrained build operations Thread 114" [_thread_blocked, id=38428, stack(0x0000003189900000,0x0000003189a00000)]
  0x000001e0195419b0 JavaThread "Unconstrained build operations Thread 115" [_thread_blocked, id=12220, stack(0x0000003189a00000,0x0000003189b00000)]
  0x000001e019540670 JavaThread "Unconstrained build operations Thread 116" [_thread_blocked, id=36796, stack(0x0000003189b00000,0x0000003189c00000)]
  0x000001e013c8e1f0 JavaThread "Unconstrained build operations Thread 117" [_thread_blocked, id=22328, stack(0x0000003189c00000,0x0000003189d00000)]
  0x000001e013c8c040 JavaThread "Unconstrained build operations Thread 118" [_thread_blocked, id=30032, stack(0x0000003189d00000,0x0000003189e00000)]
  0x000001e013c8e6c0 JavaThread "Unconstrained build operations Thread 119" [_thread_blocked, id=40548, stack(0x0000003189e00000,0x0000003189f00000)]
  0x000001e013c8d380 JavaThread "Unconstrained build operations Thread 120" [_thread_blocked, id=13812, stack(0x0000003189f00000,0x000000318a000000)]
  0x000001e00fdcef10 JavaThread "build event listener" [_thread_blocked, id=15168, stack(0x000000318a000000,0x000000318a100000)]
  0x000001e016a3ecb0 JavaThread "build event listener" [_thread_blocked, id=3400, stack(0x000000318a100000,0x000000318a200000)]
  0x000001e016a3f180 JavaThread "pool-10-thread-1" [_thread_blocked, id=42008, stack(0x000000318a300000,0x000000318a400000)]
  0x000001e00ff61e70 JavaThread "build event listener" [_thread_blocked, id=10264, stack(0x000000318a500000,0x000000318a600000)]
  0x000001e00ff62ce0 JavaThread "included builds" [_thread_blocked, id=12428, stack(0x000000318a600000,0x000000318a700000)]
  0x000001e00ff65360 JavaThread "Execution worker for ':'" [_thread_blocked, id=36408, stack(0x000000318a700000,0x000000318a800000)]
  0x000001e00ff63680 JavaThread "Execution worker for ':' Thread 2" [_thread_blocked, id=26824, stack(0x000000318a800000,0x000000318a900000)]
  0x000001e00ff63b50 JavaThread "Execution worker for ':' Thread 3" [_thread_blocked, id=28008, stack(0x000000318a900000,0x000000318aa00000)]
  0x000001e00ff64020 JavaThread "Execution worker for ':' Thread 4" [_thread_blocked, id=33052, stack(0x000000318aa00000,0x000000318ab00000)]
  0x000001e00ff649c0 JavaThread "Execution worker for ':' Thread 5" [_thread_blocked, id=34904, stack(0x000000318ab00000,0x000000318ac00000)]
  0x000001e018d05060 JavaThread "Execution worker for ':' Thread 6" [_thread_blocked, id=36240, stack(0x000000318ac00000,0x000000318ad00000)]
  0x000001e018d05530 JavaThread "Execution worker for ':' Thread 7" [_thread_blocked, id=42412, stack(0x000000318ad00000,0x000000318ae00000)]
  0x000001e018d05ed0 JavaThread "Execution worker for ':' Thread 8" [_thread_blocked, id=43088, stack(0x000000318ae00000,0x000000318af00000)]
  0x000001e018d06870 JavaThread "Execution worker for ':' Thread 9" [_thread_blocked, id=30836, stack(0x000000318af00000,0x000000318b000000)]
  0x000001e018d05a00 JavaThread "Execution worker for ':' Thread 10" [_thread_blocked, id=26816, stack(0x000000318b000000,0x000000318b100000)]
  0x000001e018d063a0 JavaThread "Execution worker for ':' Thread 11" [_thread_blocked, id=32040, stack(0x000000318b400000,0x000000318b500000)]
  0x000001e019541010 JavaThread "Cache worker for execution history cache (C:\Users\M.Joha\Desktop\BBarka\albaraka-android\.gradle\7.4.2\executionHistory)" [_thread_blocked, id=37976, stack(0x000000318b500000,0x000000318b600000)]
  0x000001e01b7459e0 JavaThread "WorkerExecutor Queue" [_thread_blocked, id=43124, stack(0x000000318b600000,0x000000318b700000)]
  0x000001e020b54790 JavaThread "WorkerExecutor Queue Thread 2" [_thread_blocked, id=21620, stack(0x000000318b700000,0x000000318b800000)]
  0x000001e014dd7f10 JavaThread "WorkerExecutor Queue Thread 3" [_thread_blocked, id=42268, stack(0x000000318b900000,0x000000318ba00000)]
  0x000001e0194cd3d0 JavaThread "WorkerExecutor Queue Thread 5" [_thread_blocked, id=33156, stack(0x000000318bb00000,0x000000318bc00000)]
  0x000001e01bfa9a60 JavaThread "WorkerExecutor Queue Thread 6" [_thread_blocked, id=26940, stack(0x000000318bc00000,0x000000318bd00000)]
  0x000001e01bfa8bf0 JavaThread "WorkerExecutor Queue Thread 7" [_thread_blocked, id=6504, stack(0x000000318bd00000,0x000000318be00000)]
  0x000001e01bfaa400 JavaThread "WorkerExecutor Queue Thread 8" [_thread_blocked, id=37728, stack(0x000000318be00000,0x000000318bf00000)]
  0x000001e01bfa73e0 JavaThread "WorkerExecutor Queue Thread 9" [_thread_blocked, id=25044, stack(0x000000318bf00000,0x000000318c000000)]
  0x000001e01bfa90c0 JavaThread "WorkerExecutor Queue Thread 10" [_thread_blocked, id=28640, stack(0x000000318c000000,0x000000318c100000)]
  0x000001e01bfa8720 JavaThread "WorkerExecutor Queue Thread 11" [_thread_blocked, id=41384, stack(0x000000318c100000,0x000000318c200000)]
  0x000001e01cc6b160 JavaThread "WorkerExecutor Queue Thread 12" [_thread_blocked, id=29140, stack(0x000000318c200000,0x000000318c300000)]
  0x000001e013c8eb90 JavaThread "WorkerExecutor Queue Thread 13" [_thread_blocked, id=43596, stack(0x000000318c300000,0x000000318c400000)]
  0x000001e01bbc4b10 JavaThread "C2 CompilerThread1" daemon [_thread_blocked, id=3380, stack(0x000000318ba00000,0x000000318bb00000)]
  0x000001e01bfaa8d0 JavaThread "Exec process Thread 7" [_thread_blocked, id=30204, stack(0x000000318c500000,0x000000318c600000)]
  0x000001e02715f400 JavaThread "Exec process Thread 8" [_thread_blocked, id=2340, stack(0x000000318c600000,0x000000318c700000)]
  0x000001e0271615b0 JavaThread "Exec process Thread 9" [_thread_blocked, id=9232, stack(0x000000318c700000,0x000000318c800000)]
  0x000001e020cab640 JavaThread "Exec process Thread 10" [_thread_blocked, id=16432, stack(0x000000318c800000,0x000000318c900000)]
  0x000001e020caa7d0 JavaThread "Exec process Thread 11" [_thread_blocked, id=26196, stack(0x000000318c900000,0x000000318ca00000)]
  0x000001e014dd8d80 JavaThread "Exec process Thread 12" [_thread_blocked, id=33708, stack(0x000000318ca00000,0x000000318cb00000)]
  0x000001e014dd5890 JavaThread "Exec process Thread 13" [_thread_blocked, id=38968, stack(0x000000318cb00000,0x000000318cc00000)]
  0x000001e013c8b6a0 JavaThread "Exec process Thread 14" [_thread_blocked, id=19528, stack(0x000000318cc00000,0x000000318cd00000)]
  0x000001e013c8dd20 JavaThread "Exec process Thread 15" [_thread_blocked, id=14564, stack(0x000000318cd00000,0x000000318ce00000)]
  0x000001e020b56940 JavaThread "pool-11-thread-1" [_thread_blocked, id=28536, stack(0x000000318ce00000,0x000000318cf00000)]
  0x000001e020b56e10 JavaThread "stderr" [_thread_in_native, id=41276, stack(0x000000318cf00000,0x000000318d000000)]
  0x000001e020b572e0 JavaThread "stdout" [_thread_in_native, id=12488, stack(0x000000318d200000,0x000000318d300000)]
  0x000001e014dd5d60 JavaThread "ForkJoinPool-2-worker-1" daemon [_thread_blocked, id=23360, stack(0x000000318c400000,0x000000318c500000)]
  0x000001e01b745eb0 JavaThread "ForkJoinPool-2-worker-2" daemon [_thread_blocked, id=19612, stack(0x000000318d300000,0x000000318d400000)]
  0x000001e013c8b1d0 JavaThread "ForkJoinPool-2-worker-3" daemon [_thread_blocked, id=13668, stack(0x000000318d400000,0x000000318d500000)]
  0x000001e01d3fea50 JavaThread "ForkJoinPool-2-worker-4" daemon [_thread_blocked, id=19168, stack(0x000000318d500000,0x000000318d600000)]
  0x000001e013c8d850 JavaThread "ForkJoinPool-2-worker-5" daemon [_thread_blocked, id=43056, stack(0x000000318d600000,0x000000318d700000)]
  0x000001e01d0e7e70 JavaThread "ForkJoinPool-2-worker-6" daemon [_thread_blocked, id=35880, stack(0x000000318d700000,0x000000318d800000)]
  0x000001e013c8c9e0 JavaThread "ForkJoinPool-2-worker-7" daemon [_thread_blocked, id=5464, stack(0x000000318d800000,0x000000318d900000)]
  0x000001e014dd6230 JavaThread "ForkJoinPool-2-worker-8" daemon [_thread_blocked, id=31888, stack(0x000000318d900000,0x000000318da00000)]
  0x000001e015c17160 JavaThread "ForkJoinPool-2-worker-9" daemon [_thread_blocked, id=40048, stack(0x000000318da00000,0x000000318db00000)]
  0x000001e015c184a0 JavaThread "ForkJoinPool-2-worker-10" daemon [_thread_blocked, id=27116, stack(0x000000318db00000,0x000000318dc00000)]
  0x000001e01d0e9b50 JavaThread "ForkJoinPool-2-worker-11" daemon [_thread_blocked, id=7552, stack(0x000000318dc00000,0x000000318dd00000)]
  0x000001e019162c10 JavaThread "ForkJoinPool-2-worker-12" daemon [_thread_blocked, id=20708, stack(0x000000318dd00000,0x000000318de00000)]

Other Threads:
=>0x000001e00f85d3f0 VMThread "VM Thread" [stack: 0x00000031f5100000,0x00000031f5200000] [id=16312]
  0x000001e00fa43450 WatcherThread [stack: 0x00000031f5d00000,0x00000031f5e00000] [id=39332]
  0x000001e075f45910 GCTaskThread "GC Thread#0" [stack: 0x00000031f4c00000,0x00000031f4d00000] [id=23712]
  0x000001e0105fce50 GCTaskThread "GC Thread#1" [stack: 0x00000031f5f00000,0x00000031f6000000] [id=3720]
  0x000001e0105fd100 GCTaskThread "GC Thread#2" [stack: 0x00000031f6000000,0x00000031f6100000] [id=748]
  0x000001e0105fd3b0 GCTaskThread "GC Thread#3" [stack: 0x00000031f6100000,0x00000031f6200000] [id=43016]
  0x000001e0105fd660 GCTaskThread "GC Thread#4" [stack: 0x00000031f6200000,0x00000031f6300000] [id=35984]
  0x000001e01079d680 GCTaskThread "GC Thread#5" [stack: 0x00000031f6300000,0x00000031f6400000] [id=33880]
  0x000001e0125c2d20 GCTaskThread "GC Thread#6" [stack: 0x00000031f7100000,0x00000031f7200000] [id=39304]
  0x000001e01137e510 GCTaskThread "GC Thread#7" [stack: 0x00000031f7200000,0x00000031f7300000] [id=31324]
  0x000001e01137e7c0 GCTaskThread "GC Thread#8" [stack: 0x00000031f7300000,0x00000031f7400000] [id=42572]
  0x000001e010b3aa00 GCTaskThread "GC Thread#9" [stack: 0x00000031f7400000,0x00000031f7500000] [id=31152]
  0x000001e075f52760 ConcurrentGCThread "G1 Main Marker" [stack: 0x00000031f4d00000,0x00000031f4e00000] [id=11708]
  0x000001e075f53080 ConcurrentGCThread "G1 Conc#0" [stack: 0x00000031f4e00000,0x00000031f4f00000] [id=40396]
  0x000001e0110c2b80 ConcurrentGCThread "G1 Conc#1" [stack: 0x00000031f7500000,0x00000031f7600000] [id=11116]
  0x000001e0110c28d0 ConcurrentGCThread "G1 Conc#2" [stack: 0x00000031f7600000,0x00000031f7700000] [id=29216]
  0x000001e07fd77790 ConcurrentGCThread "G1 Refine#0" [stack: 0x00000031f4f00000,0x00000031f5000000] [id=23256]
  0x000001e014bc51b0 ConcurrentGCThread "G1 Refine#1" [stack: 0x0000003180900000,0x0000003180a00000] [id=27260]
  0x000001e014bc2f30 ConcurrentGCThread "G1 Refine#2" [stack: 0x0000003181b00000,0x0000003181c00000] [id=33876]
  0x000001e014bc5a50 ConcurrentGCThread "G1 Refine#3" [stack: 0x0000003181c00000,0x0000003181d00000] [id=22468]
  0x000001e014bc23b0 ConcurrentGCThread "G1 Refine#4" [stack: 0x0000003181d00000,0x0000003181e00000] [id=9980]
  0x000001e015a41900 ConcurrentGCThread "G1 Refine#5" [stack: 0x0000003181e00000,0x0000003181f00000] [id=25516]
  0x000001e015a421a0 ConcurrentGCThread "G1 Refine#6" [stack: 0x0000003181f00000,0x0000003182000000] [id=11224]
  0x000001e015a42480 ConcurrentGCThread "G1 Refine#7" [stack: 0x0000003182000000,0x0000003182100000] [id=42848]
  0x000001e012b85920 ConcurrentGCThread "G1 Refine#8" [stack: 0x0000003182100000,0x0000003182200000] [id=24836]
  0x000001e012b87300 ConcurrentGCThread "G1 Refine#9" [stack: 0x0000003184100000,0x0000003184200000] [id=34072]
  0x000001e07fd780c0 ConcurrentGCThread "G1 Service" [stack: 0x00000031f5000000,0x00000031f5100000] [id=42264]

Threads with active compile tasks:
C2 CompilerThread0   328565 45427       4       com.android.tools.r8.graph.v0$j::d (106 bytes)
C2 CompilerThread1   328565 45473 %     4       com.android.tools.r8.graph.E::a @ 18 (275 bytes)

VM state: at safepoint (normal execution)

VM Mutex/Monitor currently owned by a thread:  ([mutex/lock_event])
[0x000001e075ef1260] Threads_lock - owner thread: 0x000001e00f85d3f0
[0x000001e075ef0de0] Heap_lock - owner thread: 0x000001e01cc6b160

Heap address: 0x00000000a0000000, size: 1536 MB, Compressed Oops mode: 32-bit

CDS archive(s) not mapped
Compressed class space mapped at: 0x0000000100000000-0x0000000140000000, reserved size: 1073741824
Narrow klass base: 0x0000000000000000, Narrow klass shift: 3, Narrow klass range: 0x140000000

GC Precious Log:
 CPUs: 12 total, 12 available
 Memory: 16243M
 Large Page Support: Disabled
 NUMA Support: Disabled
 Compressed Oops: Enabled (32-bit)
 Heap Region Size: 1M
 Heap Min Capacity: 8M
 Heap Initial Capacity: 254M
 Heap Max Capacity: 1536M
 Pre-touch: Disabled
 Parallel Workers: 10
 Concurrent Workers: 3
 Concurrent Refinement Workers: 10
 Periodic GC: Disabled

Heap:
 garbage-first heap   total 1154048K, used 517007K [0x00000000a0000000, 0x0000000100000000)
  region size 1024K, 5 young (5120K), 5 survivors (5120K)
 Metaspace       used 187951K, committed 189184K, reserved 1220608K
  class space    used 23683K, committed 24256K, reserved 1048576K

Heap Regions: E=young(eden), S=young(survivor), O=old, HS=humongous(starts), HC=humongous(continues), CS=collection set, F=free, OA=open archive, CA=closed archive, TAMS=top-at-mark-start (previous, next)
|   0|0x00000000a0000000, 0x00000000a0100000, 0x00000000a0100000|100%| O|  |TAMS 0x00000000a0100000, 0x00000000a0000000| Untracked 
|   1|0x00000000a0100000, 0x00000000a0200000, 0x00000000a0200000|100%| O|  |TAMS 0x00000000a0200000, 0x00000000a0100000| Untracked 
|   2|0x00000000a0200000, 0x00000000a0300000, 0x00000000a0300000|100%| O|  |TAMS 0x00000000a0300000, 0x00000000a0200000| Untracked 
|   3|0x00000000a0300000, 0x00000000a0400000, 0x00000000a0400000|100%|HS|  |TAMS 0x00000000a0400000, 0x00000000a0300000| Complete 
|   4|0x00000000a0400000, 0x00000000a0500000, 0x00000000a0500000|100%|HC|  |TAMS 0x00000000a0500000, 0x00000000a0400000| Complete 
|   5|0x00000000a0500000, 0x00000000a0600000, 0x00000000a0600000|100%|HC|  |TAMS 0x00000000a0600000, 0x00000000a0500000| Complete 
|   6|0x00000000a0600000, 0x00000000a0700000, 0x00000000a0700000|100%| O|  |TAMS 0x00000000a0700000, 0x00000000a0600000| Untracked 
|   7|0x00000000a0700000, 0x00000000a0800000, 0x00000000a0800000|100%| O|  |TAMS 0x00000000a0800000, 0x00000000a0700000| Untracked 
|   8|0x00000000a0800000, 0x00000000a0900000, 0x00000000a0900000|100%| O|  |TAMS 0x00000000a0900000, 0x00000000a0800000| Untracked 
|   9|0x00000000a0900000, 0x00000000a0a00000, 0x00000000a0a00000|100%| O|  |TAMS 0x00000000a0a00000, 0x00000000a0900000| Untracked 
|  10|0x00000000a0a00000, 0x00000000a0b00000, 0x00000000a0b00000|100%| O|  |TAMS 0x00000000a0b00000, 0x00000000a0a00000| Untracked 
|  11|0x00000000a0b00000, 0x00000000a0c00000, 0x00000000a0c00000|100%| O|  |TAMS 0x00000000a0c00000, 0x00000000a0b00000| Untracked 
|  12|0x00000000a0c00000, 0x00000000a0d00000, 0x00000000a0d00000|100%| O|  |TAMS 0x00000000a0d00000, 0x00000000a0c00000| Untracked 
|  13|0x00000000a0d00000, 0x00000000a0e00000, 0x00000000a0e00000|100%| O|  |TAMS 0x00000000a0e00000, 0x00000000a0d00000| Untracked 
|  14|0x00000000a0e00000, 0x00000000a0f00000, 0x00000000a0f00000|100%| O|  |TAMS 0x00000000a0f00000, 0x00000000a0e00000| Untracked 
|  15|0x00000000a0f00000, 0x00000000a1000000, 0x00000000a1000000|100%| O|  |TAMS 0x00000000a1000000, 0x00000000a0f00000| Untracked 
|  16|0x00000000a1000000, 0x00000000a1100000, 0x00000000a1100000|100%| O|  |TAMS 0x00000000a1100000, 0x00000000a1000000| Untracked 
|  17|0x00000000a1100000, 0x00000000a1200000, 0x00000000a1200000|100%| O|  |TAMS 0x00000000a1200000, 0x00000000a1100000| Untracked 
|  18|0x00000000a1200000, 0x00000000a1300000, 0x00000000a1300000|100%| O|  |TAMS 0x00000000a1300000, 0x00000000a1200000| Untracked 
|  19|0x00000000a1300000, 0x00000000a1400000, 0x00000000a1400000|100%| O|  |TAMS 0x00000000a1400000, 0x00000000a1300000| Untracked 
|  20|0x00000000a1400000, 0x00000000a1500000, 0x00000000a1500000|100%| O|  |TAMS 0x00000000a1500000, 0x00000000a1400000| Untracked 
|  21|0x00000000a1500000, 0x00000000a1600000, 0x00000000a1600000|100%| O|  |TAMS 0x00000000a1600000, 0x00000000a1500000| Untracked 
|  22|0x00000000a1600000, 0x00000000a1700000, 0x00000000a1700000|100%| O|  |TAMS 0x00000000a1700000, 0x00000000a1600000| Untracked 
|  23|0x00000000a1700000, 0x00000000a1800000, 0x00000000a1800000|100%| O|  |TAMS 0x00000000a1800000, 0x00000000a1700000| Untracked 
|  24|0x00000000a1800000, 0x00000000a1900000, 0x00000000a1900000|100%| O|  |TAMS 0x00000000a1900000, 0x00000000a1800000| Untracked 
|  25|0x00000000a1900000, 0x00000000a1a00000, 0x00000000a1a00000|100%| O|  |TAMS 0x00000000a1a00000, 0x00000000a1900000| Untracked 
|  26|0x00000000a1a00000, 0x00000000a1b00000, 0x00000000a1b00000|100%| O|  |TAMS 0x00000000a1b00000, 0x00000000a1a00000| Untracked 
|  27|0x00000000a1b00000, 0x00000000a1c00000, 0x00000000a1c00000|100%| O|  |TAMS 0x00000000a1c00000, 0x00000000a1b00000| Untracked 
|  28|0x00000000a1c00000, 0x00000000a1d00000, 0x00000000a1d00000|100%| O|  |TAMS 0x00000000a1d00000, 0x00000000a1c00000| Untracked 
|  29|0x00000000a1d00000, 0x00000000a1e00000, 0x00000000a1e00000|100%| O|  |TAMS 0x00000000a1e00000, 0x00000000a1d00000| Untracked 
|  30|0x00000000a1e00000, 0x00000000a1f00000, 0x00000000a1f00000|100%| O|  |TAMS 0x00000000a1f00000, 0x00000000a1e00000| Untracked 
|  31|0x00000000a1f00000, 0x00000000a2000000, 0x00000000a2000000|100%| O|  |TAMS 0x00000000a2000000, 0x00000000a1f00000| Untracked 
|  32|0x00000000a2000000, 0x00000000a2100000, 0x00000000a2100000|100%|HS|  |TAMS 0x00000000a2100000, 0x00000000a2000000| Complete 
|  33|0x00000000a2100000, 0x00000000a2200000, 0x00000000a2200000|100%|HS|  |TAMS 0x00000000a2200000, 0x00000000a2100000| Complete 
|  34|0x00000000a2200000, 0x00000000a2300000, 0x00000000a2300000|100%|HS|  |TAMS 0x00000000a2300000, 0x00000000a2200000| Complete 
|  35|0x00000000a2300000, 0x00000000a2400000, 0x00000000a2400000|100%| O|  |TAMS 0x00000000a2400000, 0x00000000a2300000| Untracked 
|  36|0x00000000a2400000, 0x00000000a2500000, 0x00000000a2500000|100%| O|  |TAMS 0x00000000a2500000, 0x00000000a2400000| Untracked 
|  37|0x00000000a2500000, 0x00000000a2600000, 0x00000000a2600000|100%| O|  |TAMS 0x00000000a2600000, 0x00000000a2500000| Untracked 
|  38|0x00000000a2600000, 0x00000000a2700000, 0x00000000a2700000|100%|HS|  |TAMS 0x00000000a2700000, 0x00000000a2600000| Complete 
|  39|0x00000000a2700000, 0x00000000a2800000, 0x00000000a2800000|100%|HC|  |TAMS 0x00000000a2800000, 0x00000000a2700000| Complete 
|  40|0x00000000a2800000, 0x00000000a2900000, 0x00000000a2900000|100%|HC|  |TAMS 0x00000000a2900000, 0x00000000a2800000| Complete 
|  41|0x00000000a2900000, 0x00000000a2a00000, 0x00000000a2a00000|100%| O|  |TAMS 0x00000000a2a00000, 0x00000000a2900000| Untracked 
|  42|0x00000000a2a00000, 0x00000000a2b00000, 0x00000000a2b00000|100%| O|  |TAMS 0x00000000a2b00000, 0x00000000a2a00000| Untracked 
|  43|0x00000000a2b00000, 0x00000000a2c00000, 0x00000000a2c00000|100%| O|  |TAMS 0x00000000a2c00000, 0x00000000a2b00000| Untracked 
|  44|0x00000000a2c00000, 0x00000000a2d00000, 0x00000000a2d00000|100%|HS|  |TAMS 0x00000000a2d00000, 0x00000000a2c00000| Complete 
|  45|0x00000000a2d00000, 0x00000000a2e00000, 0x00000000a2e00000|100%|HC|  |TAMS 0x00000000a2e00000, 0x00000000a2d00000| Complete 
|  46|0x00000000a2e00000, 0x00000000a2f00000, 0x00000000a2f00000|100%| O|  |TAMS 0x00000000a2f00000, 0x00000000a2e00000| Untracked 
|  47|0x00000000a2f00000, 0x00000000a3000000, 0x00000000a3000000|100%| O|  |TAMS 0x00000000a3000000, 0x00000000a2f00000| Untracked 
|  48|0x00000000a3000000, 0x00000000a3100000, 0x00000000a3100000|100%| O|  |TAMS 0x00000000a3100000, 0x00000000a3000000| Untracked 
|  49|0x00000000a3100000, 0x00000000a3200000, 0x00000000a3200000|100%| O|  |TAMS 0x00000000a3200000, 0x00000000a3100000| Untracked 
|  50|0x00000000a3200000, 0x00000000a3300000, 0x00000000a3300000|100%| O|  |TAMS 0x00000000a3300000, 0x00000000a3200000| Untracked 
|  51|0x00000000a3300000, 0x00000000a3400000, 0x00000000a3400000|100%| O|  |TAMS 0x00000000a3400000, 0x00000000a3300000| Untracked 
|  52|0x00000000a3400000, 0x00000000a3500000, 0x00000000a3500000|100%| O|  |TAMS 0x00000000a3500000, 0x00000000a3400000| Untracked 
|  53|0x00000000a3500000, 0x00000000a3600000, 0x00000000a3600000|100%| O|  |TAMS 0x00000000a3600000, 0x00000000a3500000| Untracked 
|  54|0x00000000a3600000, 0x00000000a3700000, 0x00000000a3700000|100%| O|  |TAMS 0x00000000a3700000, 0x00000000a3600000| Untracked 
|  55|0x00000000a3700000, 0x00000000a3800000, 0x00000000a3800000|100%| O|  |TAMS 0x00000000a3800000, 0x00000000a3700000| Untracked 
|  56|0x00000000a3800000, 0x00000000a3900000, 0x00000000a3900000|100%| O|  |TAMS 0x00000000a3900000, 0x00000000a3800000| Untracked 
|  57|0x00000000a3900000, 0x00000000a3a00000, 0x00000000a3a00000|100%| O|  |TAMS 0x00000000a3a00000, 0x00000000a3900000| Untracked 
|  58|0x00000000a3a00000, 0x00000000a3b00000, 0x00000000a3b00000|100%| O|  |TAMS 0x00000000a3b00000, 0x00000000a3a00000| Untracked 
|  59|0x00000000a3b00000, 0x00000000a3c00000, 0x00000000a3c00000|100%| O|  |TAMS 0x00000000a3c00000, 0x00000000a3b00000| Untracked 
|  60|0x00000000a3c00000, 0x00000000a3d00000, 0x00000000a3d00000|100%| O|  |TAMS 0x00000000a3d00000, 0x00000000a3c00000| Untracked 
|  61|0x00000000a3d00000, 0x00000000a3e00000, 0x00000000a3e00000|100%| O|  |TAMS 0x00000000a3e00000, 0x00000000a3d00000| Untracked 
|  62|0x00000000a3e00000, 0x00000000a3f00000, 0x00000000a3f00000|100%| O|  |TAMS 0x00000000a3f00000, 0x00000000a3e00000| Untracked 
|  63|0x00000000a3f00000, 0x00000000a4000000, 0x00000000a4000000|100%| O|  |TAMS 0x00000000a4000000, 0x00000000a3f00000| Untracked 
|  64|0x00000000a4000000, 0x00000000a4100000, 0x00000000a4100000|100%| O|  |TAMS 0x00000000a4100000, 0x00000000a4000000| Untracked 
|  65|0x00000000a4100000, 0x00000000a4200000, 0x00000000a4200000|100%| O|  |TAMS 0x00000000a4200000, 0x00000000a4100000| Untracked 
|  66|0x00000000a4200000, 0x00000000a4300000, 0x00000000a4300000|100%| O|  |TAMS 0x00000000a4300000, 0x00000000a4200000| Untracked 
|  67|0x00000000a4300000, 0x00000000a4400000, 0x00000000a4400000|100%| O|  |TAMS 0x00000000a4400000, 0x00000000a4300000| Untracked 
|  68|0x00000000a4400000, 0x00000000a4500000, 0x00000000a4500000|100%| O|  |TAMS 0x00000000a4500000, 0x00000000a4400000| Untracked 
|  69|0x00000000a4500000, 0x00000000a4600000, 0x00000000a4600000|100%| O|  |TAMS 0x00000000a4600000, 0x00000000a4500000| Untracked 
|  70|0x00000000a4600000, 0x00000000a4700000, 0x00000000a4700000|100%| O|  |TAMS 0x00000000a4700000, 0x00000000a4600000| Untracked 
|  71|0x00000000a4700000, 0x00000000a4800000, 0x00000000a4800000|100%| O|  |TAMS 0x00000000a4800000, 0x00000000a4700000| Untracked 
|  72|0x00000000a4800000, 0x00000000a4900000, 0x00000000a4900000|100%| O|  |TAMS 0x00000000a4900000, 0x00000000a4800000| Untracked 
|  73|0x00000000a4900000, 0x00000000a49ffff8, 0x00000000a4a00000| 99%| O|  |TAMS 0x00000000a49ffff8, 0x00000000a4900000| Untracked 
|  74|0x00000000a4a00000, 0x00000000a4b00000, 0x00000000a4b00000|100%| O|  |TAMS 0x00000000a4b00000, 0x00000000a4a00000| Untracked 
|  75|0x00000000a4b00000, 0x00000000a4c00000, 0x00000000a4c00000|100%| O|  |TAMS 0x00000000a4c00000, 0x00000000a4b00000| Untracked 
|  76|0x00000000a4c00000, 0x00000000a4d00000, 0x00000000a4d00000|100%| O|  |TAMS 0x00000000a4d00000, 0x00000000a4c00000| Untracked 
|  77|0x00000000a4d00000, 0x00000000a4e00000, 0x00000000a4e00000|100%| O|  |TAMS 0x00000000a4e00000, 0x00000000a4d00000| Untracked 
|  78|0x00000000a4e00000, 0x00000000a4f00000, 0x00000000a4f00000|100%| O|  |TAMS 0x00000000a4f00000, 0x00000000a4e00000| Untracked 
|  79|0x00000000a4f00000, 0x00000000a5000000, 0x00000000a5000000|100%| O|  |TAMS 0x00000000a5000000, 0x00000000a4f00000| Untracked 
|  80|0x00000000a5000000, 0x00000000a5100000, 0x00000000a5100000|100%| O|  |TAMS 0x00000000a5100000, 0x00000000a5000000| Untracked 
|  81|0x00000000a5100000, 0x00000000a5200000, 0x00000000a5200000|100%| O|  |TAMS 0x00000000a5200000, 0x00000000a5100000| Untracked 
|  82|0x00000000a5200000, 0x00000000a5300000, 0x00000000a5300000|100%| O|  |TAMS 0x00000000a5300000, 0x00000000a5200000| Untracked 
|  83|0x00000000a5300000, 0x00000000a5400000, 0x00000000a5400000|100%| O|  |TAMS 0x00000000a5400000, 0x00000000a5300000| Untracked 
|  84|0x00000000a5400000, 0x00000000a5500000, 0x00000000a5500000|100%| O|  |TAMS 0x00000000a5500000, 0x00000000a5400000| Untracked 
|  85|0x00000000a5500000, 0x00000000a5600000, 0x00000000a5600000|100%| O|  |TAMS 0x00000000a5600000, 0x00000000a5500000| Untracked 
|  86|0x00000000a5600000, 0x00000000a5700000, 0x00000000a5700000|100%| O|  |TAMS 0x00000000a5700000, 0x00000000a5600000| Untracked 
|  87|0x00000000a5700000, 0x00000000a5800000, 0x00000000a5800000|100%| O|  |TAMS 0x00000000a5800000, 0x00000000a5700000| Untracked 
|  88|0x00000000a5800000, 0x00000000a5900000, 0x00000000a5900000|100%| O|  |TAMS 0x00000000a5900000, 0x00000000a5800000| Untracked 
|  89|0x00000000a5900000, 0x00000000a5a00000, 0x00000000a5a00000|100%| O|  |TAMS 0x00000000a5a00000, 0x00000000a5900000| Untracked 
|  90|0x00000000a5a00000, 0x00000000a5b00000, 0x00000000a5b00000|100%| O|  |TAMS 0x00000000a5b00000, 0x00000000a5a00000| Untracked 
|  91|0x00000000a5b00000, 0x00000000a5c00000, 0x00000000a5c00000|100%| O|  |TAMS 0x00000000a5c00000, 0x00000000a5b00000| Untracked 
|  92|0x00000000a5c00000, 0x00000000a5d00000, 0x00000000a5d00000|100%| O|  |TAMS 0x00000000a5d00000, 0x00000000a5c00000| Untracked 
|  93|0x00000000a5d00000, 0x00000000a5e00000, 0x00000000a5e00000|100%| O|  |TAMS 0x00000000a5e00000, 0x00000000a5d00000| Untracked 
|  94|0x00000000a5e00000, 0x00000000a5e00000, 0x00000000a5f00000|  0%| F|  |TAMS 0x00000000a5e00000, 0x00000000a5e00000| Untracked 
|  95|0x00000000a5f00000, 0x00000000a6000000, 0x00000000a6000000|100%| O|  |TAMS 0x00000000a5f00000, 0x00000000a5f00000| Untracked 
|  96|0x00000000a6000000, 0x00000000a6100000, 0x00000000a6100000|100%| O|  |TAMS 0x00000000a6000000, 0x00000000a6000000| Untracked 
|  97|0x00000000a6100000, 0x00000000a6100000, 0x00000000a6200000|  0%| F|  |TAMS 0x00000000a6100000, 0x00000000a6100000| Untracked 
|  98|0x00000000a6200000, 0x00000000a6300000, 0x00000000a6300000|100%| O|  |TAMS 0x00000000a6300000, 0x00000000a6200000| Untracked 
|  99|0x00000000a6300000, 0x00000000a6400000, 0x00000000a6400000|100%| O|  |TAMS 0x00000000a6400000, 0x00000000a6300000| Complete 
| 100|0x00000000a6400000, 0x00000000a6400000, 0x00000000a6500000|  0%| F|  |TAMS 0x00000000a6400000, 0x00000000a6400000| Untracked 
| 101|0x00000000a6500000, 0x00000000a6600000, 0x00000000a6600000|100%| O|  |TAMS 0x00000000a6500000, 0x00000000a6500000| Untracked 
| 102|0x00000000a6600000, 0x00000000a6700000, 0x00000000a6700000|100%| O|  |TAMS 0x00000000a6600000, 0x00000000a6600000| Untracked 
| 103|0x00000000a6700000, 0x00000000a6800000, 0x00000000a6800000|100%| O|  |TAMS 0x00000000a6700000, 0x00000000a6700000| Untracked 
| 104|0x00000000a6800000, 0x00000000a6900000, 0x00000000a6900000|100%| O|  |TAMS 0x00000000a6900000, 0x00000000a6800000| Untracked 
| 105|0x00000000a6900000, 0x00000000a6a00000, 0x00000000a6a00000|100%| O|  |TAMS 0x00000000a6900000, 0x00000000a6900000| Untracked 
| 106|0x00000000a6a00000, 0x00000000a6b00000, 0x00000000a6b00000|100%| O|  |TAMS 0x00000000a6a00000, 0x00000000a6a00000| Untracked 
| 107|0x00000000a6b00000, 0x00000000a6c00000, 0x00000000a6c00000|100%| O|  |TAMS 0x00000000a6b00000, 0x00000000a6b00000| Untracked 
| 108|0x00000000a6c00000, 0x00000000a6d00000, 0x00000000a6d00000|100%| O|  |TAMS 0x00000000a6c00000, 0x00000000a6c00000| Untracked 
| 109|0x00000000a6d00000, 0x00000000a6e00000, 0x00000000a6e00000|100%| O|  |TAMS 0x00000000a6d00000, 0x00000000a6d00000| Untracked 
| 110|0x00000000a6e00000, 0x00000000a6f00000, 0x00000000a6f00000|100%| O|  |TAMS 0x00000000a6e00000, 0x00000000a6e00000| Untracked 
| 111|0x00000000a6f00000, 0x00000000a7000000, 0x00000000a7000000|100%| O|  |TAMS 0x00000000a7000000, 0x00000000a6f00000| Untracked 
| 112|0x00000000a7000000, 0x00000000a7100000, 0x00000000a7100000|100%| O|  |TAMS 0x00000000a7000000, 0x00000000a7000000| Untracked 
| 113|0x00000000a7100000, 0x00000000a7200000, 0x00000000a7200000|100%| O|  |TAMS 0x00000000a7100000, 0x00000000a7100000| Untracked 
| 114|0x00000000a7200000, 0x00000000a7300000, 0x00000000a7300000|100%| O|  |TAMS 0x00000000a7200000, 0x00000000a7200000| Untracked 
| 115|0x00000000a7300000, 0x00000000a7400000, 0x00000000a7400000|100%| O|  |TAMS 0x00000000a7300000, 0x00000000a7300000| Untracked 
| 116|0x00000000a7400000, 0x00000000a7500000, 0x00000000a7500000|100%| O|  |TAMS 0x00000000a7400000, 0x00000000a7400000| Untracked 
| 117|0x00000000a7500000, 0x00000000a7600000, 0x00000000a7600000|100%| O|  |TAMS 0x00000000a7500000, 0x00000000a7500000| Untracked 
| 118|0x00000000a7600000, 0x00000000a7700000, 0x00000000a7700000|100%| O|  |TAMS 0x00000000a7600000, 0x00000000a7600000| Untracked 
| 119|0x00000000a7700000, 0x00000000a7800000, 0x00000000a7800000|100%| O|  |TAMS 0x00000000a7700000, 0x00000000a7700000| Untracked 
| 120|0x00000000a7800000, 0x00000000a7900000, 0x00000000a7900000|100%| O|  |TAMS 0x00000000a7800000, 0x00000000a7800000| Untracked 
| 121|0x00000000a7900000, 0x00000000a7a00000, 0x00000000a7a00000|100%| O|  |TAMS 0x00000000a7900000, 0x00000000a7900000| Untracked 
| 122|0x00000000a7a00000, 0x00000000a7b00000, 0x00000000a7b00000|100%| O|  |TAMS 0x00000000a7a00000, 0x00000000a7a00000| Untracked 
| 123|0x00000000a7b00000, 0x00000000a7c00000, 0x00000000a7c00000|100%| O|  |TAMS 0x00000000a7b00000, 0x00000000a7b00000| Untracked 
| 124|0x00000000a7c00000, 0x00000000a7d00000, 0x00000000a7d00000|100%| O|  |TAMS 0x00000000a7c00000, 0x00000000a7c00000| Untracked 
| 125|0x00000000a7d00000, 0x00000000a7e00000, 0x00000000a7e00000|100%| O|  |TAMS 0x00000000a7d00000, 0x00000000a7d00000| Untracked 
| 126|0x00000000a7e00000, 0x00000000a7f00000, 0x00000000a7f00000|100%| O|  |TAMS 0x00000000a7e00000, 0x00000000a7e00000| Untracked 
| 127|0x00000000a7f00000, 0x00000000a8000000, 0x00000000a8000000|100%| O|  |TAMS 0x00000000a8000000, 0x00000000a7f00000| Complete 
| 128|0x00000000a8000000, 0x00000000a8000000, 0x00000000a8100000|  0%| F|  |TAMS 0x00000000a8000000, 0x00000000a8000000| Untracked 
| 129|0x00000000a8100000, 0x00000000a8100000, 0x00000000a8200000|  0%| F|  |TAMS 0x00000000a8100000, 0x00000000a8100000| Untracked 
| 130|0x00000000a8200000, 0x00000000a8300000, 0x00000000a8300000|100%|HS|  |TAMS 0x00000000a8200000, 0x00000000a8200000| Complete 
| 131|0x00000000a8300000, 0x00000000a8400000, 0x00000000a8400000|100%| O|  |TAMS 0x00000000a8300000, 0x00000000a8300000| Untracked 
| 132|0x00000000a8400000, 0x00000000a8500000, 0x00000000a8500000|100%| O|  |TAMS 0x00000000a8400000, 0x00000000a8400000| Untracked 
| 133|0x00000000a8500000, 0x00000000a8600000, 0x00000000a8600000|100%| O|  |TAMS 0x00000000a8600000, 0x00000000a8500000| Untracked 
| 134|0x00000000a8600000, 0x00000000a8700000, 0x00000000a8700000|100%| O|  |TAMS 0x00000000a8700000, 0x00000000a8600000| Untracked 
| 135|0x00000000a8700000, 0x00000000a8800000, 0x00000000a8800000|100%| O|  |TAMS 0x00000000a8800000, 0x00000000a8700000| Untracked 
| 136|0x00000000a8800000, 0x00000000a8900000, 0x00000000a8900000|100%| O|  |TAMS 0x00000000a8900000, 0x00000000a8800000| Complete 
| 137|0x00000000a8900000, 0x00000000a8a00000, 0x00000000a8a00000|100%| O|  |TAMS 0x00000000a8a00000, 0x00000000a8900000| Untracked 
| 138|0x00000000a8a00000, 0x00000000a8b00000, 0x00000000a8b00000|100%| O|  |TAMS 0x00000000a8a00000, 0x00000000a8a00000| Untracked 
| 139|0x00000000a8b00000, 0x00000000a8c00000, 0x00000000a8c00000|100%| O|  |TAMS 0x00000000a8c00000, 0x00000000a8b00000| Untracked 
| 140|0x00000000a8c00000, 0x00000000a8d00000, 0x00000000a8d00000|100%| O|  |TAMS 0x00000000a8d00000, 0x00000000a8c00000| Untracked 
| 141|0x00000000a8d00000, 0x00000000a8e00000, 0x00000000a8e00000|100%| O|  |TAMS 0x00000000a8e00000, 0x00000000a8d00000| Untracked 
| 142|0x00000000a8e00000, 0x00000000a8f00000, 0x00000000a8f00000|100%| O|  |TAMS 0x00000000a8f00000, 0x00000000a8e00000| Untracked 
| 143|0x00000000a8f00000, 0x00000000a9000000, 0x00000000a9000000|100%| O|  |TAMS 0x00000000a9000000, 0x00000000a8f00000| Untracked 
| 144|0x00000000a9000000, 0x00000000a9100000, 0x00000000a9100000|100%| O|  |TAMS 0x00000000a9100000, 0x00000000a9000000| Untracked 
| 145|0x00000000a9100000, 0x00000000a9200000, 0x00000000a9200000|100%| O|  |TAMS 0x00000000a9200000, 0x00000000a9100000| Complete 
| 146|0x00000000a9200000, 0x00000000a9300000, 0x00000000a9300000|100%| O|  |TAMS 0x00000000a9300000, 0x00000000a9200000| Untracked 
| 147|0x00000000a9300000, 0x00000000a9400000, 0x00000000a9400000|100%| O|  |TAMS 0x00000000a9300000, 0x00000000a9300000| Untracked 
| 148|0x00000000a9400000, 0x00000000a9500000, 0x00000000a9500000|100%| O|  |TAMS 0x00000000a9500000, 0x00000000a9400000| Complete 
| 149|0x00000000a9500000, 0x00000000a9600000, 0x00000000a9600000|100%| O|  |TAMS 0x00000000a9600000, 0x00000000a9500000| Complete 
| 150|0x00000000a9600000, 0x00000000a9700000, 0x00000000a9700000|100%| O|  |TAMS 0x00000000a9600000, 0x00000000a9600000| Untracked 
| 151|0x00000000a9700000, 0x00000000a9800000, 0x00000000a9800000|100%| O|  |TAMS 0x00000000a9800000, 0x00000000a9700000| Untracked 
| 152|0x00000000a9800000, 0x00000000a9900000, 0x00000000a9900000|100%| O|  |TAMS 0x00000000a9900000, 0x00000000a9800000| Untracked 
| 153|0x00000000a9900000, 0x00000000a9a00000, 0x00000000a9a00000|100%| O|  |TAMS 0x00000000a9900000, 0x00000000a9900000| Untracked 
| 154|0x00000000a9a00000, 0x00000000a9b00000, 0x00000000a9b00000|100%| O|  |TAMS 0x00000000a9a00000, 0x00000000a9a00000| Untracked 
| 155|0x00000000a9b00000, 0x00000000a9b00000, 0x00000000a9c00000|  0%| F|  |TAMS 0x00000000a9b00000, 0x00000000a9b00000| Untracked 
| 156|0x00000000a9c00000, 0x00000000a9d00000, 0x00000000a9d00000|100%| O|  |TAMS 0x00000000a9d00000, 0x00000000a9c00000| Complete 
| 157|0x00000000a9d00000, 0x00000000a9e00000, 0x00000000a9e00000|100%| O|  |TAMS 0x00000000a9e00000, 0x00000000a9d00000| Untracked 
| 158|0x00000000a9e00000, 0x00000000a9f00000, 0x00000000a9f00000|100%| O|  |TAMS 0x00000000a9e00000, 0x00000000a9e00000| Untracked 
| 159|0x00000000a9f00000, 0x00000000a9f00000, 0x00000000aa000000|  0%| F|  |TAMS 0x00000000a9f00000, 0x00000000a9f00000| Untracked 
| 160|0x00000000aa000000, 0x00000000aa000000, 0x00000000aa100000|  0%| F|  |TAMS 0x00000000aa000000, 0x00000000aa000000| Untracked 
| 161|0x00000000aa100000, 0x00000000aa200000, 0x00000000aa200000|100%| O|  |TAMS 0x00000000aa100000, 0x00000000aa100000| Untracked 
| 162|0x00000000aa200000, 0x00000000aa300000, 0x00000000aa300000|100%| O|  |TAMS 0x00000000aa300000, 0x00000000aa200000| Untracked 
| 163|0x00000000aa300000, 0x00000000aa400000, 0x00000000aa400000|100%| O|  |TAMS 0x00000000aa400000, 0x00000000aa300000| Complete 
| 164|0x00000000aa400000, 0x00000000aa500000, 0x00000000aa500000|100%| O|  |TAMS 0x00000000aa500000, 0x00000000aa400000| Complete 
| 165|0x00000000aa500000, 0x00000000aa600000, 0x00000000aa600000|100%| O|  |TAMS 0x00000000aa500000, 0x00000000aa500000| Untracked 
| 166|0x00000000aa600000, 0x00000000aa700000, 0x00000000aa700000|100%| O|  |TAMS 0x00000000aa700000, 0x00000000aa600000| Untracked 
| 167|0x00000000aa700000, 0x00000000aa800000, 0x00000000aa800000|100%| O|  |TAMS 0x00000000aa700000, 0x00000000aa700000| Untracked 
| 168|0x00000000aa800000, 0x00000000aa900000, 0x00000000aa900000|100%| O|  |TAMS 0x00000000aa900000, 0x00000000aa800000| Untracked 
| 169|0x00000000aa900000, 0x00000000aaa00000, 0x00000000aaa00000|100%| O|  |TAMS 0x00000000aaa00000, 0x00000000aa900000| Untracked 
| 170|0x00000000aaa00000, 0x00000000aaa00000, 0x00000000aab00000|  0%| F|  |TAMS 0x00000000aaa00000, 0x00000000aaa00000| Untracked 
| 171|0x00000000aab00000, 0x00000000aac00000, 0x00000000aac00000|100%| O|  |TAMS 0x00000000aac00000, 0x00000000aab00000| Untracked 
| 172|0x00000000aac00000, 0x00000000aac00000, 0x00000000aad00000|  0%| F|  |TAMS 0x00000000aac00000, 0x00000000aac00000| Untracked 
| 173|0x00000000aad00000, 0x00000000aad00000, 0x00000000aae00000|  0%| F|  |TAMS 0x00000000aad00000, 0x00000000aad00000| Untracked 
| 174|0x00000000aae00000, 0x00000000aae00000, 0x00000000aaf00000|  0%| F|  |TAMS 0x00000000aae00000, 0x00000000aae00000| Untracked 
| 175|0x00000000aaf00000, 0x00000000ab000000, 0x00000000ab000000|100%| O|  |TAMS 0x00000000aaf00000, 0x00000000aaf00000| Untracked 
| 176|0x00000000ab000000, 0x00000000ab100000, 0x00000000ab100000|100%| O|  |TAMS 0x00000000ab000000, 0x00000000ab000000| Untracked 
| 177|0x00000000ab100000, 0x00000000ab200000, 0x00000000ab200000|100%| O|  |TAMS 0x00000000ab100000, 0x00000000ab100000| Untracked 
| 178|0x00000000ab200000, 0x00000000ab300000, 0x00000000ab300000|100%| O|  |TAMS 0x00000000ab200000, 0x00000000ab200000| Untracked 
| 179|0x00000000ab300000, 0x00000000ab400000, 0x00000000ab400000|100%| O|  |TAMS 0x00000000ab400000, 0x00000000ab300000| Untracked 
| 180|0x00000000ab400000, 0x00000000ab500000, 0x00000000ab500000|100%| O|  |TAMS 0x00000000ab400000, 0x00000000ab400000| Untracked 
| 181|0x00000000ab500000, 0x00000000ab600000, 0x00000000ab600000|100%| O|  |TAMS 0x00000000ab500000, 0x00000000ab500000| Untracked 
| 182|0x00000000ab600000, 0x00000000ab610200, 0x00000000ab700000|  6%| O|  |TAMS 0x00000000ab600000, 0x00000000ab600000| Untracked 
| 183|0x00000000ab700000, 0x00000000ab800000, 0x00000000ab800000|100%| O|  |TAMS 0x00000000ab800000, 0x00000000ab700000| Untracked 
| 184|0x00000000ab800000, 0x00000000ab900000, 0x00000000ab900000|100%| O|  |TAMS 0x00000000ab900000, 0x00000000ab800000| Untracked 
| 185|0x00000000ab900000, 0x00000000ab900000, 0x00000000aba00000|  0%| F|  |TAMS 0x00000000ab900000, 0x00000000ab900000| Untracked 
| 186|0x00000000aba00000, 0x00000000abb00000, 0x00000000abb00000|100%| O|  |TAMS 0x00000000abb00000, 0x00000000aba00000| Untracked 
| 187|0x00000000abb00000, 0x00000000abb00000, 0x00000000abc00000|  0%| F|  |TAMS 0x00000000abb00000, 0x00000000abb00000| Untracked 
| 188|0x00000000abc00000, 0x00000000abc00000, 0x00000000abd00000|  0%| F|  |TAMS 0x00000000abc00000, 0x00000000abc00000| Untracked 
| 189|0x00000000abd00000, 0x00000000abd00000, 0x00000000abe00000|  0%| F|  |TAMS 0x00000000abd00000, 0x00000000abd00000| Untracked 
| 190|0x00000000abe00000, 0x00000000abe00000, 0x00000000abf00000|  0%| F|  |TAMS 0x00000000abe00000, 0x00000000abe00000| Untracked 
| 191|0x00000000abf00000, 0x00000000ac000000, 0x00000000ac000000|100%| O|  |TAMS 0x00000000abf00000, 0x00000000abf00000| Untracked 
| 192|0x00000000ac000000, 0x00000000ac100000, 0x00000000ac100000|100%| O|  |TAMS 0x00000000ac000000, 0x00000000ac000000| Untracked 
| 193|0x00000000ac100000, 0x00000000ac200000, 0x00000000ac200000|100%| O|  |TAMS 0x00000000ac100000, 0x00000000ac100000| Untracked 
| 194|0x00000000ac200000, 0x00000000ac300000, 0x00000000ac300000|100%|HS|  |TAMS 0x00000000ac300000, 0x00000000ac200000| Complete 
| 195|0x00000000ac300000, 0x00000000ac400000, 0x00000000ac400000|100%|HC|  |TAMS 0x00000000ac400000, 0x00000000ac300000| Complete 
| 196|0x00000000ac400000, 0x00000000ac400000, 0x00000000ac500000|  0%| F|  |TAMS 0x00000000ac400000, 0x00000000ac400000| Untracked 
| 197|0x00000000ac500000, 0x00000000ac500000, 0x00000000ac600000|  0%| F|  |TAMS 0x00000000ac500000, 0x00000000ac500000| Untracked 
| 198|0x00000000ac600000, 0x00000000ac700000, 0x00000000ac700000|100%| O|  |TAMS 0x00000000ac600000, 0x00000000ac600000| Untracked 
| 199|0x00000000ac700000, 0x00000000ac800000, 0x00000000ac800000|100%| O|  |TAMS 0x00000000ac700000, 0x00000000ac700000| Untracked 
| 200|0x00000000ac800000, 0x00000000ac900000, 0x00000000ac900000|100%| O|  |TAMS 0x00000000ac800000, 0x00000000ac800000| Untracked 
| 201|0x00000000ac900000, 0x00000000aca00000, 0x00000000aca00000|100%| O|  |TAMS 0x00000000ac900000, 0x00000000ac900000| Untracked 
| 202|0x00000000aca00000, 0x00000000acb00000, 0x00000000acb00000|100%| O|  |TAMS 0x00000000acb00000, 0x00000000aca00000| Complete 
| 203|0x00000000acb00000, 0x00000000acc00000, 0x00000000acc00000|100%| O|  |TAMS 0x00000000acc00000, 0x00000000acb00000| Untracked 
| 204|0x00000000acc00000, 0x00000000acd00000, 0x00000000acd00000|100%| O|  |TAMS 0x00000000acd00000, 0x00000000acc00000| Untracked 
| 205|0x00000000acd00000, 0x00000000acd00000, 0x00000000ace00000|  0%| F|  |TAMS 0x00000000acd00000, 0x00000000acd00000| Untracked 
| 206|0x00000000ace00000, 0x00000000acf00000, 0x00000000acf00000|100%| O|  |TAMS 0x00000000acf00000, 0x00000000ace00000| Complete 
| 207|0x00000000acf00000, 0x00000000ad000000, 0x00000000ad000000|100%| O|  |TAMS 0x00000000ad000000, 0x00000000acf00000| Complete 
| 208|0x00000000ad000000, 0x00000000ad100000, 0x00000000ad100000|100%| O|  |TAMS 0x00000000ad100000, 0x00000000ad000000| Untracked 
| 209|0x00000000ad100000, 0x00000000ad200000, 0x00000000ad200000|100%| O|  |TAMS 0x00000000ad200000, 0x00000000ad100000| Complete 
| 210|0x00000000ad200000, 0x00000000ad300000, 0x00000000ad300000|100%| O|  |TAMS 0x00000000ad300000, 0x00000000ad200000| Untracked 
| 211|0x00000000ad300000, 0x00000000ad300000, 0x00000000ad400000|  0%| F|  |TAMS 0x00000000ad300000, 0x00000000ad300000| Untracked 
| 212|0x00000000ad400000, 0x00000000ad400000, 0x00000000ad500000|  0%| F|  |TAMS 0x00000000ad400000, 0x00000000ad400000| Untracked 
| 213|0x00000000ad500000, 0x00000000ad500000, 0x00000000ad600000|  0%| F|  |TAMS 0x00000000ad500000, 0x00000000ad500000| Untracked 
| 214|0x00000000ad600000, 0x00000000ad600000, 0x00000000ad700000|  0%| F|  |TAMS 0x00000000ad600000, 0x00000000ad600000| Untracked 
| 215|0x00000000ad700000, 0x00000000ad700000, 0x00000000ad800000|  0%| F|  |TAMS 0x00000000ad700000, 0x00000000ad700000| Untracked 
| 216|0x00000000ad800000, 0x00000000ad800000, 0x00000000ad900000|  0%| F|  |TAMS 0x00000000ad800000, 0x00000000ad800000| Untracked 
| 217|0x00000000ad900000, 0x00000000ad900000, 0x00000000ada00000|  0%| F|  |TAMS 0x00000000ad900000, 0x00000000ad900000| Untracked 
| 218|0x00000000ada00000, 0x00000000ada00000, 0x00000000adb00000|  0%| F|  |TAMS 0x00000000ada00000, 0x00000000ada00000| Untracked 
| 219|0x00000000adb00000, 0x00000000adc00000, 0x00000000adc00000|100%| O|  |TAMS 0x00000000adb00000, 0x00000000adb00000| Untracked 
| 220|0x00000000adc00000, 0x00000000adc00000, 0x00000000add00000|  0%| F|  |TAMS 0x00000000adc00000, 0x00000000adc00000| Untracked 
| 221|0x00000000add00000, 0x00000000ade00000, 0x00000000ade00000|100%| O|  |TAMS 0x00000000add00000, 0x00000000add00000| Untracked 
| 222|0x00000000ade00000, 0x00000000ade00000, 0x00000000adf00000|  0%| F|  |TAMS 0x00000000ade00000, 0x00000000ade00000| Untracked 
| 223|0x00000000adf00000, 0x00000000adf00000, 0x00000000ae000000|  0%| F|  |TAMS 0x00000000adf00000, 0x00000000adf00000| Untracked 
| 224|0x00000000ae000000, 0x00000000ae000000, 0x00000000ae100000|  0%| F|  |TAMS 0x00000000ae000000, 0x00000000ae000000| Untracked 
| 225|0x00000000ae100000, 0x00000000ae100000, 0x00000000ae200000|  0%| F|  |TAMS 0x00000000ae100000, 0x00000000ae100000| Untracked 
| 226|0x00000000ae200000, 0x00000000ae200000, 0x00000000ae300000|  0%| F|  |TAMS 0x00000000ae200000, 0x00000000ae200000| Untracked 
| 227|0x00000000ae300000, 0x00000000ae300000, 0x00000000ae400000|  0%| F|  |TAMS 0x00000000ae300000, 0x00000000ae300000| Untracked 
| 228|0x00000000ae400000, 0x00000000ae500000, 0x00000000ae500000|100%| O|  |TAMS 0x00000000ae500000, 0x00000000ae400000| Complete 
| 229|0x00000000ae500000, 0x00000000ae600000, 0x00000000ae600000|100%| O|  |TAMS 0x00000000ae600000, 0x00000000ae500000| Untracked 
| 230|0x00000000ae600000, 0x00000000ae700000, 0x00000000ae700000|100%| O|  |TAMS 0x00000000ae700000, 0x00000000ae600000| Complete 
| 231|0x00000000ae700000, 0x00000000ae700000, 0x00000000ae800000|  0%| F|  |TAMS 0x00000000ae700000, 0x00000000ae700000| Untracked 
| 232|0x00000000ae800000, 0x00000000ae900000, 0x00000000ae900000|100%| O|  |TAMS 0x00000000ae900000, 0x00000000ae800000| Untracked 
| 233|0x00000000ae900000, 0x00000000aea00000, 0x00000000aea00000|100%| O|  |TAMS 0x00000000aea00000, 0x00000000ae900000| Complete 
| 234|0x00000000aea00000, 0x00000000aeb00000, 0x00000000aeb00000|100%| O|  |TAMS 0x00000000aeb00000, 0x00000000aea00000| Complete 
| 235|0x00000000aeb00000, 0x00000000aec00000, 0x00000000aec00000|100%| O|  |TAMS 0x00000000aec00000, 0x00000000aeb00000| Untracked 
| 236|0x00000000aec00000, 0x00000000aed00000, 0x00000000aed00000|100%| O|  |TAMS 0x00000000aed00000, 0x00000000aec00000| Complete 
| 237|0x00000000aed00000, 0x00000000aed00000, 0x00000000aee00000|  0%| F|  |TAMS 0x00000000aed00000, 0x00000000aed00000| Untracked 
| 238|0x00000000aee00000, 0x00000000aef00000, 0x00000000aef00000|100%| O|  |TAMS 0x00000000aef00000, 0x00000000aee00000| Untracked 
| 239|0x00000000aef00000, 0x00000000af000000, 0x00000000af000000|100%| O|  |TAMS 0x00000000af000000, 0x00000000aef00000| Untracked 
| 240|0x00000000af000000, 0x00000000af100000, 0x00000000af100000|100%| O|  |TAMS 0x00000000af100000, 0x00000000af000000| Untracked 
| 241|0x00000000af100000, 0x00000000af100000, 0x00000000af200000|  0%| F|  |TAMS 0x00000000af100000, 0x00000000af100000| Untracked 
| 242|0x00000000af200000, 0x00000000af300000, 0x00000000af300000|100%| O|  |TAMS 0x00000000af300000, 0x00000000af200000| Complete 
| 243|0x00000000af300000, 0x00000000af300000, 0x00000000af400000|  0%| F|  |TAMS 0x00000000af300000, 0x00000000af300000| Untracked 
| 244|0x00000000af400000, 0x00000000af500000, 0x00000000af500000|100%| O|  |TAMS 0x00000000af500000, 0x00000000af400000| Complete 
| 245|0x00000000af500000, 0x00000000af500000, 0x00000000af600000|  0%| F|  |TAMS 0x00000000af500000, 0x00000000af500000| Untracked 
| 246|0x00000000af600000, 0x00000000af600000, 0x00000000af700000|  0%| F|  |TAMS 0x00000000af600000, 0x00000000af600000| Untracked 
| 247|0x00000000af700000, 0x00000000af800000, 0x00000000af800000|100%| O|  |TAMS 0x00000000af800000, 0x00000000af700000| Complete 
| 248|0x00000000af800000, 0x00000000af900000, 0x00000000af900000|100%| O|  |TAMS 0x00000000af900000, 0x00000000af800000| Complete 
| 249|0x00000000af900000, 0x00000000af900000, 0x00000000afa00000|  0%| F|  |TAMS 0x00000000af900000, 0x00000000af900000| Untracked 
| 250|0x00000000afa00000, 0x00000000afa00000, 0x00000000afb00000|  0%| F|  |TAMS 0x00000000afa00000, 0x00000000afa00000| Untracked 
| 251|0x00000000afb00000, 0x00000000afb00000, 0x00000000afc00000|  0%| F|  |TAMS 0x00000000afb00000, 0x00000000afb00000| Untracked 
| 252|0x00000000afc00000, 0x00000000afc00000, 0x00000000afd00000|  0%| F|  |TAMS 0x00000000afc00000, 0x00000000afc00000| Untracked 
| 253|0x00000000afd00000, 0x00000000afd00000, 0x00000000afe00000|  0%| F|  |TAMS 0x00000000afd00000, 0x00000000afd00000| Untracked 
| 254|0x00000000afe00000, 0x00000000afe00000, 0x00000000aff00000|  0%| F|  |TAMS 0x00000000afe00000, 0x00000000afe00000| Untracked 
| 255|0x00000000aff00000, 0x00000000b0000000, 0x00000000b0000000|100%| O|  |TAMS 0x00000000aff00000, 0x00000000aff00000| Untracked 
| 256|0x00000000b0000000, 0x00000000b0000000, 0x00000000b0100000|  0%| F|  |TAMS 0x00000000b0000000, 0x00000000b0000000| Untracked 
| 257|0x00000000b0100000, 0x00000000b0100000, 0x00000000b0200000|  0%| F|  |TAMS 0x00000000b0100000, 0x00000000b0100000| Untracked 
| 258|0x00000000b0200000, 0x00000000b0200000, 0x00000000b0300000|  0%| F|  |TAMS 0x00000000b0200000, 0x00000000b0200000| Untracked 
| 259|0x00000000b0300000, 0x00000000b0300000, 0x00000000b0400000|  0%| F|  |TAMS 0x00000000b0300000, 0x00000000b0300000| Untracked 
| 260|0x00000000b0400000, 0x00000000b0400000, 0x00000000b0500000|  0%| F|  |TAMS 0x00000000b0400000, 0x00000000b0400000| Untracked 
| 261|0x00000000b0500000, 0x00000000b0600000, 0x00000000b0600000|100%| O|  |TAMS 0x00000000b0500000, 0x00000000b0500000| Untracked 
| 262|0x00000000b0600000, 0x00000000b0600000, 0x00000000b0700000|  0%| F|  |TAMS 0x00000000b0600000, 0x00000000b0600000| Untracked 
| 263|0x00000000b0700000, 0x00000000b0800000, 0x00000000b0800000|100%| O|  |TAMS 0x00000000b0700000, 0x00000000b0700000| Untracked 
| 264|0x00000000b0800000, 0x00000000b0800000, 0x00000000b0900000|  0%| F|  |TAMS 0x00000000b0800000, 0x00000000b0800000| Untracked 
| 265|0x00000000b0900000, 0x00000000b0900000, 0x00000000b0a00000|  0%| F|  |TAMS 0x00000000b0900000, 0x00000000b0900000| Untracked 
| 266|0x00000000b0a00000, 0x00000000b0a00000, 0x00000000b0b00000|  0%| F|  |TAMS 0x00000000b0a00000, 0x00000000b0a00000| Untracked 
| 267|0x00000000b0b00000, 0x00000000b0b00000, 0x00000000b0c00000|  0%| F|  |TAMS 0x00000000b0b00000, 0x00000000b0b00000| Untracked 
| 268|0x00000000b0c00000, 0x00000000b0c00000, 0x00000000b0d00000|  0%| F|  |TAMS 0x00000000b0c00000, 0x00000000b0c00000| Untracked 
| 269|0x00000000b0d00000, 0x00000000b0e00000, 0x00000000b0e00000|100%| O|  |TAMS 0x00000000b0d00000, 0x00000000b0d00000| Untracked 
| 270|0x00000000b0e00000, 0x00000000b0e00000, 0x00000000b0f00000|  0%| F|  |TAMS 0x00000000b0e00000, 0x00000000b0e00000| Untracked 
| 271|0x00000000b0f00000, 0x00000000b0f00000, 0x00000000b1000000|  0%| F|  |TAMS 0x00000000b0f00000, 0x00000000b0f00000| Untracked 
| 272|0x00000000b1000000, 0x00000000b1000000, 0x00000000b1100000|  0%| F|  |TAMS 0x00000000b1000000, 0x00000000b1000000| Untracked 
| 273|0x00000000b1100000, 0x00000000b1200000, 0x00000000b1200000|100%| O|  |TAMS 0x00000000b1100000, 0x00000000b1100000| Untracked 
| 274|0x00000000b1200000, 0x00000000b1300000, 0x00000000b1300000|100%| O|  |TAMS 0x00000000b1200000, 0x00000000b1200000| Untracked 
| 275|0x00000000b1300000, 0x00000000b1300000, 0x00000000b1400000|  0%| F|  |TAMS 0x00000000b1300000, 0x00000000b1300000| Untracked 
| 276|0x00000000b1400000, 0x00000000b1400000, 0x00000000b1500000|  0%| F|  |TAMS 0x00000000b1400000, 0x00000000b1400000| Untracked 
| 277|0x00000000b1500000, 0x00000000b1500000, 0x00000000b1600000|  0%| F|  |TAMS 0x00000000b1500000, 0x00000000b1500000| Untracked 
| 278|0x00000000b1600000, 0x00000000b1600000, 0x00000000b1700000|  0%| F|  |TAMS 0x00000000b1600000, 0x00000000b1600000| Untracked 
| 279|0x00000000b1700000, 0x00000000b1700000, 0x00000000b1800000|  0%| F|  |TAMS 0x00000000b1700000, 0x00000000b1700000| Untracked 
| 280|0x00000000b1800000, 0x00000000b1800000, 0x00000000b1900000|  0%| F|  |TAMS 0x00000000b1800000, 0x00000000b1800000| Untracked 
| 281|0x00000000b1900000, 0x00000000b1a00000, 0x00000000b1a00000|100%| O|  |TAMS 0x00000000b1a00000, 0x00000000b1900000| Untracked 
| 282|0x00000000b1a00000, 0x00000000b1a00000, 0x00000000b1b00000|  0%| F|  |TAMS 0x00000000b1a00000, 0x00000000b1a00000| Untracked 
| 283|0x00000000b1b00000, 0x00000000b1c00000, 0x00000000b1c00000|100%| O|  |TAMS 0x00000000b1b00000, 0x00000000b1b00000| Untracked 
| 284|0x00000000b1c00000, 0x00000000b1d00000, 0x00000000b1d00000|100%| O|  |TAMS 0x00000000b1c00000, 0x00000000b1c00000| Untracked 
| 285|0x00000000b1d00000, 0x00000000b1e00000, 0x00000000b1e00000|100%| O|  |TAMS 0x00000000b1d00000, 0x00000000b1d00000| Untracked 
| 286|0x00000000b1e00000, 0x00000000b1f00000, 0x00000000b1f00000|100%| O|  |TAMS 0x00000000b1e00000, 0x00000000b1e00000| Untracked 
| 287|0x00000000b1f00000, 0x00000000b2000000, 0x00000000b2000000|100%| O|  |TAMS 0x00000000b1f00000, 0x00000000b1f00000| Untracked 
| 288|0x00000000b2000000, 0x00000000b2100000, 0x00000000b2100000|100%| O|  |TAMS 0x00000000b2000000, 0x00000000b2000000| Untracked 
| 289|0x00000000b2100000, 0x00000000b2200000, 0x00000000b2200000|100%| O|  |TAMS 0x00000000b2100000, 0x00000000b2100000| Untracked 
| 290|0x00000000b2200000, 0x00000000b2300000, 0x00000000b2300000|100%| O|  |TAMS 0x00000000b2200000, 0x00000000b2200000| Untracked 
| 291|0x00000000b2300000, 0x00000000b2400000, 0x00000000b2400000|100%| O|  |TAMS 0x00000000b2400000, 0x00000000b2300000| Untracked 
| 292|0x00000000b2400000, 0x00000000b2400000, 0x00000000b2500000|  0%| F|  |TAMS 0x00000000b2400000, 0x00000000b2400000| Untracked 
| 293|0x00000000b2500000, 0x00000000b2600000, 0x00000000b2600000|100%| O|  |TAMS 0x00000000b2600000, 0x00000000b2500000| Untracked 
| 294|0x00000000b2600000, 0x00000000b2700000, 0x00000000b2700000|100%| O|  |TAMS 0x00000000b2600000, 0x00000000b2600000| Untracked 
| 295|0x00000000b2700000, 0x00000000b2800000, 0x00000000b2800000|100%| O|  |TAMS 0x00000000b2700000, 0x00000000b2700000| Untracked 
| 296|0x00000000b2800000, 0x00000000b2900000, 0x00000000b2900000|100%| O|  |TAMS 0x00000000b2800000, 0x00000000b2800000| Untracked 
| 297|0x00000000b2900000, 0x00000000b2a00000, 0x00000000b2a00000|100%| O|  |TAMS 0x00000000b2900000, 0x00000000b2900000| Untracked 
| 298|0x00000000b2a00000, 0x00000000b2b00000, 0x00000000b2b00000|100%| O|  |TAMS 0x00000000b2a00000, 0x00000000b2a00000| Untracked 
| 299|0x00000000b2b00000, 0x00000000b2c00000, 0x00000000b2c00000|100%| O|  |TAMS 0x00000000b2b00000, 0x00000000b2b00000| Untracked 
| 300|0x00000000b2c00000, 0x00000000b2d00000, 0x00000000b2d00000|100%| O|  |TAMS 0x00000000b2c00000, 0x00000000b2c00000| Untracked 
| 301|0x00000000b2d00000, 0x00000000b2e00000, 0x00000000b2e00000|100%| O|  |TAMS 0x00000000b2d00000, 0x00000000b2d00000| Untracked 
| 302|0x00000000b2e00000, 0x00000000b2f00000, 0x00000000b2f00000|100%| O|  |TAMS 0x00000000b2f00000, 0x00000000b2e00000| Untracked 
| 303|0x00000000b2f00000, 0x00000000b3000000, 0x00000000b3000000|100%| O|  |TAMS 0x00000000b2f00000, 0x00000000b2f00000| Untracked 
| 304|0x00000000b3000000, 0x00000000b3100000, 0x00000000b3100000|100%| O|  |TAMS 0x00000000b3100000, 0x00000000b3000000| Untracked 
| 305|0x00000000b3100000, 0x00000000b3200000, 0x00000000b3200000|100%| O|  |TAMS 0x00000000b3100000, 0x00000000b3100000| Untracked 
| 306|0x00000000b3200000, 0x00000000b3300000, 0x00000000b3300000|100%| O|  |TAMS 0x00000000b3200000, 0x00000000b3200000| Untracked 
| 307|0x00000000b3300000, 0x00000000b3300000, 0x00000000b3400000|  0%| F|  |TAMS 0x00000000b3300000, 0x00000000b3300000| Untracked 
| 308|0x00000000b3400000, 0x00000000b3500000, 0x00000000b3500000|100%| O|  |TAMS 0x00000000b3400000, 0x00000000b3400000| Untracked 
| 309|0x00000000b3500000, 0x00000000b3600000, 0x00000000b3600000|100%| O|  |TAMS 0x00000000b3600000, 0x00000000b3500000| Untracked 
| 310|0x00000000b3600000, 0x00000000b3700000, 0x00000000b3700000|100%| O|  |TAMS 0x00000000b3600000, 0x00000000b3600000| Untracked 
| 311|0x00000000b3700000, 0x00000000b3700000, 0x00000000b3800000|  0%| F|  |TAMS 0x00000000b3700000, 0x00000000b3700000| Untracked 
| 312|0x00000000b3800000, 0x00000000b3900000, 0x00000000b3900000|100%| O|  |TAMS 0x00000000b3800000, 0x00000000b3800000| Untracked 
| 313|0x00000000b3900000, 0x00000000b3900000, 0x00000000b3a00000|  0%| F|  |TAMS 0x00000000b3900000, 0x00000000b3900000| Untracked 
| 314|0x00000000b3a00000, 0x00000000b3b00000, 0x00000000b3b00000|100%| O|  |TAMS 0x00000000b3b00000, 0x00000000b3a00000| Untracked 
| 315|0x00000000b3b00000, 0x00000000b3c00000, 0x00000000b3c00000|100%| O|  |TAMS 0x00000000b3c00000, 0x00000000b3b00000| Untracked 
| 316|0x00000000b3c00000, 0x00000000b3d00000, 0x00000000b3d00000|100%| O|  |TAMS 0x00000000b3d00000, 0x00000000b3c00000| Untracked 
| 317|0x00000000b3d00000, 0x00000000b3d00000, 0x00000000b3e00000|  0%| F|  |TAMS 0x00000000b3d00000, 0x00000000b3d00000| Untracked 
| 318|0x00000000b3e00000, 0x00000000b3f00000, 0x00000000b3f00000|100%| O|  |TAMS 0x00000000b3e00000, 0x00000000b3e00000| Untracked 
| 319|0x00000000b3f00000, 0x00000000b3f00000, 0x00000000b4000000|  0%| F|  |TAMS 0x00000000b3f00000, 0x00000000b3f00000| Untracked 
| 320|0x00000000b4000000, 0x00000000b4100000, 0x00000000b4100000|100%| O|  |TAMS 0x00000000b4000000, 0x00000000b4000000| Untracked 
| 321|0x00000000b4100000, 0x00000000b4200000, 0x00000000b4200000|100%| O|  |TAMS 0x00000000b4100000, 0x00000000b4100000| Untracked 
| 322|0x00000000b4200000, 0x00000000b4200000, 0x00000000b4300000|  0%| F|  |TAMS 0x00000000b4200000, 0x00000000b4200000| Untracked 
| 323|0x00000000b4300000, 0x00000000b4400000, 0x00000000b4400000|100%| O|  |TAMS 0x00000000b4400000, 0x00000000b4300000| Untracked 
| 324|0x00000000b4400000, 0x00000000b4500000, 0x00000000b4500000|100%| O|  |TAMS 0x00000000b4500000, 0x00000000b4400000| Untracked 
| 325|0x00000000b4500000, 0x00000000b4600000, 0x00000000b4600000|100%| O|  |TAMS 0x00000000b4600000, 0x00000000b4500000| Untracked 
| 326|0x00000000b4600000, 0x00000000b4700000, 0x00000000b4700000|100%| O|  |TAMS 0x00000000b4600000, 0x00000000b4600000| Untracked 
| 327|0x00000000b4700000, 0x00000000b4700000, 0x00000000b4800000|  0%| F|  |TAMS 0x00000000b4700000, 0x00000000b4700000| Untracked 
| 328|0x00000000b4800000, 0x00000000b4800000, 0x00000000b4900000|  0%| F|  |TAMS 0x00000000b4800000, 0x00000000b4800000| Untracked 
| 329|0x00000000b4900000, 0x00000000b4900000, 0x00000000b4a00000|  0%| F|  |TAMS 0x00000000b4900000, 0x00000000b4900000| Untracked 
| 330|0x00000000b4a00000, 0x00000000b4b00000, 0x00000000b4b00000|100%| O|  |TAMS 0x00000000b4b00000, 0x00000000b4a00000| Untracked 
| 331|0x00000000b4b00000, 0x00000000b4c00000, 0x00000000b4c00000|100%| O|  |TAMS 0x00000000b4c00000, 0x00000000b4b00000| Untracked 
| 332|0x00000000b4c00000, 0x00000000b4d00000, 0x00000000b4d00000|100%| O|  |TAMS 0x00000000b4c00000, 0x00000000b4c00000| Untracked 
| 333|0x00000000b4d00000, 0x00000000b4e00000, 0x00000000b4e00000|100%| O|  |TAMS 0x00000000b4d00000, 0x00000000b4d00000| Untracked 
| 334|0x00000000b4e00000, 0x00000000b4f00000, 0x00000000b4f00000|100%| O|  |TAMS 0x00000000b4e00000, 0x00000000b4e00000| Untracked 
| 335|0x00000000b4f00000, 0x00000000b5000000, 0x00000000b5000000|100%| O|  |TAMS 0x00000000b4f00000, 0x00000000b4f00000| Untracked 
| 336|0x00000000b5000000, 0x00000000b5100000, 0x00000000b5100000|100%| O|  |TAMS 0x00000000b5000000, 0x00000000b5000000| Untracked 
| 337|0x00000000b5100000, 0x00000000b5200000, 0x00000000b5200000|100%| O|  |TAMS 0x00000000b5100000, 0x00000000b5100000| Untracked 
| 338|0x00000000b5200000, 0x00000000b5300000, 0x00000000b5300000|100%| O|  |TAMS 0x00000000b5200000, 0x00000000b5200000| Untracked 
| 339|0x00000000b5300000, 0x00000000b5300000, 0x00000000b5400000|  0%| F|  |TAMS 0x00000000b5300000, 0x00000000b5300000| Untracked 
| 340|0x00000000b5400000, 0x00000000b5400000, 0x00000000b5500000|  0%| F|  |TAMS 0x00000000b5400000, 0x00000000b5400000| Untracked 
| 341|0x00000000b5500000, 0x00000000b5600000, 0x00000000b5600000|100%| O|  |TAMS 0x00000000b5500000, 0x00000000b5500000| Untracked 
| 342|0x00000000b5600000, 0x00000000b5700000, 0x00000000b5700000|100%| O|  |TAMS 0x00000000b5600000, 0x00000000b5600000| Untracked 
| 343|0x00000000b5700000, 0x00000000b5700000, 0x00000000b5800000|  0%| F|  |TAMS 0x00000000b5700000, 0x00000000b5700000| Untracked 
| 344|0x00000000b5800000, 0x00000000b5900000, 0x00000000b5900000|100%| O|  |TAMS 0x00000000b5800000, 0x00000000b5800000| Untracked 
| 345|0x00000000b5900000, 0x00000000b5900000, 0x00000000b5a00000|  0%| F|  |TAMS 0x00000000b5900000, 0x00000000b5900000| Untracked 
| 346|0x00000000b5a00000, 0x00000000b5b00000, 0x00000000b5b00000|100%| O|  |TAMS 0x00000000b5b00000, 0x00000000b5a00000| Untracked 
| 347|0x00000000b5b00000, 0x00000000b5b00000, 0x00000000b5c00000|  0%| F|  |TAMS 0x00000000b5b00000, 0x00000000b5b00000| Untracked 
| 348|0x00000000b5c00000, 0x00000000b5c00000, 0x00000000b5d00000|  0%| F|  |TAMS 0x00000000b5c00000, 0x00000000b5c00000| Untracked 
| 349|0x00000000b5d00000, 0x00000000b5d00000, 0x00000000b5e00000|  0%| F|  |TAMS 0x00000000b5d00000, 0x00000000b5d00000| Untracked 
| 350|0x00000000b5e00000, 0x00000000b5e00000, 0x00000000b5f00000|  0%| F|  |TAMS 0x00000000b5e00000, 0x00000000b5e00000| Untracked 
| 351|0x00000000b5f00000, 0x00000000b6000000, 0x00000000b6000000|100%| O|  |TAMS 0x00000000b6000000, 0x00000000b5f00000| Untracked 
| 352|0x00000000b6000000, 0x00000000b6000000, 0x00000000b6100000|  0%| F|  |TAMS 0x00000000b6000000, 0x00000000b6000000| Untracked 
| 353|0x00000000b6100000, 0x00000000b6100000, 0x00000000b6200000|  0%| F|  |TAMS 0x00000000b6100000, 0x00000000b6100000| Untracked 
| 354|0x00000000b6200000, 0x00000000b6200000, 0x00000000b6300000|  0%| F|  |TAMS 0x00000000b6200000, 0x00000000b6200000| Untracked 
| 355|0x00000000b6300000, 0x00000000b6300000, 0x00000000b6400000|  0%| F|  |TAMS 0x00000000b6300000, 0x00000000b6300000| Untracked 
| 356|0x00000000b6400000, 0x00000000b6400000, 0x00000000b6500000|  0%| F|  |TAMS 0x00000000b6400000, 0x00000000b6400000| Untracked 
| 357|0x00000000b6500000, 0x00000000b6500000, 0x00000000b6600000|  0%| F|  |TAMS 0x00000000b6500000, 0x00000000b6500000| Untracked 
| 358|0x00000000b6600000, 0x00000000b6600000, 0x00000000b6700000|  0%| F|  |TAMS 0x00000000b6600000, 0x00000000b6600000| Untracked 
| 359|0x00000000b6700000, 0x00000000b6700000, 0x00000000b6800000|  0%| F|  |TAMS 0x00000000b6700000, 0x00000000b6700000| Untracked 
| 360|0x00000000b6800000, 0x00000000b6800000, 0x00000000b6900000|  0%| F|  |TAMS 0x00000000b6800000, 0x00000000b6800000| Untracked 
| 361|0x00000000b6900000, 0x00000000b6900000, 0x00000000b6a00000|  0%| F|  |TAMS 0x00000000b6900000, 0x00000000b6900000| Untracked 
| 362|0x00000000b6a00000, 0x00000000b6a00000, 0x00000000b6b00000|  0%| F|  |TAMS 0x00000000b6a00000, 0x00000000b6a00000| Untracked 
| 363|0x00000000b6b00000, 0x00000000b6b00000, 0x00000000b6c00000|  0%| F|  |TAMS 0x00000000b6b00000, 0x00000000b6b00000| Untracked 
| 364|0x00000000b6c00000, 0x00000000b6c00000, 0x00000000b6d00000|  0%| F|  |TAMS 0x00000000b6c00000, 0x00000000b6c00000| Untracked 
| 365|0x00000000b6d00000, 0x00000000b6d00000, 0x00000000b6e00000|  0%| F|  |TAMS 0x00000000b6d00000, 0x00000000b6d00000| Untracked 
| 366|0x00000000b6e00000, 0x00000000b6e00000, 0x00000000b6f00000|  0%| F|  |TAMS 0x00000000b6e00000, 0x00000000b6e00000| Untracked 
| 367|0x00000000b6f00000, 0x00000000b6f00000, 0x00000000b7000000|  0%| F|  |TAMS 0x00000000b6f00000, 0x00000000b6f00000| Untracked 
| 368|0x00000000b7000000, 0x00000000b7000000, 0x00000000b7100000|  0%| F|  |TAMS 0x00000000b7000000, 0x00000000b7000000| Untracked 
| 369|0x00000000b7100000, 0x00000000b7100000, 0x00000000b7200000|  0%| F|  |TAMS 0x00000000b7100000, 0x00000000b7100000| Untracked 
| 370|0x00000000b7200000, 0x00000000b7200000, 0x00000000b7300000|  0%| F|  |TAMS 0x00000000b7200000, 0x00000000b7200000| Untracked 
| 371|0x00000000b7300000, 0x00000000b7300000, 0x00000000b7400000|  0%| F|  |TAMS 0x00000000b7300000, 0x00000000b7300000| Untracked 
| 372|0x00000000b7400000, 0x00000000b7400000, 0x00000000b7500000|  0%| F|  |TAMS 0x00000000b7400000, 0x00000000b7400000| Untracked 
| 373|0x00000000b7500000, 0x00000000b7500000, 0x00000000b7600000|  0%| F|  |TAMS 0x00000000b7500000, 0x00000000b7500000| Untracked 
| 374|0x00000000b7600000, 0x00000000b7600000, 0x00000000b7700000|  0%| F|  |TAMS 0x00000000b7600000, 0x00000000b7600000| Untracked 
| 375|0x00000000b7700000, 0x00000000b7700000, 0x00000000b7800000|  0%| F|  |TAMS 0x00000000b7700000, 0x00000000b7700000| Untracked 
| 376|0x00000000b7800000, 0x00000000b7800000, 0x00000000b7900000|  0%| F|  |TAMS 0x00000000b7800000, 0x00000000b7800000| Untracked 
| 377|0x00000000b7900000, 0x00000000b7900000, 0x00000000b7a00000|  0%| F|  |TAMS 0x00000000b7900000, 0x00000000b7900000| Untracked 
| 378|0x00000000b7a00000, 0x00000000b7a00000, 0x00000000b7b00000|  0%| F|  |TAMS 0x00000000b7a00000, 0x00000000b7a00000| Untracked 
| 379|0x00000000b7b00000, 0x00000000b7b00000, 0x00000000b7c00000|  0%| F|  |TAMS 0x00000000b7b00000, 0x00000000b7b00000| Untracked 
| 380|0x00000000b7c00000, 0x00000000b7c00000, 0x00000000b7d00000|  0%| F|  |TAMS 0x00000000b7c00000, 0x00000000b7c00000| Untracked 
| 381|0x00000000b7d00000, 0x00000000b7d00000, 0x00000000b7e00000|  0%| F|  |TAMS 0x00000000b7d00000, 0x00000000b7d00000| Untracked 
| 382|0x00000000b7e00000, 0x00000000b7e00000, 0x00000000b7f00000|  0%| F|  |TAMS 0x00000000b7e00000, 0x00000000b7e00000| Untracked 
| 383|0x00000000b7f00000, 0x00000000b7f00000, 0x00000000b8000000|  0%| F|  |TAMS 0x00000000b7f00000, 0x00000000b7f00000| Untracked 
| 384|0x00000000b8000000, 0x00000000b8000000, 0x00000000b8100000|  0%| F|  |TAMS 0x00000000b8000000, 0x00000000b8000000| Untracked 
| 385|0x00000000b8100000, 0x00000000b8100000, 0x00000000b8200000|  0%| F|  |TAMS 0x00000000b8100000, 0x00000000b8100000| Untracked 
| 386|0x00000000b8200000, 0x00000000b8200000, 0x00000000b8300000|  0%| F|  |TAMS 0x00000000b8200000, 0x00000000b8200000| Untracked 
| 387|0x00000000b8300000, 0x00000000b8300000, 0x00000000b8400000|  0%| F|  |TAMS 0x00000000b8300000, 0x00000000b8300000| Untracked 
| 388|0x00000000b8400000, 0x00000000b8400000, 0x00000000b8500000|  0%| F|  |TAMS 0x00000000b8400000, 0x00000000b8400000| Untracked 
| 389|0x00000000b8500000, 0x00000000b8500000, 0x00000000b8600000|  0%| F|  |TAMS 0x00000000b8500000, 0x00000000b8500000| Untracked 
| 390|0x00000000b8600000, 0x00000000b8600000, 0x00000000b8700000|  0%| F|  |TAMS 0x00000000b8600000, 0x00000000b8600000| Untracked 
| 391|0x00000000b8700000, 0x00000000b8700000, 0x00000000b8800000|  0%| F|  |TAMS 0x00000000b8700000, 0x00000000b8700000| Untracked 
| 392|0x00000000b8800000, 0x00000000b8800000, 0x00000000b8900000|  0%| F|  |TAMS 0x00000000b8800000, 0x00000000b8800000| Untracked 
| 393|0x00000000b8900000, 0x00000000b8900000, 0x00000000b8a00000|  0%| F|  |TAMS 0x00000000b8900000, 0x00000000b8900000| Untracked 
| 394|0x00000000b8a00000, 0x00000000b8a00000, 0x00000000b8b00000|  0%| F|  |TAMS 0x00000000b8a00000, 0x00000000b8a00000| Untracked 
| 395|0x00000000b8b00000, 0x00000000b8b00000, 0x00000000b8c00000|  0%| F|  |TAMS 0x00000000b8b00000, 0x00000000b8b00000| Untracked 
| 396|0x00000000b8c00000, 0x00000000b8c00000, 0x00000000b8d00000|  0%| F|  |TAMS 0x00000000b8c00000, 0x00000000b8c00000| Untracked 
| 397|0x00000000b8d00000, 0x00000000b8d00000, 0x00000000b8e00000|  0%| F|  |TAMS 0x00000000b8d00000, 0x00000000b8d00000| Untracked 
| 398|0x00000000b8e00000, 0x00000000b8e00000, 0x00000000b8f00000|  0%| F|  |TAMS 0x00000000b8e00000, 0x00000000b8e00000| Untracked 
| 399|0x00000000b8f00000, 0x00000000b8f00000, 0x00000000b9000000|  0%| F|  |TAMS 0x00000000b8f00000, 0x00000000b8f00000| Untracked 
| 400|0x00000000b9000000, 0x00000000b9000000, 0x00000000b9100000|  0%| F|  |TAMS 0x00000000b9000000, 0x00000000b9000000| Untracked 
| 401|0x00000000b9100000, 0x00000000b9100000, 0x00000000b9200000|  0%| F|  |TAMS 0x00000000b9100000, 0x00000000b9100000| Untracked 
| 402|0x00000000b9200000, 0x00000000b9200000, 0x00000000b9300000|  0%| F|  |TAMS 0x00000000b9200000, 0x00000000b9200000| Untracked 
| 403|0x00000000b9300000, 0x00000000b9300000, 0x00000000b9400000|  0%| F|  |TAMS 0x00000000b9300000, 0x00000000b9300000| Untracked 
| 404|0x00000000b9400000, 0x00000000b9400000, 0x00000000b9500000|  0%| F|  |TAMS 0x00000000b9400000, 0x00000000b9400000| Untracked 
| 405|0x00000000b9500000, 0x00000000b9500000, 0x00000000b9600000|  0%| F|  |TAMS 0x00000000b9500000, 0x00000000b9500000| Untracked 
| 406|0x00000000b9600000, 0x00000000b9600000, 0x00000000b9700000|  0%| F|  |TAMS 0x00000000b9600000, 0x00000000b9600000| Untracked 
| 407|0x00000000b9700000, 0x00000000b9700000, 0x00000000b9800000|  0%| F|  |TAMS 0x00000000b9700000, 0x00000000b9700000| Untracked 
| 408|0x00000000b9800000, 0x00000000b9800000, 0x00000000b9900000|  0%| F|  |TAMS 0x00000000b9800000, 0x00000000b9800000| Untracked 
| 409|0x00000000b9900000, 0x00000000b9900000, 0x00000000b9a00000|  0%| F|  |TAMS 0x00000000b9900000, 0x00000000b9900000| Untracked 
| 410|0x00000000b9a00000, 0x00000000b9a00000, 0x00000000b9b00000|  0%| F|  |TAMS 0x00000000b9a00000, 0x00000000b9a00000| Untracked 
| 411|0x00000000b9b00000, 0x00000000b9b00000, 0x00000000b9c00000|  0%| F|  |TAMS 0x00000000b9b00000, 0x00000000b9b00000| Untracked 
| 412|0x00000000b9c00000, 0x00000000b9c00000, 0x00000000b9d00000|  0%| F|  |TAMS 0x00000000b9c00000, 0x00000000b9c00000| Untracked 
| 413|0x00000000b9d00000, 0x00000000b9d00000, 0x00000000b9e00000|  0%| F|  |TAMS 0x00000000b9d00000, 0x00000000b9d00000| Untracked 
| 414|0x00000000b9e00000, 0x00000000b9e00000, 0x00000000b9f00000|  0%| F|  |TAMS 0x00000000b9e00000, 0x00000000b9e00000| Untracked 
| 415|0x00000000b9f00000, 0x00000000ba000000, 0x00000000ba000000|100%| O|  |TAMS 0x00000000ba000000, 0x00000000b9f00000| Untracked 
| 416|0x00000000ba000000, 0x00000000ba000000, 0x00000000ba100000|  0%| F|  |TAMS 0x00000000ba000000, 0x00000000ba000000| Untracked 
| 417|0x00000000ba100000, 0x00000000ba100000, 0x00000000ba200000|  0%| F|  |TAMS 0x00000000ba100000, 0x00000000ba100000| Untracked 
| 418|0x00000000ba200000, 0x00000000ba200000, 0x00000000ba300000|  0%| F|  |TAMS 0x00000000ba200000, 0x00000000ba200000| Untracked 
| 419|0x00000000ba300000, 0x00000000ba300000, 0x00000000ba400000|  0%| F|  |TAMS 0x00000000ba300000, 0x00000000ba300000| Untracked 
| 420|0x00000000ba400000, 0x00000000ba400000, 0x00000000ba500000|  0%| F|  |TAMS 0x00000000ba400000, 0x00000000ba400000| Untracked 
| 421|0x00000000ba500000, 0x00000000ba500000, 0x00000000ba600000|  0%| F|  |TAMS 0x00000000ba500000, 0x00000000ba500000| Untracked 
| 422|0x00000000ba600000, 0x00000000ba600000, 0x00000000ba700000|  0%| F|  |TAMS 0x00000000ba600000, 0x00000000ba600000| Untracked 
| 423|0x00000000ba700000, 0x00000000ba700000, 0x00000000ba800000|  0%| F|  |TAMS 0x00000000ba700000, 0x00000000ba700000| Untracked 
| 424|0x00000000ba800000, 0x00000000ba800000, 0x00000000ba900000|  0%| F|  |TAMS 0x00000000ba800000, 0x00000000ba800000| Untracked 
| 425|0x00000000ba900000, 0x00000000ba900000, 0x00000000baa00000|  0%| F|  |TAMS 0x00000000ba900000, 0x00000000ba900000| Untracked 
| 426|0x00000000baa00000, 0x00000000baa00000, 0x00000000bab00000|  0%| F|  |TAMS 0x00000000baa00000, 0x00000000baa00000| Untracked 
| 427|0x00000000bab00000, 0x00000000bab00000, 0x00000000bac00000|  0%| F|  |TAMS 0x00000000bab00000, 0x00000000bab00000| Untracked 
| 428|0x00000000bac00000, 0x00000000bac00000, 0x00000000bad00000|  0%| F|  |TAMS 0x00000000bac00000, 0x00000000bac00000| Untracked 
| 429|0x00000000bad00000, 0x00000000bad00000, 0x00000000bae00000|  0%| F|  |TAMS 0x00000000bad00000, 0x00000000bad00000| Untracked 
| 430|0x00000000bae00000, 0x00000000bae00000, 0x00000000baf00000|  0%| F|  |TAMS 0x00000000bae00000, 0x00000000bae00000| Untracked 
| 431|0x00000000baf00000, 0x00000000baf00000, 0x00000000bb000000|  0%| F|  |TAMS 0x00000000baf00000, 0x00000000baf00000| Untracked 
| 432|0x00000000bb000000, 0x00000000bb100000, 0x00000000bb100000|100%| O|  |TAMS 0x00000000bb100000, 0x00000000bb000000| Untracked 
| 433|0x00000000bb100000, 0x00000000bb200000, 0x00000000bb200000|100%| O|  |TAMS 0x00000000bb200000, 0x00000000bb100000| Untracked 
| 434|0x00000000bb200000, 0x00000000bb300000, 0x00000000bb300000|100%| O|  |TAMS 0x00000000bb300000, 0x00000000bb200000| Complete 
| 435|0x00000000bb300000, 0x00000000bb300000, 0x00000000bb400000|  0%| F|  |TAMS 0x00000000bb300000, 0x00000000bb300000| Untracked 
| 436|0x00000000bb400000, 0x00000000bb500000, 0x00000000bb500000|100%| O|  |TAMS 0x00000000bb500000, 0x00000000bb400000| Untracked 
| 437|0x00000000bb500000, 0x00000000bb600000, 0x00000000bb600000|100%| O|  |TAMS 0x00000000bb600000, 0x00000000bb500000| Complete 
| 438|0x00000000bb600000, 0x00000000bb700000, 0x00000000bb700000|100%| O|  |TAMS 0x00000000bb700000, 0x00000000bb600000| Untracked 
| 439|0x00000000bb700000, 0x00000000bb800000, 0x00000000bb800000|100%| O|  |TAMS 0x00000000bb800000, 0x00000000bb700000| Complete 
| 440|0x00000000bb800000, 0x00000000bb900000, 0x00000000bb900000|100%|HS|  |TAMS 0x00000000bb900000, 0x00000000bb800000| Complete 
| 441|0x00000000bb900000, 0x00000000bba00000, 0x00000000bba00000|100%|HC|  |TAMS 0x00000000bba00000, 0x00000000bb900000| Complete 
| 442|0x00000000bba00000, 0x00000000bbb00000, 0x00000000bbb00000|100%| O|  |TAMS 0x00000000bbb00000, 0x00000000bba00000| Untracked 
| 443|0x00000000bbb00000, 0x00000000bbb00000, 0x00000000bbc00000|  0%| F|  |TAMS 0x00000000bbb00000, 0x00000000bbb00000| Untracked 
| 444|0x00000000bbc00000, 0x00000000bbc00000, 0x00000000bbd00000|  0%| F|  |TAMS 0x00000000bbc00000, 0x00000000bbc00000| Untracked 
| 445|0x00000000bbd00000, 0x00000000bbd00000, 0x00000000bbe00000|  0%| F|  |TAMS 0x00000000bbd00000, 0x00000000bbd00000| Untracked 
| 446|0x00000000bbe00000, 0x00000000bbe00000, 0x00000000bbf00000|  0%| F|  |TAMS 0x00000000bbe00000, 0x00000000bbe00000| Untracked 
| 447|0x00000000bbf00000, 0x00000000bc000000, 0x00000000bc000000|100%| O|  |TAMS 0x00000000bc000000, 0x00000000bbf00000| Complete 
| 448|0x00000000bc000000, 0x00000000bc000000, 0x00000000bc100000|  0%| F|  |TAMS 0x00000000bc000000, 0x00000000bc000000| Untracked 
| 449|0x00000000bc100000, 0x00000000bc100000, 0x00000000bc200000|  0%| F|  |TAMS 0x00000000bc100000, 0x00000000bc100000| Untracked 
| 450|0x00000000bc200000, 0x00000000bc200000, 0x00000000bc300000|  0%| F|  |TAMS 0x00000000bc200000, 0x00000000bc200000| Untracked 
| 451|0x00000000bc300000, 0x00000000bc300000, 0x00000000bc400000|  0%| F|  |TAMS 0x00000000bc300000, 0x00000000bc300000| Untracked 
| 452|0x00000000bc400000, 0x00000000bc400000, 0x00000000bc500000|  0%| F|  |TAMS 0x00000000bc400000, 0x00000000bc400000| Untracked 
| 453|0x00000000bc500000, 0x00000000bc500000, 0x00000000bc600000|  0%| F|  |TAMS 0x00000000bc500000, 0x00000000bc500000| Untracked 
| 454|0x00000000bc600000, 0x00000000bc600000, 0x00000000bc700000|  0%| F|  |TAMS 0x00000000bc600000, 0x00000000bc600000| Untracked 
| 455|0x00000000bc700000, 0x00000000bc700000, 0x00000000bc800000|  0%| F|  |TAMS 0x00000000bc700000, 0x00000000bc700000| Untracked 
| 456|0x00000000bc800000, 0x00000000bc800000, 0x00000000bc900000|  0%| F|  |TAMS 0x00000000bc800000, 0x00000000bc800000| Untracked 
| 457|0x00000000bc900000, 0x00000000bc900000, 0x00000000bca00000|  0%| F|  |TAMS 0x00000000bc900000, 0x00000000bc900000| Untracked 
| 458|0x00000000bca00000, 0x00000000bca00000, 0x00000000bcb00000|  0%| F|  |TAMS 0x00000000bca00000, 0x00000000bca00000| Untracked 
| 459|0x00000000bcb00000, 0x00000000bcb00000, 0x00000000bcc00000|  0%| F|  |TAMS 0x00000000bcb00000, 0x00000000bcb00000| Untracked 
| 460|0x00000000bcc00000, 0x00000000bcc00000, 0x00000000bcd00000|  0%| F|  |TAMS 0x00000000bcc00000, 0x00000000bcc00000| Untracked 
| 461|0x00000000bcd00000, 0x00000000bcd00000, 0x00000000bce00000|  0%| F|  |TAMS 0x00000000bcd00000, 0x00000000bcd00000| Untracked 
| 462|0x00000000bce00000, 0x00000000bce00000, 0x00000000bcf00000|  0%| F|  |TAMS 0x00000000bce00000, 0x00000000bce00000| Untracked 
| 463|0x00000000bcf00000, 0x00000000bcf00000, 0x00000000bd000000|  0%| F|  |TAMS 0x00000000bcf00000, 0x00000000bcf00000| Untracked 
| 464|0x00000000bd000000, 0x00000000bd100000, 0x00000000bd100000|100%| O|  |TAMS 0x00000000bd100000, 0x00000000bd000000| Untracked 
| 465|0x00000000bd100000, 0x00000000bd200000, 0x00000000bd200000|100%| O|  |TAMS 0x00000000bd200000, 0x00000000bd100000| Complete 
| 466|0x00000000bd200000, 0x00000000bd200000, 0x00000000bd300000|  0%| F|  |TAMS 0x00000000bd200000, 0x00000000bd200000| Untracked 
| 467|0x00000000bd300000, 0x00000000bd300000, 0x00000000bd400000|  0%| F|  |TAMS 0x00000000bd300000, 0x00000000bd300000| Untracked 
| 468|0x00000000bd400000, 0x00000000bd500000, 0x00000000bd500000|100%| O|  |TAMS 0x00000000bd500000, 0x00000000bd400000| Untracked 
| 469|0x00000000bd500000, 0x00000000bd600000, 0x00000000bd600000|100%| O|  |TAMS 0x00000000bd600000, 0x00000000bd500000| Untracked 
| 470|0x00000000bd600000, 0x00000000bd700000, 0x00000000bd700000|100%| O|  |TAMS 0x00000000bd700000, 0x00000000bd600000| Untracked 
| 471|0x00000000bd700000, 0x00000000bd800000, 0x00000000bd800000|100%| O|  |TAMS 0x00000000bd800000, 0x00000000bd700000| Complete 
| 472|0x00000000bd800000, 0x00000000bd900000, 0x00000000bd900000|100%| O|  |TAMS 0x00000000bd900000, 0x00000000bd800000| Untracked 
| 473|0x00000000bd900000, 0x00000000bd900000, 0x00000000bda00000|  0%| F|  |TAMS 0x00000000bd900000, 0x00000000bd900000| Untracked 
| 474|0x00000000bda00000, 0x00000000bda00000, 0x00000000bdb00000|  0%| F|  |TAMS 0x00000000bda00000, 0x00000000bda00000| Untracked 
| 475|0x00000000bdb00000, 0x00000000bdb00000, 0x00000000bdc00000|  0%| F|  |TAMS 0x00000000bdb00000, 0x00000000bdb00000| Untracked 
| 476|0x00000000bdc00000, 0x00000000bdc00000, 0x00000000bdd00000|  0%| F|  |TAMS 0x00000000bdc00000, 0x00000000bdc00000| Untracked 
| 477|0x00000000bdd00000, 0x00000000bdd00000, 0x00000000bde00000|  0%| F|  |TAMS 0x00000000bdd00000, 0x00000000bdd00000| Untracked 
| 478|0x00000000bde00000, 0x00000000bdf00000, 0x00000000bdf00000|100%| O|  |TAMS 0x00000000bdf00000, 0x00000000bde00000| Untracked 
| 479|0x00000000bdf00000, 0x00000000bdf00000, 0x00000000be000000|  0%| F|  |TAMS 0x00000000bdf00000, 0x00000000bdf00000| Untracked 
| 480|0x00000000be000000, 0x00000000be100000, 0x00000000be100000|100%| O|  |TAMS 0x00000000be100000, 0x00000000be000000| Untracked 
| 481|0x00000000be100000, 0x00000000be200000, 0x00000000be200000|100%| O|  |TAMS 0x00000000be200000, 0x00000000be100000| Untracked 
| 482|0x00000000be200000, 0x00000000be300000, 0x00000000be300000|100%| O|  |TAMS 0x00000000be300000, 0x00000000be200000| Untracked 
| 483|0x00000000be300000, 0x00000000be400000, 0x00000000be400000|100%| O|  |TAMS 0x00000000be400000, 0x00000000be300000| Untracked 
| 484|0x00000000be400000, 0x00000000be500000, 0x00000000be500000|100%| O|  |TAMS 0x00000000be500000, 0x00000000be400000| Untracked 
| 485|0x00000000be500000, 0x00000000be600000, 0x00000000be600000|100%| O|  |TAMS 0x00000000be600000, 0x00000000be500000| Untracked 
| 486|0x00000000be600000, 0x00000000be700000, 0x00000000be700000|100%| O|  |TAMS 0x00000000be700000, 0x00000000be600000| Untracked 
| 487|0x00000000be700000, 0x00000000be800000, 0x00000000be800000|100%| O|  |TAMS 0x00000000be800000, 0x00000000be700000| Untracked 
| 488|0x00000000be800000, 0x00000000be900000, 0x00000000be900000|100%| O|  |TAMS 0x00000000be900000, 0x00000000be800000| Complete 
| 489|0x00000000be900000, 0x00000000be900000, 0x00000000bea00000|  0%| F|  |TAMS 0x00000000be900000, 0x00000000be900000| Untracked 
| 490|0x00000000bea00000, 0x00000000beb00000, 0x00000000beb00000|100%| O|  |TAMS 0x00000000beb00000, 0x00000000bea00000| Complete 
| 491|0x00000000beb00000, 0x00000000bec00000, 0x00000000bec00000|100%| O|  |TAMS 0x00000000bec00000, 0x00000000beb00000| Complete 
| 492|0x00000000bec00000, 0x00000000bec00000, 0x00000000bed00000|  0%| F|  |TAMS 0x00000000bec00000, 0x00000000bec00000| Untracked 
| 493|0x00000000bed00000, 0x00000000bed00000, 0x00000000bee00000|  0%| F|  |TAMS 0x00000000bed00000, 0x00000000bed00000| Untracked 
| 494|0x00000000bee00000, 0x00000000bee00000, 0x00000000bef00000|  0%| F|  |TAMS 0x00000000bee00000, 0x00000000bee00000| Untracked 
| 495|0x00000000bef00000, 0x00000000bef00000, 0x00000000bf000000|  0%| F|  |TAMS 0x00000000bef00000, 0x00000000bef00000| Untracked 
| 496|0x00000000bf000000, 0x00000000bf000000, 0x00000000bf100000|  0%| F|  |TAMS 0x00000000bf000000, 0x00000000bf000000| Untracked 
| 497|0x00000000bf100000, 0x00000000bf100000, 0x00000000bf200000|  0%| F|  |TAMS 0x00000000bf100000, 0x00000000bf100000| Untracked 
| 498|0x00000000bf200000, 0x00000000bf200000, 0x00000000bf300000|  0%| F|  |TAMS 0x00000000bf200000, 0x00000000bf200000| Untracked 
| 499|0x00000000bf300000, 0x00000000bf300000, 0x00000000bf400000|  0%| F|  |TAMS 0x00000000bf300000, 0x00000000bf300000| Untracked 
| 500|0x00000000bf400000, 0x00000000bf400000, 0x00000000bf500000|  0%| F|  |TAMS 0x00000000bf400000, 0x00000000bf400000| Untracked 
| 501|0x00000000bf500000, 0x00000000bf500000, 0x00000000bf600000|  0%| F|  |TAMS 0x00000000bf500000, 0x00000000bf500000| Untracked 
| 502|0x00000000bf600000, 0x00000000bf600000, 0x00000000bf700000|  0%| F|  |TAMS 0x00000000bf600000, 0x00000000bf600000| Untracked 
| 503|0x00000000bf700000, 0x00000000bf700000, 0x00000000bf800000|  0%| F|  |TAMS 0x00000000bf700000, 0x00000000bf700000| Untracked 
| 504|0x00000000bf800000, 0x00000000bf800000, 0x00000000bf900000|  0%| F|  |TAMS 0x00000000bf800000, 0x00000000bf800000| Untracked 
| 505|0x00000000bf900000, 0x00000000bf900000, 0x00000000bfa00000|  0%| F|  |TAMS 0x00000000bf900000, 0x00000000bf900000| Untracked 
| 506|0x00000000bfa00000, 0x00000000bfa00000, 0x00000000bfb00000|  0%| F|  |TAMS 0x00000000bfa00000, 0x00000000bfa00000| Untracked 
| 507|0x00000000bfb00000, 0x00000000bfb00000, 0x00000000bfc00000|  0%| F|  |TAMS 0x00000000bfb00000, 0x00000000bfb00000| Untracked 
| 508|0x00000000bfc00000, 0x00000000bfc00000, 0x00000000bfd00000|  0%| F|  |TAMS 0x00000000bfc00000, 0x00000000bfc00000| Untracked 
| 509|0x00000000bfd00000, 0x00000000bfd00000, 0x00000000bfe00000|  0%| F|  |TAMS 0x00000000bfd00000, 0x00000000bfd00000| Untracked 
| 510|0x00000000bfe00000, 0x00000000bfe00000, 0x00000000bff00000|  0%| F|  |TAMS 0x00000000bfe00000, 0x00000000bfe00000| Untracked 
| 511|0x00000000bff00000, 0x00000000bff00000, 0x00000000c0000000|  0%| F|  |TAMS 0x00000000bff00000, 0x00000000bff00000| Untracked 
| 512|0x00000000c0000000, 0x00000000c0000000, 0x00000000c0100000|  0%| F|  |TAMS 0x00000000c0000000, 0x00000000c0000000| Untracked 
| 513|0x00000000c0100000, 0x00000000c0100000, 0x00000000c0200000|  0%| F|  |TAMS 0x00000000c0100000, 0x00000000c0100000| Untracked 
| 514|0x00000000c0200000, 0x00000000c0200000, 0x00000000c0300000|  0%| F|  |TAMS 0x00000000c0200000, 0x00000000c0200000| Untracked 
| 515|0x00000000c0300000, 0x00000000c0400000, 0x00000000c0400000|100%| O|  |TAMS 0x00000000c0400000, 0x00000000c0300000| Complete 
| 516|0x00000000c0400000, 0x00000000c0500000, 0x00000000c0500000|100%| O|  |TAMS 0x00000000c0500000, 0x00000000c0400000| Untracked 
| 517|0x00000000c0500000, 0x00000000c0500000, 0x00000000c0600000|  0%| F|  |TAMS 0x00000000c0500000, 0x00000000c0500000| Untracked 
| 518|0x00000000c0600000, 0x00000000c0600000, 0x00000000c0700000|  0%| F|  |TAMS 0x00000000c0600000, 0x00000000c0600000| Untracked 
| 519|0x00000000c0700000, 0x00000000c0700000, 0x00000000c0800000|  0%| F|  |TAMS 0x00000000c0700000, 0x00000000c0700000| Untracked 
| 520|0x00000000c0800000, 0x00000000c0800000, 0x00000000c0900000|  0%| F|  |TAMS 0x00000000c0800000, 0x00000000c0800000| Untracked 
| 521|0x00000000c0900000, 0x00000000c0900000, 0x00000000c0a00000|  0%| F|  |TAMS 0x00000000c0900000, 0x00000000c0900000| Untracked 
| 522|0x00000000c0a00000, 0x00000000c0a00000, 0x00000000c0b00000|  0%| F|  |TAMS 0x00000000c0a00000, 0x00000000c0a00000| Untracked 
| 523|0x00000000c0b00000, 0x00000000c0b00000, 0x00000000c0c00000|  0%| F|  |TAMS 0x00000000c0b00000, 0x00000000c0b00000| Untracked 
| 524|0x00000000c0c00000, 0x00000000c0c00000, 0x00000000c0d00000|  0%| F|  |TAMS 0x00000000c0c00000, 0x00000000c0c00000| Untracked 
| 525|0x00000000c0d00000, 0x00000000c0d00000, 0x00000000c0e00000|  0%| F|  |TAMS 0x00000000c0d00000, 0x00000000c0d00000| Untracked 
| 526|0x00000000c0e00000, 0x00000000c0e00000, 0x00000000c0f00000|  0%| F|  |TAMS 0x00000000c0e00000, 0x00000000c0e00000| Untracked 
| 527|0x00000000c0f00000, 0x00000000c0f00000, 0x00000000c1000000|  0%| F|  |TAMS 0x00000000c0f00000, 0x00000000c0f00000| Untracked 
| 528|0x00000000c1000000, 0x00000000c1000000, 0x00000000c1100000|  0%| F|  |TAMS 0x00000000c1000000, 0x00000000c1000000| Untracked 
| 529|0x00000000c1100000, 0x00000000c1100000, 0x00000000c1200000|  0%| F|  |TAMS 0x00000000c1100000, 0x00000000c1100000| Untracked 
| 530|0x00000000c1200000, 0x00000000c1200000, 0x00000000c1300000|  0%| F|  |TAMS 0x00000000c1200000, 0x00000000c1200000| Untracked 
| 531|0x00000000c1300000, 0x00000000c1300000, 0x00000000c1400000|  0%| F|  |TAMS 0x00000000c1300000, 0x00000000c1300000| Untracked 
| 532|0x00000000c1400000, 0x00000000c1400000, 0x00000000c1500000|  0%| F|  |TAMS 0x00000000c1400000, 0x00000000c1400000| Untracked 
| 533|0x00000000c1500000, 0x00000000c1500000, 0x00000000c1600000|  0%| F|  |TAMS 0x00000000c1500000, 0x00000000c1500000| Untracked 
| 534|0x00000000c1600000, 0x00000000c1600000, 0x00000000c1700000|  0%| F|  |TAMS 0x00000000c1600000, 0x00000000c1600000| Untracked 
| 535|0x00000000c1700000, 0x00000000c1700000, 0x00000000c1800000|  0%| F|  |TAMS 0x00000000c1700000, 0x00000000c1700000| Untracked 
| 536|0x00000000c1800000, 0x00000000c1800000, 0x00000000c1900000|  0%| F|  |TAMS 0x00000000c1800000, 0x00000000c1800000| Untracked 
| 537|0x00000000c1900000, 0x00000000c1900000, 0x00000000c1a00000|  0%| F|  |TAMS 0x00000000c1900000, 0x00000000c1900000| Untracked 
| 538|0x00000000c1a00000, 0x00000000c1a00000, 0x00000000c1b00000|  0%| F|  |TAMS 0x00000000c1a00000, 0x00000000c1a00000| Untracked 
| 539|0x00000000c1b00000, 0x00000000c1b00000, 0x00000000c1c00000|  0%| F|  |TAMS 0x00000000c1b00000, 0x00000000c1b00000| Untracked 
| 540|0x00000000c1c00000, 0x00000000c1c00000, 0x00000000c1d00000|  0%| F|  |TAMS 0x00000000c1c00000, 0x00000000c1c00000| Untracked 
| 541|0x00000000c1d00000, 0x00000000c1d00000, 0x00000000c1e00000|  0%| F|  |TAMS 0x00000000c1d00000, 0x00000000c1d00000| Untracked 
| 542|0x00000000c1e00000, 0x00000000c1e00000, 0x00000000c1f00000|  0%| F|  |TAMS 0x00000000c1e00000, 0x00000000c1e00000| Untracked 
| 543|0x00000000c1f00000, 0x00000000c1f00000, 0x00000000c2000000|  0%| F|  |TAMS 0x00000000c1f00000, 0x00000000c1f00000| Untracked 
| 544|0x00000000c2000000, 0x00000000c2000000, 0x00000000c2100000|  0%| F|  |TAMS 0x00000000c2000000, 0x00000000c2000000| Untracked 
| 545|0x00000000c2100000, 0x00000000c2100000, 0x00000000c2200000|  0%| F|  |TAMS 0x00000000c2100000, 0x00000000c2100000| Untracked 
| 546|0x00000000c2200000, 0x00000000c2200000, 0x00000000c2300000|  0%| F|  |TAMS 0x00000000c2200000, 0x00000000c2200000| Untracked 
| 547|0x00000000c2300000, 0x00000000c2300000, 0x00000000c2400000|  0%| F|  |TAMS 0x00000000c2300000, 0x00000000c2300000| Untracked 
| 548|0x00000000c2400000, 0x00000000c2400000, 0x00000000c2500000|  0%| F|  |TAMS 0x00000000c2400000, 0x00000000c2400000| Untracked 
| 549|0x00000000c2500000, 0x00000000c2500000, 0x00000000c2600000|  0%| F|  |TAMS 0x00000000c2500000, 0x00000000c2500000| Untracked 
| 550|0x00000000c2600000, 0x00000000c2600000, 0x00000000c2700000|  0%| F|  |TAMS 0x00000000c2600000, 0x00000000c2600000| Untracked 
| 551|0x00000000c2700000, 0x00000000c2700000, 0x00000000c2800000|  0%| F|  |TAMS 0x00000000c2700000, 0x00000000c2700000| Untracked 
| 552|0x00000000c2800000, 0x00000000c2800000, 0x00000000c2900000|  0%| F|  |TAMS 0x00000000c2800000, 0x00000000c2800000| Untracked 
| 553|0x00000000c2900000, 0x00000000c2900000, 0x00000000c2a00000|  0%| F|  |TAMS 0x00000000c2900000, 0x00000000c2900000| Untracked 
| 554|0x00000000c2a00000, 0x00000000c2a00000, 0x00000000c2b00000|  0%| F|  |TAMS 0x00000000c2a00000, 0x00000000c2a00000| Untracked 
| 555|0x00000000c2b00000, 0x00000000c2b00000, 0x00000000c2c00000|  0%| F|  |TAMS 0x00000000c2b00000, 0x00000000c2b00000| Untracked 
| 556|0x00000000c2c00000, 0x00000000c2c00000, 0x00000000c2d00000|  0%| F|  |TAMS 0x00000000c2c00000, 0x00000000c2c00000| Untracked 
| 557|0x00000000c2d00000, 0x00000000c2d00000, 0x00000000c2e00000|  0%| F|  |TAMS 0x00000000c2d00000, 0x00000000c2d00000| Untracked 
| 558|0x00000000c2e00000, 0x00000000c2e00000, 0x00000000c2f00000|  0%| F|  |TAMS 0x00000000c2e00000, 0x00000000c2e00000| Untracked 
| 559|0x00000000c2f00000, 0x00000000c2f00000, 0x00000000c3000000|  0%| F|  |TAMS 0x00000000c2f00000, 0x00000000c2f00000| Untracked 
| 560|0x00000000c3000000, 0x00000000c3100000, 0x00000000c3100000|100%| O|  |TAMS 0x00000000c3100000, 0x00000000c3000000| Untracked 
| 561|0x00000000c3100000, 0x00000000c3100000, 0x00000000c3200000|  0%| F|  |TAMS 0x00000000c3100000, 0x00000000c3100000| Untracked 
| 562|0x00000000c3200000, 0x00000000c3200000, 0x00000000c3300000|  0%| F|  |TAMS 0x00000000c3200000, 0x00000000c3200000| Untracked 
| 563|0x00000000c3300000, 0x00000000c3300000, 0x00000000c3400000|  0%| F|  |TAMS 0x00000000c3300000, 0x00000000c3300000| Untracked 
| 564|0x00000000c3400000, 0x00000000c3400000, 0x00000000c3500000|  0%| F|  |TAMS 0x00000000c3400000, 0x00000000c3400000| Untracked 
| 565|0x00000000c3500000, 0x00000000c3600000, 0x00000000c3600000|100%| O|  |TAMS 0x00000000c3600000, 0x00000000c3500000| Complete 
| 566|0x00000000c3600000, 0x00000000c3700000, 0x00000000c3700000|100%| O|  |TAMS 0x00000000c3700000, 0x00000000c3600000| Complete 
| 567|0x00000000c3700000, 0x00000000c3800000, 0x00000000c3800000|100%| O|  |TAMS 0x00000000c3800000, 0x00000000c3700000| Complete 
| 568|0x00000000c3800000, 0x00000000c3800000, 0x00000000c3900000|  0%| F|  |TAMS 0x00000000c3800000, 0x00000000c3800000| Untracked 
| 569|0x00000000c3900000, 0x00000000c3a00000, 0x00000000c3a00000|100%| O|  |TAMS 0x00000000c3a00000, 0x00000000c3900000| Untracked 
| 570|0x00000000c3a00000, 0x00000000c3a00000, 0x00000000c3b00000|  0%| F|  |TAMS 0x00000000c3a00000, 0x00000000c3a00000| Untracked 
| 571|0x00000000c3b00000, 0x00000000c3b00000, 0x00000000c3c00000|  0%| F|  |TAMS 0x00000000c3b00000, 0x00000000c3b00000| Untracked 
| 572|0x00000000c3c00000, 0x00000000c3c00000, 0x00000000c3d00000|  0%| F|  |TAMS 0x00000000c3c00000, 0x00000000c3c00000| Untracked 
| 573|0x00000000c3d00000, 0x00000000c3d00000, 0x00000000c3e00000|  0%| F|  |TAMS 0x00000000c3d00000, 0x00000000c3d00000| Untracked 
| 574|0x00000000c3e00000, 0x00000000c3e00000, 0x00000000c3f00000|  0%| F|  |TAMS 0x00000000c3e00000, 0x00000000c3e00000| Untracked 
| 575|0x00000000c3f00000, 0x00000000c3f00000, 0x00000000c4000000|  0%| F|  |TAMS 0x00000000c3f00000, 0x00000000c3f00000| Untracked 
| 576|0x00000000c4000000, 0x00000000c4000000, 0x00000000c4100000|  0%| F|  |TAMS 0x00000000c4000000, 0x00000000c4000000| Untracked 
| 577|0x00000000c4100000, 0x00000000c4100000, 0x00000000c4200000|  0%| F|  |TAMS 0x00000000c4100000, 0x00000000c4100000| Untracked 
| 578|0x00000000c4200000, 0x00000000c4200000, 0x00000000c4300000|  0%| F|  |TAMS 0x00000000c4200000, 0x00000000c4200000| Untracked 
| 579|0x00000000c4300000, 0x00000000c4300000, 0x00000000c4400000|  0%| F|  |TAMS 0x00000000c4300000, 0x00000000c4300000| Untracked 
| 580|0x00000000c4400000, 0x00000000c4400000, 0x00000000c4500000|  0%| F|  |TAMS 0x00000000c4400000, 0x00000000c4400000| Untracked 
| 581|0x00000000c4500000, 0x00000000c4500000, 0x00000000c4600000|  0%| F|  |TAMS 0x00000000c4500000, 0x00000000c4500000| Untracked 
| 582|0x00000000c4600000, 0x00000000c4600000, 0x00000000c4700000|  0%| F|  |TAMS 0x00000000c4600000, 0x00000000c4600000| Untracked 
| 583|0x00000000c4700000, 0x00000000c4700000, 0x00000000c4800000|  0%| F|  |TAMS 0x00000000c4700000, 0x00000000c4700000| Untracked 
| 584|0x00000000c4800000, 0x00000000c4800000, 0x00000000c4900000|  0%| F|  |TAMS 0x00000000c4800000, 0x00000000c4800000| Untracked 
| 585|0x00000000c4900000, 0x00000000c4900000, 0x00000000c4a00000|  0%| F|  |TAMS 0x00000000c4900000, 0x00000000c4900000| Untracked 
| 586|0x00000000c4a00000, 0x00000000c4b00000, 0x00000000c4b00000|100%| O|  |TAMS 0x00000000c4b00000, 0x00000000c4a00000| Untracked 
| 587|0x00000000c4b00000, 0x00000000c4b00000, 0x00000000c4c00000|  0%| F|  |TAMS 0x00000000c4b00000, 0x00000000c4b00000| Untracked 
| 588|0x00000000c4c00000, 0x00000000c4c00000, 0x00000000c4d00000|  0%| F|  |TAMS 0x00000000c4c00000, 0x00000000c4c00000| Untracked 
| 589|0x00000000c4d00000, 0x00000000c4e00000, 0x00000000c4e00000|100%| O|  |TAMS 0x00000000c4e00000, 0x00000000c4d00000| Untracked 
| 590|0x00000000c4e00000, 0x00000000c4f00000, 0x00000000c4f00000|100%|HS|  |TAMS 0x00000000c4f00000, 0x00000000c4e00000| Complete 
| 591|0x00000000c4f00000, 0x00000000c5000000, 0x00000000c5000000|100%|HC|  |TAMS 0x00000000c5000000, 0x00000000c4f00000| Complete 
| 592|0x00000000c5000000, 0x00000000c5100000, 0x00000000c5100000|100%|HS|  |TAMS 0x00000000c5100000, 0x00000000c5000000| Complete 
| 593|0x00000000c5100000, 0x00000000c5200000, 0x00000000c5200000|100%|HC|  |TAMS 0x00000000c5200000, 0x00000000c5100000| Complete 
| 594|0x00000000c5200000, 0x00000000c5300000, 0x00000000c5300000|100%|HC|  |TAMS 0x00000000c5300000, 0x00000000c5200000| Complete 
| 595|0x00000000c5300000, 0x00000000c5300000, 0x00000000c5400000|  0%| F|  |TAMS 0x00000000c5300000, 0x00000000c5300000| Untracked 
| 596|0x00000000c5400000, 0x00000000c5400000, 0x00000000c5500000|  0%| F|  |TAMS 0x00000000c5400000, 0x00000000c5400000| Untracked 
| 597|0x00000000c5500000, 0x00000000c5600000, 0x00000000c5600000|100%| O|  |TAMS 0x00000000c5600000, 0x00000000c5500000| Complete 
| 598|0x00000000c5600000, 0x00000000c5700000, 0x00000000c5700000|100%|HS|  |TAMS 0x00000000c5700000, 0x00000000c5600000| Complete 
| 599|0x00000000c5700000, 0x00000000c5800000, 0x00000000c5800000|100%|HC|  |TAMS 0x00000000c5800000, 0x00000000c5700000| Complete 
| 600|0x00000000c5800000, 0x00000000c5900000, 0x00000000c5900000|100%|HC|  |TAMS 0x00000000c5900000, 0x00000000c5800000| Complete 
| 601|0x00000000c5900000, 0x00000000c5a00000, 0x00000000c5a00000|100%| O|  |TAMS 0x00000000c5a00000, 0x00000000c5900000| Complete 
| 602|0x00000000c5a00000, 0x00000000c5b00000, 0x00000000c5b00000|100%| O|  |TAMS 0x00000000c5b00000, 0x00000000c5a00000| Untracked 
| 603|0x00000000c5b00000, 0x00000000c5c00000, 0x00000000c5c00000|100%| O|  |TAMS 0x00000000c5c00000, 0x00000000c5b00000| Untracked 
| 604|0x00000000c5c00000, 0x00000000c5d00000, 0x00000000c5d00000|100%| O|  |TAMS 0x00000000c5d00000, 0x00000000c5c00000| Untracked 
| 605|0x00000000c5d00000, 0x00000000c5e00000, 0x00000000c5e00000|100%| O|  |TAMS 0x00000000c5e00000, 0x00000000c5d00000| Untracked 
| 606|0x00000000c5e00000, 0x00000000c5f00000, 0x00000000c5f00000|100%| O|  |TAMS 0x00000000c5f00000, 0x00000000c5e00000| Untracked 
| 607|0x00000000c5f00000, 0x00000000c6000000, 0x00000000c6000000|100%| O|  |TAMS 0x00000000c6000000, 0x00000000c5f00000| Untracked 
| 608|0x00000000c6000000, 0x00000000c6100000, 0x00000000c6100000|100%| O|  |TAMS 0x00000000c6100000, 0x00000000c6000000| Complete 
| 609|0x00000000c6100000, 0x00000000c6200000, 0x00000000c6200000|100%| O|  |TAMS 0x00000000c6200000, 0x00000000c6100000| Complete 
| 610|0x00000000c6200000, 0x00000000c6200000, 0x00000000c6300000|  0%| F|  |TAMS 0x00000000c6200000, 0x00000000c6200000| Untracked 
| 611|0x00000000c6300000, 0x00000000c6300000, 0x00000000c6400000|  0%| F|  |TAMS 0x00000000c6300000, 0x00000000c6300000| Untracked 
| 612|0x00000000c6400000, 0x00000000c6400000, 0x00000000c6500000|  0%| F|  |TAMS 0x00000000c6400000, 0x00000000c6400000| Untracked 
| 613|0x00000000c6500000, 0x00000000c6500000, 0x00000000c6600000|  0%| F|  |TAMS 0x00000000c6500000, 0x00000000c6500000| Untracked 
| 614|0x00000000c6600000, 0x00000000c6600000, 0x00000000c6700000|  0%| F|  |TAMS 0x00000000c6600000, 0x00000000c6600000| Untracked 
| 615|0x00000000c6700000, 0x00000000c6700000, 0x00000000c6800000|  0%| F|  |TAMS 0x00000000c6700000, 0x00000000c6700000| Untracked 
| 616|0x00000000c6800000, 0x00000000c6800000, 0x00000000c6900000|  0%| F|  |TAMS 0x00000000c6800000, 0x00000000c6800000| Untracked 
| 617|0x00000000c6900000, 0x00000000c6900000, 0x00000000c6a00000|  0%| F|  |TAMS 0x00000000c6900000, 0x00000000c6900000| Untracked 
| 618|0x00000000c6a00000, 0x00000000c6a00000, 0x00000000c6b00000|  0%| F|  |TAMS 0x00000000c6a00000, 0x00000000c6a00000| Untracked 
| 619|0x00000000c6b00000, 0x00000000c6b00000, 0x00000000c6c00000|  0%| F|  |TAMS 0x00000000c6b00000, 0x00000000c6b00000| Untracked 
| 620|0x00000000c6c00000, 0x00000000c6c00000, 0x00000000c6d00000|  0%| F|  |TAMS 0x00000000c6c00000, 0x00000000c6c00000| Untracked 
| 621|0x00000000c6d00000, 0x00000000c6d00000, 0x00000000c6e00000|  0%| F|  |TAMS 0x00000000c6d00000, 0x00000000c6d00000| Untracked 
| 622|0x00000000c6e00000, 0x00000000c6e00000, 0x00000000c6f00000|  0%| F|  |TAMS 0x00000000c6e00000, 0x00000000c6e00000| Untracked 
| 623|0x00000000c6f00000, 0x00000000c6f00000, 0x00000000c7000000|  0%| F|  |TAMS 0x00000000c6f00000, 0x00000000c6f00000| Untracked 
| 624|0x00000000c7000000, 0x00000000c7000000, 0x00000000c7100000|  0%| F|  |TAMS 0x00000000c7000000, 0x00000000c7000000| Untracked 
| 625|0x00000000c7100000, 0x00000000c7100000, 0x00000000c7200000|  0%| F|  |TAMS 0x00000000c7100000, 0x00000000c7100000| Untracked 
| 626|0x00000000c7200000, 0x00000000c7200000, 0x00000000c7300000|  0%| F|  |TAMS 0x00000000c7200000, 0x00000000c7200000| Untracked 
| 627|0x00000000c7300000, 0x00000000c7300000, 0x00000000c7400000|  0%| F|  |TAMS 0x00000000c7300000, 0x00000000c7300000| Untracked 
| 628|0x00000000c7400000, 0x00000000c7400000, 0x00000000c7500000|  0%| F|  |TAMS 0x00000000c7400000, 0x00000000c7400000| Untracked 
| 629|0x00000000c7500000, 0x00000000c7500000, 0x00000000c7600000|  0%| F|  |TAMS 0x00000000c7500000, 0x00000000c7500000| Untracked 
| 630|0x00000000c7600000, 0x00000000c7600000, 0x00000000c7700000|  0%| F|  |TAMS 0x00000000c7600000, 0x00000000c7600000| Untracked 
| 631|0x00000000c7700000, 0x00000000c7700000, 0x00000000c7800000|  0%| F|  |TAMS 0x00000000c7700000, 0x00000000c7700000| Untracked 
| 632|0x00000000c7800000, 0x00000000c7800000, 0x00000000c7900000|  0%| F|  |TAMS 0x00000000c7800000, 0x00000000c7800000| Untracked 
| 633|0x00000000c7900000, 0x00000000c7900000, 0x00000000c7a00000|  0%| F|  |TAMS 0x00000000c7900000, 0x00000000c7900000| Untracked 
| 634|0x00000000c7a00000, 0x00000000c7a00000, 0x00000000c7b00000|  0%| F|  |TAMS 0x00000000c7a00000, 0x00000000c7a00000| Untracked 
| 635|0x00000000c7b00000, 0x00000000c7b00000, 0x00000000c7c00000|  0%| F|  |TAMS 0x00000000c7b00000, 0x00000000c7b00000| Untracked 
| 636|0x00000000c7c00000, 0x00000000c7c00000, 0x00000000c7d00000|  0%| F|  |TAMS 0x00000000c7c00000, 0x00000000c7c00000| Untracked 
| 637|0x00000000c7d00000, 0x00000000c7d00000, 0x00000000c7e00000|  0%| F|  |TAMS 0x00000000c7d00000, 0x00000000c7d00000| Untracked 
| 638|0x00000000c7e00000, 0x00000000c7f00000, 0x00000000c7f00000|100%| O|  |TAMS 0x00000000c7f00000, 0x00000000c7e00000| Untracked 
| 639|0x00000000c7f00000, 0x00000000c7f00000, 0x00000000c8000000|  0%| F|  |TAMS 0x00000000c7f00000, 0x00000000c7f00000| Untracked 
| 640|0x00000000c8000000, 0x00000000c8000000, 0x00000000c8100000|  0%| F|  |TAMS 0x00000000c8000000, 0x00000000c8000000| Untracked 
| 641|0x00000000c8100000, 0x00000000c8100000, 0x00000000c8200000|  0%| F|  |TAMS 0x00000000c8100000, 0x00000000c8100000| Untracked 
| 642|0x00000000c8200000, 0x00000000c8200000, 0x00000000c8300000|  0%| F|  |TAMS 0x00000000c8200000, 0x00000000c8200000| Untracked 
| 643|0x00000000c8300000, 0x00000000c8300000, 0x00000000c8400000|  0%| F|  |TAMS 0x00000000c8300000, 0x00000000c8300000| Untracked 
| 644|0x00000000c8400000, 0x00000000c8400000, 0x00000000c8500000|  0%| F|  |TAMS 0x00000000c8400000, 0x00000000c8400000| Untracked 
| 645|0x00000000c8500000, 0x00000000c8500000, 0x00000000c8600000|  0%| F|  |TAMS 0x00000000c8500000, 0x00000000c8500000| Untracked 
| 646|0x00000000c8600000, 0x00000000c8600000, 0x00000000c8700000|  0%| F|  |TAMS 0x00000000c8600000, 0x00000000c8600000| Untracked 
| 647|0x00000000c8700000, 0x00000000c8700000, 0x00000000c8800000|  0%| F|  |TAMS 0x00000000c8700000, 0x00000000c8700000| Untracked 
| 648|0x00000000c8800000, 0x00000000c8800000, 0x00000000c8900000|  0%| F|  |TAMS 0x00000000c8800000, 0x00000000c8800000| Untracked 
| 649|0x00000000c8900000, 0x00000000c8a00000, 0x00000000c8a00000|100%| O|  |TAMS 0x00000000c8a00000, 0x00000000c8900000| Complete 
| 650|0x00000000c8a00000, 0x00000000c8b00000, 0x00000000c8b00000|100%| O|  |TAMS 0x00000000c8b00000, 0x00000000c8a00000| Complete 
| 651|0x00000000c8b00000, 0x00000000c8b00000, 0x00000000c8c00000|  0%| F|  |TAMS 0x00000000c8b00000, 0x00000000c8b00000| Untracked 
| 652|0x00000000c8c00000, 0x00000000c8d00000, 0x00000000c8d00000|100%| O|  |TAMS 0x00000000c8d00000, 0x00000000c8c00000| Complete 
| 653|0x00000000c8d00000, 0x00000000c8e00000, 0x00000000c8e00000|100%| O|  |TAMS 0x00000000c8e00000, 0x00000000c8d00000| Complete 
| 654|0x00000000c8e00000, 0x00000000c8e00000, 0x00000000c8f00000|  0%| F|  |TAMS 0x00000000c8e00000, 0x00000000c8e00000| Untracked 
| 655|0x00000000c8f00000, 0x00000000c8f00000, 0x00000000c9000000|  0%| F|  |TAMS 0x00000000c8f00000, 0x00000000c8f00000| Untracked 
| 656|0x00000000c9000000, 0x00000000c9100000, 0x00000000c9100000|100%| O|  |TAMS 0x00000000c9100000, 0x00000000c9000000| Complete 
| 657|0x00000000c9100000, 0x00000000c9100000, 0x00000000c9200000|  0%| F|  |TAMS 0x00000000c9100000, 0x00000000c9100000| Untracked 
| 658|0x00000000c9200000, 0x00000000c9200000, 0x00000000c9300000|  0%| F|  |TAMS 0x00000000c9200000, 0x00000000c9200000| Untracked 
| 659|0x00000000c9300000, 0x00000000c9400000, 0x00000000c9400000|100%| O|  |TAMS 0x00000000c9400000, 0x00000000c9300000| Complete 
| 660|0x00000000c9400000, 0x00000000c9400000, 0x00000000c9500000|  0%| F|  |TAMS 0x00000000c9400000, 0x00000000c9400000| Untracked 
| 661|0x00000000c9500000, 0x00000000c9500000, 0x00000000c9600000|  0%| F|  |TAMS 0x00000000c9500000, 0x00000000c9500000| Untracked 
| 662|0x00000000c9600000, 0x00000000c9600000, 0x00000000c9700000|  0%| F|  |TAMS 0x00000000c9600000, 0x00000000c9600000| Untracked 
| 663|0x00000000c9700000, 0x00000000c9800000, 0x00000000c9800000|100%| O|  |TAMS 0x00000000c9800000, 0x00000000c9700000| Complete 
| 664|0x00000000c9800000, 0x00000000c9800000, 0x00000000c9900000|  0%| F|  |TAMS 0x00000000c9800000, 0x00000000c9800000| Untracked 
| 665|0x00000000c9900000, 0x00000000c9900000, 0x00000000c9a00000|  0%| F|  |TAMS 0x00000000c9900000, 0x00000000c9900000| Untracked 
| 666|0x00000000c9a00000, 0x00000000c9a00000, 0x00000000c9b00000|  0%| F|  |TAMS 0x00000000c9a00000, 0x00000000c9a00000| Untracked 
| 667|0x00000000c9b00000, 0x00000000c9c00000, 0x00000000c9c00000|100%| O|  |TAMS 0x00000000c9c00000, 0x00000000c9b00000| Complete 
| 668|0x00000000c9c00000, 0x00000000c9d00000, 0x00000000c9d00000|100%| O|  |TAMS 0x00000000c9d00000, 0x00000000c9c00000| Complete 
| 669|0x00000000c9d00000, 0x00000000c9d00000, 0x00000000c9e00000|  0%| F|  |TAMS 0x00000000c9d00000, 0x00000000c9d00000| Untracked 
| 670|0x00000000c9e00000, 0x00000000c9e00000, 0x00000000c9f00000|  0%| F|  |TAMS 0x00000000c9e00000, 0x00000000c9e00000| Untracked 
| 671|0x00000000c9f00000, 0x00000000ca000000, 0x00000000ca000000|100%| O|  |TAMS 0x00000000ca000000, 0x00000000c9f00000| Untracked 
| 672|0x00000000ca000000, 0x00000000ca100000, 0x00000000ca100000|100%| O|  |TAMS 0x00000000ca100000, 0x00000000ca000000| Untracked 
| 673|0x00000000ca100000, 0x00000000ca200000, 0x00000000ca200000|100%| O|  |TAMS 0x00000000ca200000, 0x00000000ca100000| Untracked 
| 674|0x00000000ca200000, 0x00000000ca300000, 0x00000000ca300000|100%| O|  |TAMS 0x00000000ca300000, 0x00000000ca200000| Untracked 
| 675|0x00000000ca300000, 0x00000000ca400000, 0x00000000ca400000|100%| O|  |TAMS 0x00000000ca400000, 0x00000000ca300000| Untracked 
| 676|0x00000000ca400000, 0x00000000ca400000, 0x00000000ca500000|  0%| F|  |TAMS 0x00000000ca400000, 0x00000000ca400000| Untracked 
| 677|0x00000000ca500000, 0x00000000ca500000, 0x00000000ca600000|  0%| F|  |TAMS 0x00000000ca500000, 0x00000000ca500000| Untracked 
| 678|0x00000000ca600000, 0x00000000ca700000, 0x00000000ca700000|100%| O|  |TAMS 0x00000000ca700000, 0x00000000ca600000| Untracked 
| 679|0x00000000ca700000, 0x00000000ca800000, 0x00000000ca800000|100%| O|  |TAMS 0x00000000ca800000, 0x00000000ca700000| Untracked 
| 680|0x00000000ca800000, 0x00000000ca900000, 0x00000000ca900000|100%| O|  |TAMS 0x00000000ca900000, 0x00000000ca800000| Untracked 
| 681|0x00000000ca900000, 0x00000000caa00000, 0x00000000caa00000|100%| O|  |TAMS 0x00000000caa00000, 0x00000000ca900000| Untracked 
| 682|0x00000000caa00000, 0x00000000cab00000, 0x00000000cab00000|100%| O|  |TAMS 0x00000000cab00000, 0x00000000caa00000| Untracked 
| 683|0x00000000cab00000, 0x00000000cac00000, 0x00000000cac00000|100%| O|  |TAMS 0x00000000cac00000, 0x00000000cab00000| Untracked 
| 684|0x00000000cac00000, 0x00000000cad00000, 0x00000000cad00000|100%| O|  |TAMS 0x00000000cad00000, 0x00000000cac00000| Untracked 
| 685|0x00000000cad00000, 0x00000000cae00000, 0x00000000cae00000|100%| O|  |TAMS 0x00000000cae00000, 0x00000000cad00000| Untracked 
| 686|0x00000000cae00000, 0x00000000caf00000, 0x00000000caf00000|100%| O|  |TAMS 0x00000000caf00000, 0x00000000cae00000| Untracked 
| 687|0x00000000caf00000, 0x00000000cb000000, 0x00000000cb000000|100%| O|  |TAMS 0x00000000cb000000, 0x00000000caf00000| Untracked 
| 688|0x00000000cb000000, 0x00000000cb100000, 0x00000000cb100000|100%| O|  |TAMS 0x00000000cb100000, 0x00000000cb000000| Untracked 
| 689|0x00000000cb100000, 0x00000000cb200000, 0x00000000cb200000|100%| O|  |TAMS 0x00000000cb200000, 0x00000000cb100000| Complete 
| 690|0x00000000cb200000, 0x00000000cb300000, 0x00000000cb300000|100%| O|  |TAMS 0x00000000cb300000, 0x00000000cb200000| Complete 
| 691|0x00000000cb300000, 0x00000000cb400000, 0x00000000cb400000|100%| O|  |TAMS 0x00000000cb400000, 0x00000000cb300000| Untracked 
| 692|0x00000000cb400000, 0x00000000cb500000, 0x00000000cb500000|100%| O|  |TAMS 0x00000000cb500000, 0x00000000cb400000| Complete 
| 693|0x00000000cb500000, 0x00000000cb500000, 0x00000000cb600000|  0%| F|  |TAMS 0x00000000cb500000, 0x00000000cb500000| Untracked 
| 694|0x00000000cb600000, 0x00000000cb700000, 0x00000000cb700000|100%| O|  |TAMS 0x00000000cb700000, 0x00000000cb600000| Complete 
| 695|0x00000000cb700000, 0x00000000cb800000, 0x00000000cb800000|100%| O|  |TAMS 0x00000000cb800000, 0x00000000cb700000| Untracked 
| 696|0x00000000cb800000, 0x00000000cb900000, 0x00000000cb900000|100%| O|  |TAMS 0x00000000cb900000, 0x00000000cb800000| Complete 
| 697|0x00000000cb900000, 0x00000000cb900000, 0x00000000cba00000|  0%| F|  |TAMS 0x00000000cb900000, 0x00000000cb900000| Untracked 
| 698|0x00000000cba00000, 0x00000000cbb00000, 0x00000000cbb00000|100%| O|  |TAMS 0x00000000cbb00000, 0x00000000cba00000| Complete 
| 699|0x00000000cbb00000, 0x00000000cbc00000, 0x00000000cbc00000|100%| O|  |TAMS 0x00000000cbc00000, 0x00000000cbb00000| Untracked 
| 700|0x00000000cbc00000, 0x00000000cbd00000, 0x00000000cbd00000|100%| O|  |TAMS 0x00000000cbd00000, 0x00000000cbc00000| Complete 
| 701|0x00000000cbd00000, 0x00000000cbe00000, 0x00000000cbe00000|100%| O|  |TAMS 0x00000000cbe00000, 0x00000000cbd00000| Untracked 
| 702|0x00000000cbe00000, 0x00000000cbf00000, 0x00000000cbf00000|100%| O|  |TAMS 0x00000000cbf00000, 0x00000000cbe00000| Untracked 
| 703|0x00000000cbf00000, 0x00000000cc000000, 0x00000000cc000000|100%| O|  |TAMS 0x00000000cc000000, 0x00000000cbf00000| Complete 
| 704|0x00000000cc000000, 0x00000000cc000000, 0x00000000cc100000|  0%| F|  |TAMS 0x00000000cc000000, 0x00000000cc000000| Untracked 
| 705|0x00000000cc100000, 0x00000000cc100000, 0x00000000cc200000|  0%| F|  |TAMS 0x00000000cc100000, 0x00000000cc100000| Untracked 
| 706|0x00000000cc200000, 0x00000000cc300000, 0x00000000cc300000|100%| O|  |TAMS 0x00000000cc300000, 0x00000000cc200000| Complete 
| 707|0x00000000cc300000, 0x00000000cc400000, 0x00000000cc400000|100%| O|  |TAMS 0x00000000cc400000, 0x00000000cc300000| Untracked 
| 708|0x00000000cc400000, 0x00000000cc400000, 0x00000000cc500000|  0%| F|  |TAMS 0x00000000cc400000, 0x00000000cc400000| Untracked 
| 709|0x00000000cc500000, 0x00000000cc600000, 0x00000000cc600000|100%| O|  |TAMS 0x00000000cc600000, 0x00000000cc500000| Untracked 
| 710|0x00000000cc600000, 0x00000000cc600000, 0x00000000cc700000|  0%| F|  |TAMS 0x00000000cc600000, 0x00000000cc600000| Untracked 
| 711|0x00000000cc700000, 0x00000000cc700000, 0x00000000cc800000|  0%| F|  |TAMS 0x00000000cc700000, 0x00000000cc700000| Untracked 
| 712|0x00000000cc800000, 0x00000000cc800000, 0x00000000cc900000|  0%| F|  |TAMS 0x00000000cc800000, 0x00000000cc800000| Untracked 
| 713|0x00000000cc900000, 0x00000000cc900000, 0x00000000cca00000|  0%| F|  |TAMS 0x00000000cc900000, 0x00000000cc900000| Untracked 
| 714|0x00000000cca00000, 0x00000000cca00000, 0x00000000ccb00000|  0%| F|  |TAMS 0x00000000cca00000, 0x00000000cca00000| Untracked 
| 715|0x00000000ccb00000, 0x00000000ccb00000, 0x00000000ccc00000|  0%| F|  |TAMS 0x00000000ccb00000, 0x00000000ccb00000| Untracked 
| 716|0x00000000ccc00000, 0x00000000ccc00000, 0x00000000ccd00000|  0%| F|  |TAMS 0x00000000ccc00000, 0x00000000ccc00000| Untracked 
| 717|0x00000000ccd00000, 0x00000000ccd00000, 0x00000000cce00000|  0%| F|  |TAMS 0x00000000ccd00000, 0x00000000ccd00000| Untracked 
| 718|0x00000000cce00000, 0x00000000cce00000, 0x00000000ccf00000|  0%| F|  |TAMS 0x00000000cce00000, 0x00000000cce00000| Untracked 
| 719|0x00000000ccf00000, 0x00000000ccf00000, 0x00000000cd000000|  0%| F|  |TAMS 0x00000000ccf00000, 0x00000000ccf00000| Untracked 
| 720|0x00000000cd000000, 0x00000000cd000000, 0x00000000cd100000|  0%| F|  |TAMS 0x00000000cd000000, 0x00000000cd000000| Untracked 
| 721|0x00000000cd100000, 0x00000000cd100000, 0x00000000cd200000|  0%| F|  |TAMS 0x00000000cd100000, 0x00000000cd100000| Untracked 
| 722|0x00000000cd200000, 0x00000000cd200000, 0x00000000cd300000|  0%| F|  |TAMS 0x00000000cd200000, 0x00000000cd200000| Untracked 
| 723|0x00000000cd300000, 0x00000000cd300000, 0x00000000cd400000|  0%| F|  |TAMS 0x00000000cd300000, 0x00000000cd300000| Untracked 
| 724|0x00000000cd400000, 0x00000000cd400000, 0x00000000cd500000|  0%| F|  |TAMS 0x00000000cd400000, 0x00000000cd400000| Untracked 
| 725|0x00000000cd500000, 0x00000000cd500000, 0x00000000cd600000|  0%| F|  |TAMS 0x00000000cd500000, 0x00000000cd500000| Untracked 
| 726|0x00000000cd600000, 0x00000000cd600000, 0x00000000cd700000|  0%| F|  |TAMS 0x00000000cd600000, 0x00000000cd600000| Untracked 
| 727|0x00000000cd700000, 0x00000000cd700000, 0x00000000cd800000|  0%| F|  |TAMS 0x00000000cd700000, 0x00000000cd700000| Untracked 
| 728|0x00000000cd800000, 0x00000000cd800000, 0x00000000cd900000|  0%| F|  |TAMS 0x00000000cd800000, 0x00000000cd800000| Untracked 
| 729|0x00000000cd900000, 0x00000000cd900000, 0x00000000cda00000|  0%| F|  |TAMS 0x00000000cd900000, 0x00000000cd900000| Untracked 
| 730|0x00000000cda00000, 0x00000000cda00000, 0x00000000cdb00000|  0%| F|  |TAMS 0x00000000cda00000, 0x00000000cda00000| Untracked 
| 731|0x00000000cdb00000, 0x00000000cdb00000, 0x00000000cdc00000|  0%| F|  |TAMS 0x00000000cdb00000, 0x00000000cdb00000| Untracked 
| 732|0x00000000cdc00000, 0x00000000cdc00000, 0x00000000cdd00000|  0%| F|  |TAMS 0x00000000cdc00000, 0x00000000cdc00000| Untracked 
| 733|0x00000000cdd00000, 0x00000000cdd00000, 0x00000000cde00000|  0%| F|  |TAMS 0x00000000cdd00000, 0x00000000cdd00000| Untracked 
| 734|0x00000000cde00000, 0x00000000cde00000, 0x00000000cdf00000|  0%| F|  |TAMS 0x00000000cde00000, 0x00000000cde00000| Untracked 
| 735|0x00000000cdf00000, 0x00000000cdf00000, 0x00000000ce000000|  0%| F|  |TAMS 0x00000000cdf00000, 0x00000000cdf00000| Untracked 
| 736|0x00000000ce000000, 0x00000000ce000000, 0x00000000ce100000|  0%| F|  |TAMS 0x00000000ce000000, 0x00000000ce000000| Untracked 
| 737|0x00000000ce100000, 0x00000000ce100000, 0x00000000ce200000|  0%| F|  |TAMS 0x00000000ce100000, 0x00000000ce100000| Untracked 
| 738|0x00000000ce200000, 0x00000000ce200000, 0x00000000ce300000|  0%| F|  |TAMS 0x00000000ce200000, 0x00000000ce200000| Untracked 
| 739|0x00000000ce300000, 0x00000000ce300000, 0x00000000ce400000|  0%| F|  |TAMS 0x00000000ce300000, 0x00000000ce300000| Untracked 
| 740|0x00000000ce400000, 0x00000000ce400000, 0x00000000ce500000|  0%| F|  |TAMS 0x00000000ce400000, 0x00000000ce400000| Untracked 
| 741|0x00000000ce500000, 0x00000000ce500000, 0x00000000ce600000|  0%| F|  |TAMS 0x00000000ce500000, 0x00000000ce500000| Untracked 
| 742|0x00000000ce600000, 0x00000000ce600000, 0x00000000ce700000|  0%| F|  |TAMS 0x00000000ce600000, 0x00000000ce600000| Untracked 
| 743|0x00000000ce700000, 0x00000000ce700000, 0x00000000ce800000|  0%| F|  |TAMS 0x00000000ce700000, 0x00000000ce700000| Untracked 
| 744|0x00000000ce800000, 0x00000000ce900000, 0x00000000ce900000|100%| O|  |TAMS 0x00000000ce900000, 0x00000000ce800000| Untracked 
| 745|0x00000000ce900000, 0x00000000ce900000, 0x00000000cea00000|  0%| F|  |TAMS 0x00000000ce900000, 0x00000000ce900000| Untracked 
| 746|0x00000000cea00000, 0x00000000cea00000, 0x00000000ceb00000|  0%| F|  |TAMS 0x00000000cea00000, 0x00000000cea00000| Untracked 
| 747|0x00000000ceb00000, 0x00000000ceb00000, 0x00000000cec00000|  0%| F|  |TAMS 0x00000000ceb00000, 0x00000000ceb00000| Untracked 
| 748|0x00000000cec00000, 0x00000000ced00000, 0x00000000ced00000|100%| O|  |TAMS 0x00000000ced00000, 0x00000000cec00000| Complete 
| 749|0x00000000ced00000, 0x00000000cee00000, 0x00000000cee00000|100%|HS|  |TAMS 0x00000000cee00000, 0x00000000ced00000| Complete 
| 750|0x00000000cee00000, 0x00000000cef00000, 0x00000000cef00000|100%|HC|  |TAMS 0x00000000cef00000, 0x00000000cee00000| Complete 
| 751|0x00000000cef00000, 0x00000000cf000000, 0x00000000cf000000|100%|HS|  |TAMS 0x00000000cf000000, 0x00000000cef00000| Complete 
| 752|0x00000000cf000000, 0x00000000cf000000, 0x00000000cf100000|  0%| F|  |TAMS 0x00000000cf000000, 0x00000000cf000000| Untracked 
| 753|0x00000000cf100000, 0x00000000cf100000, 0x00000000cf200000|  0%| F|  |TAMS 0x00000000cf100000, 0x00000000cf100000| Untracked 
| 754|0x00000000cf200000, 0x00000000cf300000, 0x00000000cf300000|100%|HS|  |TAMS 0x00000000cf300000, 0x00000000cf200000| Complete 
| 755|0x00000000cf300000, 0x00000000cf400000, 0x00000000cf400000|100%|HS|  |TAMS 0x00000000cf400000, 0x00000000cf300000| Complete 
| 756|0x00000000cf400000, 0x00000000cf500000, 0x00000000cf500000|100%| O|  |TAMS 0x00000000cf500000, 0x00000000cf400000| Untracked 
| 757|0x00000000cf500000, 0x00000000cf600000, 0x00000000cf600000|100%| O|  |TAMS 0x00000000cf600000, 0x00000000cf500000| Untracked 
| 758|0x00000000cf600000, 0x00000000cf700000, 0x00000000cf700000|100%| O|  |TAMS 0x00000000cf700000, 0x00000000cf600000| Untracked 
| 759|0x00000000cf700000, 0x00000000cf800000, 0x00000000cf800000|100%| O|  |TAMS 0x00000000cf800000, 0x00000000cf700000| Untracked 
| 760|0x00000000cf800000, 0x00000000cf900000, 0x00000000cf900000|100%| O|  |TAMS 0x00000000cf900000, 0x00000000cf800000| Untracked 
| 761|0x00000000cf900000, 0x00000000cfa00000, 0x00000000cfa00000|100%| O|  |TAMS 0x00000000cfa00000, 0x00000000cf900000| Untracked 
| 762|0x00000000cfa00000, 0x00000000cfa00000, 0x00000000cfb00000|  0%| F|  |TAMS 0x00000000cfa00000, 0x00000000cfa00000| Untracked 
| 763|0x00000000cfb00000, 0x00000000cfc00000, 0x00000000cfc00000|100%| O|  |TAMS 0x00000000cfc00000, 0x00000000cfb00000| Untracked 
| 764|0x00000000cfc00000, 0x00000000cfd00000, 0x00000000cfd00000|100%| O|  |TAMS 0x00000000cfd00000, 0x00000000cfc00000| Untracked 
| 765|0x00000000cfd00000, 0x00000000cfe00000, 0x00000000cfe00000|100%| O|  |TAMS 0x00000000cfe00000, 0x00000000cfd00000| Untracked 
| 766|0x00000000cfe00000, 0x00000000cff00000, 0x00000000cff00000|100%|HS|  |TAMS 0x00000000cff00000, 0x00000000cfe00000| Complete 
| 767|0x00000000cff00000, 0x00000000d0000000, 0x00000000d0000000|100%| O|  |TAMS 0x00000000d0000000, 0x00000000cff00000| Untracked 
| 768|0x00000000d0000000, 0x00000000d0000000, 0x00000000d0100000|  0%| F|  |TAMS 0x00000000d0000000, 0x00000000d0000000| Untracked 
| 769|0x00000000d0100000, 0x00000000d0200000, 0x00000000d0200000|100%| O|  |TAMS 0x00000000d0200000, 0x00000000d0100000| Complete 
| 770|0x00000000d0200000, 0x00000000d0200000, 0x00000000d0300000|  0%| F|  |TAMS 0x00000000d0200000, 0x00000000d0200000| Untracked 
| 771|0x00000000d0300000, 0x00000000d0300000, 0x00000000d0400000|  0%| F|  |TAMS 0x00000000d0300000, 0x00000000d0300000| Untracked 
| 772|0x00000000d0400000, 0x00000000d0400000, 0x00000000d0500000|  0%| F|  |TAMS 0x00000000d0400000, 0x00000000d0400000| Untracked 
| 773|0x00000000d0500000, 0x00000000d0500000, 0x00000000d0600000|  0%| F|  |TAMS 0x00000000d0500000, 0x00000000d0500000| Untracked 
| 774|0x00000000d0600000, 0x00000000d0600000, 0x00000000d0700000|  0%| F|  |TAMS 0x00000000d0600000, 0x00000000d0600000| Untracked 
| 775|0x00000000d0700000, 0x00000000d0700000, 0x00000000d0800000|  0%| F|  |TAMS 0x00000000d0700000, 0x00000000d0700000| Untracked 
| 776|0x00000000d0800000, 0x00000000d0800000, 0x00000000d0900000|  0%| F|  |TAMS 0x00000000d0800000, 0x00000000d0800000| Untracked 
| 777|0x00000000d0900000, 0x00000000d0900000, 0x00000000d0a00000|  0%| F|  |TAMS 0x00000000d0900000, 0x00000000d0900000| Untracked 
| 778|0x00000000d0a00000, 0x00000000d0a00000, 0x00000000d0b00000|  0%| F|  |TAMS 0x00000000d0a00000, 0x00000000d0a00000| Untracked 
| 779|0x00000000d0b00000, 0x00000000d0b00000, 0x00000000d0c00000|  0%| F|  |TAMS 0x00000000d0b00000, 0x00000000d0b00000| Untracked 
| 780|0x00000000d0c00000, 0x00000000d0c00000, 0x00000000d0d00000|  0%| F|  |TAMS 0x00000000d0c00000, 0x00000000d0c00000| Untracked 
| 781|0x00000000d0d00000, 0x00000000d0d00000, 0x00000000d0e00000|  0%| F|  |TAMS 0x00000000d0d00000, 0x00000000d0d00000| Untracked 
| 782|0x00000000d0e00000, 0x00000000d0e00000, 0x00000000d0f00000|  0%| F|  |TAMS 0x00000000d0e00000, 0x00000000d0e00000| Untracked 
| 783|0x00000000d0f00000, 0x00000000d0f00000, 0x00000000d1000000|  0%| F|  |TAMS 0x00000000d0f00000, 0x00000000d0f00000| Untracked 
| 784|0x00000000d1000000, 0x00000000d1000000, 0x00000000d1100000|  0%| F|  |TAMS 0x00000000d1000000, 0x00000000d1000000| Untracked 
| 785|0x00000000d1100000, 0x00000000d1100000, 0x00000000d1200000|  0%| F|  |TAMS 0x00000000d1100000, 0x00000000d1100000| Untracked 
| 786|0x00000000d1200000, 0x00000000d1200000, 0x00000000d1300000|  0%| F|  |TAMS 0x00000000d1200000, 0x00000000d1200000| Untracked 
| 787|0x00000000d1300000, 0x00000000d1300000, 0x00000000d1400000|  0%| F|  |TAMS 0x00000000d1300000, 0x00000000d1300000| Untracked 
| 788|0x00000000d1400000, 0x00000000d1400000, 0x00000000d1500000|  0%| F|  |TAMS 0x00000000d1400000, 0x00000000d1400000| Untracked 
| 789|0x00000000d1500000, 0x00000000d1500000, 0x00000000d1600000|  0%| F|  |TAMS 0x00000000d1500000, 0x00000000d1500000| Untracked 
| 790|0x00000000d1600000, 0x00000000d1600000, 0x00000000d1700000|  0%| F|  |TAMS 0x00000000d1600000, 0x00000000d1600000| Untracked 
| 791|0x00000000d1700000, 0x00000000d1700000, 0x00000000d1800000|  0%| F|  |TAMS 0x00000000d1700000, 0x00000000d1700000| Untracked 
| 792|0x00000000d1800000, 0x00000000d1800000, 0x00000000d1900000|  0%| F|  |TAMS 0x00000000d1800000, 0x00000000d1800000| Untracked 
| 793|0x00000000d1900000, 0x00000000d1900000, 0x00000000d1a00000|  0%| F|  |TAMS 0x00000000d1900000, 0x00000000d1900000| Untracked 
| 794|0x00000000d1a00000, 0x00000000d1a00000, 0x00000000d1b00000|  0%| F|  |TAMS 0x00000000d1a00000, 0x00000000d1a00000| Untracked 
| 795|0x00000000d1b00000, 0x00000000d1b00000, 0x00000000d1c00000|  0%| F|  |TAMS 0x00000000d1b00000, 0x00000000d1b00000| Untracked 
| 796|0x00000000d1c00000, 0x00000000d1c00000, 0x00000000d1d00000|  0%| F|  |TAMS 0x00000000d1c00000, 0x00000000d1c00000| Untracked 
| 797|0x00000000d1d00000, 0x00000000d1d00000, 0x00000000d1e00000|  0%| F|  |TAMS 0x00000000d1d00000, 0x00000000d1d00000| Untracked 
| 798|0x00000000d1e00000, 0x00000000d1e00000, 0x00000000d1f00000|  0%| F|  |TAMS 0x00000000d1e00000, 0x00000000d1e00000| Untracked 
| 799|0x00000000d1f00000, 0x00000000d1f00000, 0x00000000d2000000|  0%| F|  |TAMS 0x00000000d1f00000, 0x00000000d1f00000| Untracked 
| 800|0x00000000d2000000, 0x00000000d2000000, 0x00000000d2100000|  0%| F|  |TAMS 0x00000000d2000000, 0x00000000d2000000| Untracked 
| 801|0x00000000d2100000, 0x00000000d2100000, 0x00000000d2200000|  0%| F|  |TAMS 0x00000000d2100000, 0x00000000d2100000| Untracked 
| 802|0x00000000d2200000, 0x00000000d2200000, 0x00000000d2300000|  0%| F|  |TAMS 0x00000000d2200000, 0x00000000d2200000| Untracked 
| 803|0x00000000d2300000, 0x00000000d2300000, 0x00000000d2400000|  0%| F|  |TAMS 0x00000000d2300000, 0x00000000d2300000| Untracked 
| 804|0x00000000d2400000, 0x00000000d2400000, 0x00000000d2500000|  0%| F|  |TAMS 0x00000000d2400000, 0x00000000d2400000| Untracked 
| 805|0x00000000d2500000, 0x00000000d2500000, 0x00000000d2600000|  0%| F|  |TAMS 0x00000000d2500000, 0x00000000d2500000| Untracked 
| 806|0x00000000d2600000, 0x00000000d2600000, 0x00000000d2700000|  0%| F|  |TAMS 0x00000000d2600000, 0x00000000d2600000| Untracked 
| 807|0x00000000d2700000, 0x00000000d2700000, 0x00000000d2800000|  0%| F|  |TAMS 0x00000000d2700000, 0x00000000d2700000| Untracked 
| 808|0x00000000d2800000, 0x00000000d2800000, 0x00000000d2900000|  0%| F|  |TAMS 0x00000000d2800000, 0x00000000d2800000| Untracked 
| 809|0x00000000d2900000, 0x00000000d2900000, 0x00000000d2a00000|  0%| F|  |TAMS 0x00000000d2900000, 0x00000000d2900000| Untracked 
| 810|0x00000000d2a00000, 0x00000000d2a00000, 0x00000000d2b00000|  0%| F|  |TAMS 0x00000000d2a00000, 0x00000000d2a00000| Untracked 
| 811|0x00000000d2b00000, 0x00000000d2b00000, 0x00000000d2c00000|  0%| F|  |TAMS 0x00000000d2b00000, 0x00000000d2b00000| Untracked 
| 812|0x00000000d2c00000, 0x00000000d2c00000, 0x00000000d2d00000|  0%| F|  |TAMS 0x00000000d2c00000, 0x00000000d2c00000| Untracked 
| 813|0x00000000d2d00000, 0x00000000d2d00000, 0x00000000d2e00000|  0%| F|  |TAMS 0x00000000d2d00000, 0x00000000d2d00000| Untracked 
| 814|0x00000000d2e00000, 0x00000000d2e00000, 0x00000000d2f00000|  0%| F|  |TAMS 0x00000000d2e00000, 0x00000000d2e00000| Untracked 
| 815|0x00000000d2f00000, 0x00000000d2f00000, 0x00000000d3000000|  0%| F|  |TAMS 0x00000000d2f00000, 0x00000000d2f00000| Untracked 
| 816|0x00000000d3000000, 0x00000000d3000000, 0x00000000d3100000|  0%| F|  |TAMS 0x00000000d3000000, 0x00000000d3000000| Untracked 
| 817|0x00000000d3100000, 0x00000000d3200000, 0x00000000d3200000|100%| O|  |TAMS 0x00000000d3200000, 0x00000000d3100000| Untracked 
| 818|0x00000000d3200000, 0x00000000d3300000, 0x00000000d3300000|100%| O|  |TAMS 0x00000000d3300000, 0x00000000d3200000| Untracked 
| 819|0x00000000d3300000, 0x00000000d3400000, 0x00000000d3400000|100%|HS|  |TAMS 0x00000000d3400000, 0x00000000d3300000| Complete 
| 820|0x00000000d3400000, 0x00000000d3400000, 0x00000000d3500000|  0%| F|  |TAMS 0x00000000d3400000, 0x00000000d3400000| Untracked 
| 821|0x00000000d3500000, 0x00000000d3500000, 0x00000000d3600000|  0%| F|  |TAMS 0x00000000d3500000, 0x00000000d3500000| Untracked 
| 822|0x00000000d3600000, 0x00000000d3600000, 0x00000000d3700000|  0%| F|  |TAMS 0x00000000d3600000, 0x00000000d3600000| Untracked 
| 823|0x00000000d3700000, 0x00000000d3700000, 0x00000000d3800000|  0%| F|  |TAMS 0x00000000d3700000, 0x00000000d3700000| Untracked 
| 824|0x00000000d3800000, 0x00000000d3800000, 0x00000000d3900000|  0%| F|  |TAMS 0x00000000d3800000, 0x00000000d3800000| Untracked 
| 825|0x00000000d3900000, 0x00000000d3900000, 0x00000000d3a00000|  0%| F|  |TAMS 0x00000000d3900000, 0x00000000d3900000| Untracked 
| 826|0x00000000d3a00000, 0x00000000d3a00000, 0x00000000d3b00000|  0%| F|  |TAMS 0x00000000d3a00000, 0x00000000d3a00000| Untracked 
| 827|0x00000000d3b00000, 0x00000000d3b00000, 0x00000000d3c00000|  0%| F|  |TAMS 0x00000000d3b00000, 0x00000000d3b00000| Untracked 
| 828|0x00000000d3c00000, 0x00000000d3c00000, 0x00000000d3d00000|  0%| F|  |TAMS 0x00000000d3c00000, 0x00000000d3c00000| Untracked 
| 829|0x00000000d3d00000, 0x00000000d3d00000, 0x00000000d3e00000|  0%| F|  |TAMS 0x00000000d3d00000, 0x00000000d3d00000| Untracked 
| 830|0x00000000d3e00000, 0x00000000d3e00000, 0x00000000d3f00000|  0%| F|  |TAMS 0x00000000d3e00000, 0x00000000d3e00000| Untracked 
| 831|0x00000000d3f00000, 0x00000000d3f00000, 0x00000000d4000000|  0%| F|  |TAMS 0x00000000d3f00000, 0x00000000d3f00000| Untracked 
| 832|0x00000000d4000000, 0x00000000d4000000, 0x00000000d4100000|  0%| F|  |TAMS 0x00000000d4000000, 0x00000000d4000000| Untracked 
| 833|0x00000000d4100000, 0x00000000d4200000, 0x00000000d4200000|100%| O|  |TAMS 0x00000000d4200000, 0x00000000d4100000| Untracked 
| 834|0x00000000d4200000, 0x00000000d4300000, 0x00000000d4300000|100%|HS|  |TAMS 0x00000000d4300000, 0x00000000d4200000| Complete 
| 835|0x00000000d4300000, 0x00000000d4400000, 0x00000000d4400000|100%|HC|  |TAMS 0x00000000d4400000, 0x00000000d4300000| Complete 
| 836|0x00000000d4400000, 0x00000000d4500000, 0x00000000d4500000|100%| O|  |TAMS 0x00000000d4500000, 0x00000000d4400000| Untracked 
| 837|0x00000000d4500000, 0x00000000d4600000, 0x00000000d4600000|100%| O|  |TAMS 0x00000000d4600000, 0x00000000d4500000| Untracked 
| 838|0x00000000d4600000, 0x00000000d4700000, 0x00000000d4700000|100%|HS|  |TAMS 0x00000000d4700000, 0x00000000d4600000| Complete 
| 839|0x00000000d4700000, 0x00000000d4700000, 0x00000000d4800000|  0%| F|  |TAMS 0x00000000d4700000, 0x00000000d4700000| Untracked 
| 840|0x00000000d4800000, 0x00000000d4800000, 0x00000000d4900000|  0%| F|  |TAMS 0x00000000d4800000, 0x00000000d4800000| Untracked 
| 841|0x00000000d4900000, 0x00000000d4900000, 0x00000000d4a00000|  0%| F|  |TAMS 0x00000000d4900000, 0x00000000d4900000| Untracked 
| 842|0x00000000d4a00000, 0x00000000d4a00000, 0x00000000d4b00000|  0%| F|  |TAMS 0x00000000d4a00000, 0x00000000d4a00000| Untracked 
| 843|0x00000000d4b00000, 0x00000000d4b00000, 0x00000000d4c00000|  0%| F|  |TAMS 0x00000000d4b00000, 0x00000000d4b00000| Untracked 
| 844|0x00000000d4c00000, 0x00000000d4c00000, 0x00000000d4d00000|  0%| F|  |TAMS 0x00000000d4c00000, 0x00000000d4c00000| Untracked 
| 845|0x00000000d4d00000, 0x00000000d4d00000, 0x00000000d4e00000|  0%| F|  |TAMS 0x00000000d4d00000, 0x00000000d4d00000| Untracked 
| 846|0x00000000d4e00000, 0x00000000d4f00000, 0x00000000d4f00000|100%|HS|  |TAMS 0x00000000d4f00000, 0x00000000d4e00000| Complete 
| 847|0x00000000d4f00000, 0x00000000d5000000, 0x00000000d5000000|100%|HC|  |TAMS 0x00000000d5000000, 0x00000000d4f00000| Complete 
| 848|0x00000000d5000000, 0x00000000d5100000, 0x00000000d5100000|100%|HC|  |TAMS 0x00000000d5100000, 0x00000000d5000000| Complete 
| 849|0x00000000d5100000, 0x00000000d5200000, 0x00000000d5200000|100%| O|  |TAMS 0x00000000d5200000, 0x00000000d5100000| Untracked 
| 850|0x00000000d5200000, 0x00000000d5300000, 0x00000000d5300000|100%|HS|  |TAMS 0x00000000d5300000, 0x00000000d5200000| Complete 
| 851|0x00000000d5300000, 0x00000000d5400000, 0x00000000d5400000|100%|HC|  |TAMS 0x00000000d5400000, 0x00000000d5300000| Complete 
| 852|0x00000000d5400000, 0x00000000d5500000, 0x00000000d5500000|100%| O|  |TAMS 0x00000000d5500000, 0x00000000d5400000| Untracked 
| 853|0x00000000d5500000, 0x00000000d5600000, 0x00000000d5600000|100%| O|  |TAMS 0x00000000d5600000, 0x00000000d5500000| Untracked 
| 854|0x00000000d5600000, 0x00000000d5700000, 0x00000000d5700000|100%| O|  |TAMS 0x00000000d5600000, 0x00000000d5600000| Untracked 
| 855|0x00000000d5700000, 0x00000000d5800000, 0x00000000d5800000|100%| O|  |TAMS 0x00000000d5700000, 0x00000000d5700000| Untracked 
| 856|0x00000000d5800000, 0x00000000d5900000, 0x00000000d5900000|100%|HS|  |TAMS 0x00000000d5900000, 0x00000000d5800000| Complete 
| 857|0x00000000d5900000, 0x00000000d5a00000, 0x00000000d5a00000|100%|HC|  |TAMS 0x00000000d5a00000, 0x00000000d5900000| Complete 
| 858|0x00000000d5a00000, 0x00000000d5b00000, 0x00000000d5b00000|100%| O|  |TAMS 0x00000000d5a00000, 0x00000000d5a00000| Untracked 
| 859|0x00000000d5b00000, 0x00000000d5c00000, 0x00000000d5c00000|100%|HS|  |TAMS 0x00000000d5c00000, 0x00000000d5b00000| Complete 
| 860|0x00000000d5c00000, 0x00000000d5d00000, 0x00000000d5d00000|100%|HS|  |TAMS 0x00000000d5c00000, 0x00000000d5c00000| Complete 
| 861|0x00000000d5d00000, 0x00000000d5e00000, 0x00000000d5e00000|100%|HS|  |TAMS 0x00000000d5e00000, 0x00000000d5d00000| Complete 
| 862|0x00000000d5e00000, 0x00000000d5f00000, 0x00000000d5f00000|100%|HS|  |TAMS 0x00000000d5e00000, 0x00000000d5e00000| Complete 
| 863|0x00000000d5f00000, 0x00000000d6000000, 0x00000000d6000000|100%|HS|  |TAMS 0x00000000d6000000, 0x00000000d5f00000| Complete 
| 864|0x00000000d6000000, 0x00000000d6100000, 0x00000000d6100000|100%| O|  |TAMS 0x00000000d6000000, 0x00000000d6000000| Untracked 
| 865|0x00000000d6100000, 0x00000000d6200000, 0x00000000d6200000|100%|HS|  |TAMS 0x00000000d6200000, 0x00000000d6100000| Complete 
| 866|0x00000000d6200000, 0x00000000d6300000, 0x00000000d6300000|100%| O|  |TAMS 0x00000000d6200000, 0x00000000d6200000| Untracked 
| 867|0x00000000d6300000, 0x00000000d6400000, 0x00000000d6400000|100%|HS|  |TAMS 0x00000000d6400000, 0x00000000d6300000| Complete 
| 868|0x00000000d6400000, 0x00000000d6500000, 0x00000000d6500000|100%|HS|  |TAMS 0x00000000d6400000, 0x00000000d6400000| Complete 
| 869|0x00000000d6500000, 0x00000000d6600000, 0x00000000d6600000|100%| O|  |TAMS 0x00000000d6500000, 0x00000000d6500000| Untracked 
| 870|0x00000000d6600000, 0x00000000d6700000, 0x00000000d6700000|100%|HS|  |TAMS 0x00000000d6700000, 0x00000000d6600000| Complete 
| 871|0x00000000d6700000, 0x00000000d6800000, 0x00000000d6800000|100%|HC|  |TAMS 0x00000000d6800000, 0x00000000d6700000| Complete 
| 872|0x00000000d6800000, 0x00000000d6900000, 0x00000000d6900000|100%|HS|  |TAMS 0x00000000d6800000, 0x00000000d6800000| Complete 
| 873|0x00000000d6900000, 0x00000000d6a00000, 0x00000000d6a00000|100%|HC|  |TAMS 0x00000000d6900000, 0x00000000d6900000| Complete 
| 874|0x00000000d6a00000, 0x00000000d6b00000, 0x00000000d6b00000|100%| O|  |TAMS 0x00000000d6a00000, 0x00000000d6a00000| Untracked 
| 875|0x00000000d6b00000, 0x00000000d6c00000, 0x00000000d6c00000|100%| O|  |TAMS 0x00000000d6c00000, 0x00000000d6b00000| Untracked 
| 876|0x00000000d6c00000, 0x00000000d6d00000, 0x00000000d6d00000|100%| O|  |TAMS 0x00000000d6d00000, 0x00000000d6c00000| Untracked 
| 877|0x00000000d6d00000, 0x00000000d6e00000, 0x00000000d6e00000|100%| O|  |TAMS 0x00000000d6e00000, 0x00000000d6d00000| Untracked 
| 878|0x00000000d6e00000, 0x00000000d6f00000, 0x00000000d6f00000|100%| O|  |TAMS 0x00000000d6f00000, 0x00000000d6e00000| Untracked 
| 879|0x00000000d6f00000, 0x00000000d7000000, 0x00000000d7000000|100%| O|  |TAMS 0x00000000d7000000, 0x00000000d6f00000| Untracked 
| 880|0x00000000d7000000, 0x00000000d7100000, 0x00000000d7100000|100%| O|  |TAMS 0x00000000d7100000, 0x00000000d7000000| Untracked 
| 881|0x00000000d7100000, 0x00000000d7200000, 0x00000000d7200000|100%| O|  |TAMS 0x00000000d7200000, 0x00000000d7100000| Untracked 
| 882|0x00000000d7200000, 0x00000000d7300000, 0x00000000d7300000|100%| O|  |TAMS 0x00000000d7200c00, 0x00000000d7200000| Untracked 
| 883|0x00000000d7300000, 0x00000000d7400000, 0x00000000d7400000|100%|HS|  |TAMS 0x00000000d7400000, 0x00000000d7300000| Complete 
| 884|0x00000000d7400000, 0x00000000d7500000, 0x00000000d7500000|100%|HC|  |TAMS 0x00000000d7500000, 0x00000000d7400000| Complete 
| 885|0x00000000d7500000, 0x00000000d7600000, 0x00000000d7600000|100%|HC|  |TAMS 0x00000000d7600000, 0x00000000d7500000| Complete 
| 886|0x00000000d7600000, 0x00000000d7700000, 0x00000000d7700000|100%| O|  |TAMS 0x00000000d7600000, 0x00000000d7600000| Untracked 
| 887|0x00000000d7700000, 0x00000000d7800000, 0x00000000d7800000|100%| O|  |TAMS 0x00000000d7700000, 0x00000000d7700000| Untracked 
| 888|0x00000000d7800000, 0x00000000d7900000, 0x00000000d7900000|100%| O|  |TAMS 0x00000000d7800000, 0x00000000d7800000| Untracked 
| 889|0x00000000d7900000, 0x00000000d7a00000, 0x00000000d7a00000|100%| O|  |TAMS 0x00000000d7900000, 0x00000000d7900000| Untracked 
| 890|0x00000000d7a00000, 0x00000000d7b00000, 0x00000000d7b00000|100%| O|  |TAMS 0x00000000d7a00000, 0x00000000d7a00000| Untracked 
| 891|0x00000000d7b00000, 0x00000000d7c00000, 0x00000000d7c00000|100%| O|  |TAMS 0x00000000d7b00000, 0x00000000d7b00000| Untracked 
| 892|0x00000000d7c00000, 0x00000000d7d00000, 0x00000000d7d00000|100%| O|  |TAMS 0x00000000d7c00000, 0x00000000d7c00000| Untracked 
| 893|0x00000000d7d00000, 0x00000000d7e00000, 0x00000000d7e00000|100%| O|  |TAMS 0x00000000d7d00000, 0x00000000d7d00000| Untracked 
| 894|0x00000000d7e00000, 0x00000000d7f00000, 0x00000000d7f00000|100%| O|  |TAMS 0x00000000d7e00000, 0x00000000d7e00000| Untracked 
| 895|0x00000000d7f00000, 0x00000000d8000000, 0x00000000d8000000|100%| O|  |TAMS 0x00000000d7f00000, 0x00000000d7f00000| Untracked 
| 896|0x00000000d8000000, 0x00000000d8100000, 0x00000000d8100000|100%| O|  |TAMS 0x00000000d8000000, 0x00000000d8000000| Untracked 
| 897|0x00000000d8100000, 0x00000000d8200000, 0x00000000d8200000|100%| O|  |TAMS 0x00000000d8100000, 0x00000000d8100000| Untracked 
| 898|0x00000000d8200000, 0x00000000d8300000, 0x00000000d8300000|100%| O|  |TAMS 0x00000000d8200000, 0x00000000d8200000| Untracked 
| 899|0x00000000d8300000, 0x00000000d8400000, 0x00000000d8400000|100%| O|  |TAMS 0x00000000d8300000, 0x00000000d8300000| Untracked 
| 900|0x00000000d8400000, 0x00000000d8500000, 0x00000000d8500000|100%|HS|  |TAMS 0x00000000d8400000, 0x00000000d8400000| Complete 
| 901|0x00000000d8500000, 0x00000000d8600000, 0x00000000d8600000|100%|HC|  |TAMS 0x00000000d8500000, 0x00000000d8500000| Complete 
| 902|0x00000000d8600000, 0x00000000d8700000, 0x00000000d8700000|100%| O|  |TAMS 0x00000000d8600000, 0x00000000d8600000| Untracked 
| 903|0x00000000d8700000, 0x00000000d8800000, 0x00000000d8800000|100%| O|  |TAMS 0x00000000d8700000, 0x00000000d8700000| Untracked 
| 904|0x00000000d8800000, 0x00000000d8900000, 0x00000000d8900000|100%| O|  |TAMS 0x00000000d8800000, 0x00000000d8800000| Untracked 
| 905|0x00000000d8900000, 0x00000000d8a00000, 0x00000000d8a00000|100%| O|  |TAMS 0x00000000d8900000, 0x00000000d8900000| Untracked 
| 906|0x00000000d8a00000, 0x00000000d8b00000, 0x00000000d8b00000|100%| O|  |TAMS 0x00000000d8a00000, 0x00000000d8a00000| Untracked 
| 907|0x00000000d8b00000, 0x00000000d8c00000, 0x00000000d8c00000|100%| O|  |TAMS 0x00000000d8b00000, 0x00000000d8b00000| Untracked 
| 908|0x00000000d8c00000, 0x00000000d8d00000, 0x00000000d8d00000|100%| O|  |TAMS 0x00000000d8c00000, 0x00000000d8c00000| Untracked 
| 909|0x00000000d8d00000, 0x00000000d8e00000, 0x00000000d8e00000|100%| O|  |TAMS 0x00000000d8d00000, 0x00000000d8d00000| Untracked 
| 910|0x00000000d8e00000, 0x00000000d8f00000, 0x00000000d8f00000|100%| O|  |TAMS 0x00000000d8e00000, 0x00000000d8e00000| Untracked 
| 911|0x00000000d8f00000, 0x00000000d9000000, 0x00000000d9000000|100%| O|  |TAMS 0x00000000d8f00000, 0x00000000d8f00000| Untracked 
| 912|0x00000000d9000000, 0x00000000d9100000, 0x00000000d9100000|100%| O|  |TAMS 0x00000000d9000000, 0x00000000d9000000| Untracked 
| 913|0x00000000d9100000, 0x00000000d9200000, 0x00000000d9200000|100%| O|  |TAMS 0x00000000d9100000, 0x00000000d9100000| Untracked 
| 914|0x00000000d9200000, 0x00000000d9300000, 0x00000000d9300000|100%|HS|  |TAMS 0x00000000d9200000, 0x00000000d9200000| Complete 
| 915|0x00000000d9300000, 0x00000000d9400000, 0x00000000d9400000|100%|HC|  |TAMS 0x00000000d9300000, 0x00000000d9300000| Complete 
| 916|0x00000000d9400000, 0x00000000d9500000, 0x00000000d9500000|100%| O|  |TAMS 0x00000000d9400000, 0x00000000d9400000| Untracked 
| 917|0x00000000d9500000, 0x00000000d9600000, 0x00000000d9600000|100%| O|  |TAMS 0x00000000d9500000, 0x00000000d9500000| Untracked 
| 918|0x00000000d9600000, 0x00000000d9700000, 0x00000000d9700000|100%| O|  |TAMS 0x00000000d9600000, 0x00000000d9600000| Untracked 
| 919|0x00000000d9700000, 0x00000000d9800000, 0x00000000d9800000|100%| O|  |TAMS 0x00000000d9700000, 0x00000000d9700000| Untracked 
| 920|0x00000000d9800000, 0x00000000d9900000, 0x00000000d9900000|100%| O|  |TAMS 0x00000000d9800000, 0x00000000d9800000| Untracked 
| 921|0x00000000d9900000, 0x00000000d9a00000, 0x00000000d9a00000|100%| O|  |TAMS 0x00000000d9900000, 0x00000000d9900000| Untracked 
| 922|0x00000000d9a00000, 0x00000000d9b00000, 0x00000000d9b00000|100%| O|  |TAMS 0x00000000d9a00000, 0x00000000d9a00000| Untracked 
| 923|0x00000000d9b00000, 0x00000000d9c00000, 0x00000000d9c00000|100%| O|  |TAMS 0x00000000d9b00000, 0x00000000d9b00000| Untracked 
| 924|0x00000000d9c00000, 0x00000000d9d00000, 0x00000000d9d00000|100%| O|  |TAMS 0x00000000d9c00000, 0x00000000d9c00000| Untracked 
| 925|0x00000000d9d00000, 0x00000000d9e00000, 0x00000000d9e00000|100%| O|  |TAMS 0x00000000d9d00000, 0x00000000d9d00000| Untracked 
| 926|0x00000000d9e00000, 0x00000000d9f00000, 0x00000000d9f00000|100%| O|  |TAMS 0x00000000d9e00000, 0x00000000d9e00000| Untracked 
| 927|0x00000000d9f00000, 0x00000000da000000, 0x00000000da000000|100%| O|  |TAMS 0x00000000d9f00000, 0x00000000d9f00000| Untracked 
| 928|0x00000000da000000, 0x00000000da100000, 0x00000000da100000|100%| O|  |TAMS 0x00000000da000000, 0x00000000da000000| Untracked 
| 929|0x00000000da100000, 0x00000000da200000, 0x00000000da200000|100%| O|  |TAMS 0x00000000da100000, 0x00000000da100000| Untracked 
| 930|0x00000000da200000, 0x00000000da300000, 0x00000000da300000|100%| O|  |TAMS 0x00000000da200000, 0x00000000da200000| Untracked 
| 931|0x00000000da300000, 0x00000000da400000, 0x00000000da400000|100%| O|  |TAMS 0x00000000da300000, 0x00000000da300000| Untracked 
| 932|0x00000000da400000, 0x00000000da500000, 0x00000000da500000|100%| O|  |TAMS 0x00000000da400000, 0x00000000da400000| Untracked 
| 933|0x00000000da500000, 0x00000000da600000, 0x00000000da600000|100%| O|  |TAMS 0x00000000da500000, 0x00000000da500000| Untracked 
| 934|0x00000000da600000, 0x00000000da700000, 0x00000000da700000|100%| O|  |TAMS 0x00000000da600000, 0x00000000da600000| Untracked 
| 935|0x00000000da700000, 0x00000000da800000, 0x00000000da800000|100%| O|  |TAMS 0x00000000da700000, 0x00000000da700000| Untracked 
| 936|0x00000000da800000, 0x00000000da900000, 0x00000000da900000|100%| O|  |TAMS 0x00000000da800000, 0x00000000da800000| Untracked 
| 937|0x00000000da900000, 0x00000000daa00000, 0x00000000daa00000|100%| O|  |TAMS 0x00000000da900000, 0x00000000da900000| Untracked 
| 938|0x00000000daa00000, 0x00000000dab00000, 0x00000000dab00000|100%| O|  |TAMS 0x00000000daa00000, 0x00000000daa00000| Untracked 
| 939|0x00000000dab00000, 0x00000000dac00000, 0x00000000dac00000|100%| O|  |TAMS 0x00000000dab00000, 0x00000000dab00000| Untracked 
| 940|0x00000000dac00000, 0x00000000dad00000, 0x00000000dad00000|100%| O|  |TAMS 0x00000000dac00000, 0x00000000dac00000| Untracked 
| 941|0x00000000dad00000, 0x00000000dae00000, 0x00000000dae00000|100%| O|  |TAMS 0x00000000dad00000, 0x00000000dad00000| Untracked 
| 942|0x00000000dae00000, 0x00000000daf00000, 0x00000000daf00000|100%| O|  |TAMS 0x00000000dae00000, 0x00000000dae00000| Untracked 
| 943|0x00000000daf00000, 0x00000000db000000, 0x00000000db000000|100%| O|  |TAMS 0x00000000daf00000, 0x00000000daf00000| Untracked 
| 944|0x00000000db000000, 0x00000000db100000, 0x00000000db100000|100%| O|  |TAMS 0x00000000db000000, 0x00000000db000000| Untracked 
| 945|0x00000000db100000, 0x00000000db200000, 0x00000000db200000|100%| O|  |TAMS 0x00000000db100000, 0x00000000db100000| Untracked 
| 946|0x00000000db200000, 0x00000000db300000, 0x00000000db300000|100%| O|  |TAMS 0x00000000db200000, 0x00000000db200000| Untracked 
| 947|0x00000000db300000, 0x00000000db400000, 0x00000000db400000|100%| O|  |TAMS 0x00000000db300000, 0x00000000db300000| Untracked 
| 948|0x00000000db400000, 0x00000000db500000, 0x00000000db500000|100%| O|  |TAMS 0x00000000db400000, 0x00000000db400000| Untracked 
| 949|0x00000000db500000, 0x00000000db500000, 0x00000000db600000|  0%| F|  |TAMS 0x00000000db500000, 0x00000000db500000| Untracked 
| 950|0x00000000db600000, 0x00000000db600000, 0x00000000db700000|  0%| F|  |TAMS 0x00000000db600000, 0x00000000db600000| Untracked 
| 951|0x00000000db700000, 0x00000000db700000, 0x00000000db800000|  0%| F|  |TAMS 0x00000000db700000, 0x00000000db700000| Untracked 
| 952|0x00000000db800000, 0x00000000db800000, 0x00000000db900000|  0%| F|  |TAMS 0x00000000db800000, 0x00000000db800000| Untracked 
| 953|0x00000000db900000, 0x00000000db900000, 0x00000000dba00000|  0%| F|  |TAMS 0x00000000db900000, 0x00000000db900000| Untracked 
| 954|0x00000000dba00000, 0x00000000dba00000, 0x00000000dbb00000|  0%| F|  |TAMS 0x00000000dba00000, 0x00000000dba00000| Untracked 
| 955|0x00000000dbb00000, 0x00000000dbb00000, 0x00000000dbc00000|  0%| F|  |TAMS 0x00000000dbb00000, 0x00000000dbb00000| Untracked 
| 956|0x00000000dbc00000, 0x00000000dbd00000, 0x00000000dbd00000|100%| O|  |TAMS 0x00000000dbc00000, 0x00000000dbc00000| Untracked 
| 957|0x00000000dbd00000, 0x00000000dbe00000, 0x00000000dbe00000|100%| O|  |TAMS 0x00000000dbd00000, 0x00000000dbd00000| Untracked 
| 958|0x00000000dbe00000, 0x00000000dbf00000, 0x00000000dbf00000|100%| O|  |TAMS 0x00000000dbe00000, 0x00000000dbe00000| Untracked 
| 959|0x00000000dbf00000, 0x00000000dc000000, 0x00000000dc000000|100%| O|  |TAMS 0x00000000dbf00000, 0x00000000dbf00000| Untracked 
| 960|0x00000000dc000000, 0x00000000dc000000, 0x00000000dc100000|  0%| F|  |TAMS 0x00000000dc000000, 0x00000000dc000000| Untracked 
| 961|0x00000000dc100000, 0x00000000dc100000, 0x00000000dc200000|  0%| F|  |TAMS 0x00000000dc100000, 0x00000000dc100000| Untracked 
| 962|0x00000000dc200000, 0x00000000dc200000, 0x00000000dc300000|  0%| F|  |TAMS 0x00000000dc200000, 0x00000000dc200000| Untracked 
| 963|0x00000000dc300000, 0x00000000dc300000, 0x00000000dc400000|  0%| F|  |TAMS 0x00000000dc300000, 0x00000000dc300000| Untracked 
| 964|0x00000000dc400000, 0x00000000dc400000, 0x00000000dc500000|  0%| F|  |TAMS 0x00000000dc400000, 0x00000000dc400000| Untracked 
| 965|0x00000000dc500000, 0x00000000dc500000, 0x00000000dc600000|  0%| F|  |TAMS 0x00000000dc500000, 0x00000000dc500000| Untracked 
| 966|0x00000000dc600000, 0x00000000dc600000, 0x00000000dc700000|  0%| F|  |TAMS 0x00000000dc600000, 0x00000000dc600000| Untracked 
| 967|0x00000000dc700000, 0x00000000dc700000, 0x00000000dc800000|  0%| F|  |TAMS 0x00000000dc700000, 0x00000000dc700000| Untracked 
| 968|0x00000000dc800000, 0x00000000dc800000, 0x00000000dc900000|  0%| F|  |TAMS 0x00000000dc800000, 0x00000000dc800000| Untracked 
| 969|0x00000000dc900000, 0x00000000dc900000, 0x00000000dca00000|  0%| F|  |TAMS 0x00000000dc900000, 0x00000000dc900000| Untracked 
| 970|0x00000000dca00000, 0x00000000dca00000, 0x00000000dcb00000|  0%| F|  |TAMS 0x00000000dca00000, 0x00000000dca00000| Untracked 
| 971|0x00000000dcb00000, 0x00000000dcb00000, 0x00000000dcc00000|  0%| F|  |TAMS 0x00000000dcb00000, 0x00000000dcb00000| Untracked 
| 972|0x00000000dcc00000, 0x00000000dcc00000, 0x00000000dcd00000|  0%| F|  |TAMS 0x00000000dcc00000, 0x00000000dcc00000| Untracked 
| 973|0x00000000dcd00000, 0x00000000dcd00000, 0x00000000dce00000|  0%| F|  |TAMS 0x00000000dcd00000, 0x00000000dcd00000| Untracked 
| 974|0x00000000dce00000, 0x00000000dce00000, 0x00000000dcf00000|  0%| F|  |TAMS 0x00000000dce00000, 0x00000000dce00000| Untracked 
| 975|0x00000000dcf00000, 0x00000000dcf00000, 0x00000000dd000000|  0%| F|  |TAMS 0x00000000dcf00000, 0x00000000dcf00000| Untracked 
| 976|0x00000000dd000000, 0x00000000dd000000, 0x00000000dd100000|  0%| F|  |TAMS 0x00000000dd000000, 0x00000000dd000000| Untracked 
| 977|0x00000000dd100000, 0x00000000dd100000, 0x00000000dd200000|  0%| F|  |TAMS 0x00000000dd100000, 0x00000000dd100000| Untracked 
| 978|0x00000000dd200000, 0x00000000dd200000, 0x00000000dd300000|  0%| F|  |TAMS 0x00000000dd200000, 0x00000000dd200000| Untracked 
| 979|0x00000000dd300000, 0x00000000dd300000, 0x00000000dd400000|  0%| F|  |TAMS 0x00000000dd300000, 0x00000000dd300000| Untracked 
| 980|0x00000000dd400000, 0x00000000dd400000, 0x00000000dd500000|  0%| F|  |TAMS 0x00000000dd400000, 0x00000000dd400000| Untracked 
| 981|0x00000000dd500000, 0x00000000dd500000, 0x00000000dd600000|  0%| F|  |TAMS 0x00000000dd500000, 0x00000000dd500000| Untracked 
| 982|0x00000000dd600000, 0x00000000dd600000, 0x00000000dd700000|  0%| F|  |TAMS 0x00000000dd600000, 0x00000000dd600000| Untracked 
| 983|0x00000000dd700000, 0x00000000dd700000, 0x00000000dd800000|  0%| F|  |TAMS 0x00000000dd700000, 0x00000000dd700000| Untracked 
| 984|0x00000000dd800000, 0x00000000dd800000, 0x00000000dd900000|  0%| F|  |TAMS 0x00000000dd800000, 0x00000000dd800000| Untracked 
| 985|0x00000000dd900000, 0x00000000dd900000, 0x00000000dda00000|  0%| F|  |TAMS 0x00000000dd900000, 0x00000000dd900000| Untracked 
| 986|0x00000000dda00000, 0x00000000dda00000, 0x00000000ddb00000|  0%| F|  |TAMS 0x00000000dda00000, 0x00000000dda00000| Untracked 
| 987|0x00000000ddb00000, 0x00000000ddb00000, 0x00000000ddc00000|  0%| F|  |TAMS 0x00000000ddb00000, 0x00000000ddb00000| Untracked 
| 988|0x00000000ddc00000, 0x00000000ddc00000, 0x00000000ddd00000|  0%| F|  |TAMS 0x00000000ddc00000, 0x00000000ddc00000| Untracked 
| 989|0x00000000ddd00000, 0x00000000ddd00000, 0x00000000dde00000|  0%| F|  |TAMS 0x00000000ddd00000, 0x00000000ddd00000| Untracked 
| 990|0x00000000dde00000, 0x00000000dde00000, 0x00000000ddf00000|  0%| F|  |TAMS 0x00000000dde00000, 0x00000000dde00000| Untracked 
| 991|0x00000000ddf00000, 0x00000000ddf00000, 0x00000000de000000|  0%| F|  |TAMS 0x00000000ddf00000, 0x00000000ddf00000| Untracked 
| 992|0x00000000de000000, 0x00000000de000000, 0x00000000de100000|  0%| F|  |TAMS 0x00000000de000000, 0x00000000de000000| Untracked 
| 993|0x00000000de100000, 0x00000000de100000, 0x00000000de200000|  0%| F|  |TAMS 0x00000000de100000, 0x00000000de100000| Untracked 
| 994|0x00000000de200000, 0x00000000de200000, 0x00000000de300000|  0%| F|  |TAMS 0x00000000de200000, 0x00000000de200000| Untracked 
| 995|0x00000000de300000, 0x00000000de300000, 0x00000000de400000|  0%| F|  |TAMS 0x00000000de300000, 0x00000000de300000| Untracked 
| 996|0x00000000de400000, 0x00000000de400000, 0x00000000de500000|  0%| F|  |TAMS 0x00000000de400000, 0x00000000de400000| Untracked 
| 997|0x00000000de500000, 0x00000000de500000, 0x00000000de600000|  0%| F|  |TAMS 0x00000000de500000, 0x00000000de500000| Untracked 
| 998|0x00000000de600000, 0x00000000de600000, 0x00000000de700000|  0%| F|  |TAMS 0x00000000de600000, 0x00000000de600000| Untracked 
| 999|0x00000000de700000, 0x00000000de700000, 0x00000000de800000|  0%| F|  |TAMS 0x00000000de700000, 0x00000000de700000| Untracked 
|1000|0x00000000de800000, 0x00000000de800000, 0x00000000de900000|  0%| F|  |TAMS 0x00000000de800000, 0x00000000de800000| Untracked 
|1001|0x00000000de900000, 0x00000000de900000, 0x00000000dea00000|  0%| F|  |TAMS 0x00000000de900000, 0x00000000de900000| Untracked 
|1002|0x00000000dea00000, 0x00000000dea00000, 0x00000000deb00000|  0%| F|  |TAMS 0x00000000dea00000, 0x00000000dea00000| Untracked 
|1003|0x00000000deb00000, 0x00000000deb00000, 0x00000000dec00000|  0%| F|  |TAMS 0x00000000deb00000, 0x00000000deb00000| Untracked 
|1004|0x00000000dec00000, 0x00000000dec00000, 0x00000000ded00000|  0%| F|  |TAMS 0x00000000dec00000, 0x00000000dec00000| Untracked 
|1005|0x00000000ded00000, 0x00000000ded00000, 0x00000000dee00000|  0%| F|  |TAMS 0x00000000ded00000, 0x00000000ded00000| Untracked 
|1006|0x00000000dee00000, 0x00000000dee00000, 0x00000000def00000|  0%| F|  |TAMS 0x00000000dee00000, 0x00000000dee00000| Untracked 
|1007|0x00000000def00000, 0x00000000def00000, 0x00000000df000000|  0%| F|  |TAMS 0x00000000def00000, 0x00000000def00000| Untracked 
|1008|0x00000000df000000, 0x00000000df000000, 0x00000000df100000|  0%| F|  |TAMS 0x00000000df000000, 0x00000000df000000| Untracked 
|1009|0x00000000df100000, 0x00000000df100000, 0x00000000df200000|  0%| F|  |TAMS 0x00000000df100000, 0x00000000df100000| Untracked 
|1010|0x00000000df200000, 0x00000000df200000, 0x00000000df300000|  0%| F|  |TAMS 0x00000000df200000, 0x00000000df200000| Untracked 
|1011|0x00000000df300000, 0x00000000df300000, 0x00000000df400000|  0%| F|  |TAMS 0x00000000df300000, 0x00000000df300000| Untracked 
|1012|0x00000000df400000, 0x00000000df400000, 0x00000000df500000|  0%| F|  |TAMS 0x00000000df400000, 0x00000000df400000| Untracked 
|1013|0x00000000df500000, 0x00000000df500000, 0x00000000df600000|  0%| F|  |TAMS 0x00000000df500000, 0x00000000df500000| Untracked 
|1014|0x00000000df600000, 0x00000000df600000, 0x00000000df700000|  0%| F|  |TAMS 0x00000000df600000, 0x00000000df600000| Untracked 
|1015|0x00000000df700000, 0x00000000df700000, 0x00000000df800000|  0%| F|  |TAMS 0x00000000df700000, 0x00000000df700000| Untracked 
|1016|0x00000000df800000, 0x00000000df800000, 0x00000000df900000|  0%| F|  |TAMS 0x00000000df800000, 0x00000000df800000| Untracked 
|1017|0x00000000df900000, 0x00000000df900000, 0x00000000dfa00000|  0%| F|  |TAMS 0x00000000df900000, 0x00000000df900000| Untracked 
|1018|0x00000000dfa00000, 0x00000000dfa00000, 0x00000000dfb00000|  0%| F|  |TAMS 0x00000000dfa00000, 0x00000000dfa00000| Untracked 
|1019|0x00000000dfb00000, 0x00000000dfb00000, 0x00000000dfc00000|  0%| F|  |TAMS 0x00000000dfb00000, 0x00000000dfb00000| Untracked 
|1020|0x00000000dfc00000, 0x00000000dfc00000, 0x00000000dfd00000|  0%| F|  |TAMS 0x00000000dfc00000, 0x00000000dfc00000| Untracked 
|1021|0x00000000dfd00000, 0x00000000dfd00000, 0x00000000dfe00000|  0%| F|  |TAMS 0x00000000dfd00000, 0x00000000dfd00000| Untracked 
|1022|0x00000000dfe00000, 0x00000000dfe00000, 0x00000000dff00000|  0%| F|  |TAMS 0x00000000dfe00000, 0x00000000dfe00000| Untracked 
|1023|0x00000000dff00000, 0x00000000dff00000, 0x00000000e0000000|  0%| F|  |TAMS 0x00000000dff00000, 0x00000000dff00000| Untracked 
|1024|0x00000000e0000000, 0x00000000e0000000, 0x00000000e0100000|  0%| F|  |TAMS 0x00000000e0000000, 0x00000000e0000000| Untracked 
|1025|0x00000000e0100000, 0x00000000e0100000, 0x00000000e0200000|  0%| F|  |TAMS 0x00000000e0100000, 0x00000000e0100000| Untracked 
|1026|0x00000000e0200000, 0x00000000e0200000, 0x00000000e0300000|  0%| F|  |TAMS 0x00000000e0200000, 0x00000000e0200000| Untracked 
|1027|0x00000000e0300000, 0x00000000e0300000, 0x00000000e0400000|  0%| F|  |TAMS 0x00000000e0300000, 0x00000000e0300000| Untracked 
|1028|0x00000000e0400000, 0x00000000e0400000, 0x00000000e0500000|  0%| F|  |TAMS 0x00000000e0400000, 0x00000000e0400000| Untracked 
|1029|0x00000000e0500000, 0x00000000e0500000, 0x00000000e0600000|  0%| F|  |TAMS 0x00000000e0500000, 0x00000000e0500000| Untracked 
|1030|0x00000000e0600000, 0x00000000e0600000, 0x00000000e0700000|  0%| F|  |TAMS 0x00000000e0600000, 0x00000000e0600000| Untracked 
|1031|0x00000000e0700000, 0x00000000e0700000, 0x00000000e0800000|  0%| F|  |TAMS 0x00000000e0700000, 0x00000000e0700000| Untracked 
|1032|0x00000000e0800000, 0x00000000e0800000, 0x00000000e0900000|  0%| F|  |TAMS 0x00000000e0800000, 0x00000000e0800000| Untracked 
|1033|0x00000000e0900000, 0x00000000e0900000, 0x00000000e0a00000|  0%| F|  |TAMS 0x00000000e0900000, 0x00000000e0900000| Untracked 
|1034|0x00000000e0a00000, 0x00000000e0a00000, 0x00000000e0b00000|  0%| F|  |TAMS 0x00000000e0a00000, 0x00000000e0a00000| Untracked 
|1035|0x00000000e0b00000, 0x00000000e0b00000, 0x00000000e0c00000|  0%| F|  |TAMS 0x00000000e0b00000, 0x00000000e0b00000| Untracked 
|1036|0x00000000e0c00000, 0x00000000e0c00000, 0x00000000e0d00000|  0%| F|  |TAMS 0x00000000e0c00000, 0x00000000e0c00000| Untracked 
|1037|0x00000000e0d00000, 0x00000000e0d00000, 0x00000000e0e00000|  0%| F|  |TAMS 0x00000000e0d00000, 0x00000000e0d00000| Untracked 
|1038|0x00000000e0e00000, 0x00000000e0e00000, 0x00000000e0f00000|  0%| F|  |TAMS 0x00000000e0e00000, 0x00000000e0e00000| Untracked 
|1039|0x00000000e0f00000, 0x00000000e0f00000, 0x00000000e1000000|  0%| F|  |TAMS 0x00000000e0f00000, 0x00000000e0f00000| Untracked 
|1040|0x00000000e1000000, 0x00000000e1000000, 0x00000000e1100000|  0%| F|  |TAMS 0x00000000e1000000, 0x00000000e1000000| Untracked 
|1041|0x00000000e1100000, 0x00000000e1100000, 0x00000000e1200000|  0%| F|  |TAMS 0x00000000e1100000, 0x00000000e1100000| Untracked 
|1042|0x00000000e1200000, 0x00000000e1200000, 0x00000000e1300000|  0%| F|  |TAMS 0x00000000e1200000, 0x00000000e1200000| Untracked 
|1043|0x00000000e1300000, 0x00000000e1300000, 0x00000000e1400000|  0%| F|  |TAMS 0x00000000e1300000, 0x00000000e1300000| Untracked 
|1044|0x00000000e1400000, 0x00000000e1400000, 0x00000000e1500000|  0%| F|  |TAMS 0x00000000e1400000, 0x00000000e1400000| Untracked 
|1045|0x00000000e1500000, 0x00000000e1500000, 0x00000000e1600000|  0%| F|  |TAMS 0x00000000e1500000, 0x00000000e1500000| Untracked 
|1046|0x00000000e1600000, 0x00000000e1600000, 0x00000000e1700000|  0%| F|  |TAMS 0x00000000e1600000, 0x00000000e1600000| Untracked 
|1047|0x00000000e1700000, 0x00000000e1700000, 0x00000000e1800000|  0%| F|  |TAMS 0x00000000e1700000, 0x00000000e1700000| Untracked 
|1048|0x00000000e1800000, 0x00000000e1800000, 0x00000000e1900000|  0%| F|  |TAMS 0x00000000e1800000, 0x00000000e1800000| Untracked 
|1049|0x00000000e1900000, 0x00000000e1900000, 0x00000000e1a00000|  0%| F|  |TAMS 0x00000000e1900000, 0x00000000e1900000| Untracked 
|1050|0x00000000e1a00000, 0x00000000e1a00000, 0x00000000e1b00000|  0%| F|  |TAMS 0x00000000e1a00000, 0x00000000e1a00000| Untracked 
|1051|0x00000000e1b00000, 0x00000000e1b00000, 0x00000000e1c00000|  0%| F|  |TAMS 0x00000000e1b00000, 0x00000000e1b00000| Untracked 
|1052|0x00000000e1c00000, 0x00000000e1c00000, 0x00000000e1d00000|  0%| F|  |TAMS 0x00000000e1c00000, 0x00000000e1c00000| Untracked 
|1053|0x00000000e1d00000, 0x00000000e1d00000, 0x00000000e1e00000|  0%| F|  |TAMS 0x00000000e1d00000, 0x00000000e1d00000| Untracked 
|1054|0x00000000e1e00000, 0x00000000e1e00000, 0x00000000e1f00000|  0%| F|  |TAMS 0x00000000e1e00000, 0x00000000e1e00000| Untracked 
|1055|0x00000000e1f00000, 0x00000000e1f00000, 0x00000000e2000000|  0%| F|  |TAMS 0x00000000e1f00000, 0x00000000e1f00000| Untracked 
|1056|0x00000000e2000000, 0x00000000e2000000, 0x00000000e2100000|  0%| F|  |TAMS 0x00000000e2000000, 0x00000000e2000000| Untracked 
|1057|0x00000000e2100000, 0x00000000e2100000, 0x00000000e2200000|  0%| F|  |TAMS 0x00000000e2100000, 0x00000000e2100000| Untracked 
|1058|0x00000000e2200000, 0x00000000e2200000, 0x00000000e2300000|  0%| F|  |TAMS 0x00000000e2200000, 0x00000000e2200000| Untracked 
|1059|0x00000000e2300000, 0x00000000e2300000, 0x00000000e2400000|  0%| F|  |TAMS 0x00000000e2300000, 0x00000000e2300000| Untracked 
|1060|0x00000000e2400000, 0x00000000e2400000, 0x00000000e2500000|  0%| F|  |TAMS 0x00000000e2400000, 0x00000000e2400000| Untracked 
|1061|0x00000000e2500000, 0x00000000e2500000, 0x00000000e2600000|  0%| F|  |TAMS 0x00000000e2500000, 0x00000000e2500000| Untracked 
|1062|0x00000000e2600000, 0x00000000e2600000, 0x00000000e2700000|  0%| F|  |TAMS 0x00000000e2600000, 0x00000000e2600000| Untracked 
|1063|0x00000000e2700000, 0x00000000e2700000, 0x00000000e2800000|  0%| F|  |TAMS 0x00000000e2700000, 0x00000000e2700000| Untracked 
|1064|0x00000000e2800000, 0x00000000e2800000, 0x00000000e2900000|  0%| F|  |TAMS 0x00000000e2800000, 0x00000000e2800000| Untracked 
|1065|0x00000000e2900000, 0x00000000e2900000, 0x00000000e2a00000|  0%| F|  |TAMS 0x00000000e2900000, 0x00000000e2900000| Untracked 
|1066|0x00000000e2a00000, 0x00000000e2ad3ba8, 0x00000000e2b00000| 82%| S|CS|TAMS 0x00000000e2a00000, 0x00000000e2a00000| Complete 
|1067|0x00000000e2b00000, 0x00000000e2c00000, 0x00000000e2c00000|100%| S|CS|TAMS 0x00000000e2b00000, 0x00000000e2b00000| Complete 
|1068|0x00000000e2c00000, 0x00000000e2d00000, 0x00000000e2d00000|100%| S|CS|TAMS 0x00000000e2c00000, 0x00000000e2c00000| Complete 
|1069|0x00000000e2d00000, 0x00000000e2e00000, 0x00000000e2e00000|100%| S|CS|TAMS 0x00000000e2d00000, 0x00000000e2d00000| Complete 
|1070|0x00000000e2e00000, 0x00000000e2f00000, 0x00000000e2f00000|100%| S|CS|TAMS 0x00000000e2e00000, 0x00000000e2e00000| Complete 
|1071|0x00000000e2f00000, 0x00000000e2f00000, 0x00000000e3000000|  0%| F|  |TAMS 0x00000000e2f00000, 0x00000000e2f00000| Untracked 
|1072|0x00000000e3000000, 0x00000000e3000000, 0x00000000e3100000|  0%| F|  |TAMS 0x00000000e3000000, 0x00000000e3000000| Untracked 
|1073|0x00000000e3100000, 0x00000000e3100000, 0x00000000e3200000|  0%| F|  |TAMS 0x00000000e3100000, 0x00000000e3100000| Untracked 
|1074|0x00000000e3200000, 0x00000000e3200000, 0x00000000e3300000|  0%| F|  |TAMS 0x00000000e3200000, 0x00000000e3200000| Untracked 
|1075|0x00000000e3300000, 0x00000000e3300000, 0x00000000e3400000|  0%| F|  |TAMS 0x00000000e3300000, 0x00000000e3300000| Untracked 
|1076|0x00000000e3400000, 0x00000000e3400000, 0x00000000e3500000|  0%| F|  |TAMS 0x00000000e3400000, 0x00000000e3400000| Untracked 
|1077|0x00000000e3500000, 0x00000000e3500000, 0x00000000e3600000|  0%| F|  |TAMS 0x00000000e3500000, 0x00000000e3500000| Untracked 
|1078|0x00000000e3600000, 0x00000000e3600000, 0x00000000e3700000|  0%| F|  |TAMS 0x00000000e3600000, 0x00000000e3600000| Untracked 
|1079|0x00000000e3700000, 0x00000000e3700000, 0x00000000e3800000|  0%| F|  |TAMS 0x00000000e3700000, 0x00000000e3700000| Untracked 
|1080|0x00000000e3800000, 0x00000000e3800000, 0x00000000e3900000|  0%| F|  |TAMS 0x00000000e3800000, 0x00000000e3800000| Untracked 
|1081|0x00000000e3900000, 0x00000000e3900000, 0x00000000e3a00000|  0%| F|  |TAMS 0x00000000e3900000, 0x00000000e3900000| Untracked 
|1082|0x00000000e3a00000, 0x00000000e3a00000, 0x00000000e3b00000|  0%| F|  |TAMS 0x00000000e3a00000, 0x00000000e3a00000| Untracked 
|1083|0x00000000e3b00000, 0x00000000e3b00000, 0x00000000e3c00000|  0%| F|  |TAMS 0x00000000e3b00000, 0x00000000e3b00000| Untracked 
|1084|0x00000000e3c00000, 0x00000000e3c00000, 0x00000000e3d00000|  0%| F|  |TAMS 0x00000000e3c00000, 0x00000000e3c00000| Untracked 
|1085|0x00000000e3d00000, 0x00000000e3d00000, 0x00000000e3e00000|  0%| F|  |TAMS 0x00000000e3d00000, 0x00000000e3d00000| Untracked 
|1086|0x00000000e3e00000, 0x00000000e3e00000, 0x00000000e3f00000|  0%| F|  |TAMS 0x00000000e3e00000, 0x00000000e3e00000| Untracked 
|1087|0x00000000e3f00000, 0x00000000e3f00000, 0x00000000e4000000|  0%| F|  |TAMS 0x00000000e3f00000, 0x00000000e3f00000| Untracked 
|1088|0x00000000e4000000, 0x00000000e4000000, 0x00000000e4100000|  0%| F|  |TAMS 0x00000000e4000000, 0x00000000e4000000| Untracked 
|1089|0x00000000e4100000, 0x00000000e4100000, 0x00000000e4200000|  0%| F|  |TAMS 0x00000000e4100000, 0x00000000e4100000| Untracked 
|1090|0x00000000e4200000, 0x00000000e4200000, 0x00000000e4300000|  0%| F|  |TAMS 0x00000000e4200000, 0x00000000e4200000| Untracked 
|1091|0x00000000e4300000, 0x00000000e4300000, 0x00000000e4400000|  0%| F|  |TAMS 0x00000000e4300000, 0x00000000e4300000| Untracked 
|1092|0x00000000e4400000, 0x00000000e4400000, 0x00000000e4500000|  0%| F|  |TAMS 0x00000000e4400000, 0x00000000e4400000| Untracked 
|1093|0x00000000e4500000, 0x00000000e4500000, 0x00000000e4600000|  0%| F|  |TAMS 0x00000000e4500000, 0x00000000e4500000| Untracked 
|1094|0x00000000e4600000, 0x00000000e4600000, 0x00000000e4700000|  0%| F|  |TAMS 0x00000000e4600000, 0x00000000e4600000| Untracked 
|1095|0x00000000e4700000, 0x00000000e4700000, 0x00000000e4800000|  0%| F|  |TAMS 0x00000000e4700000, 0x00000000e4700000| Untracked 
|1096|0x00000000e4800000, 0x00000000e4800000, 0x00000000e4900000|  0%| F|  |TAMS 0x00000000e4800000, 0x00000000e4800000| Untracked 
|1097|0x00000000e4900000, 0x00000000e4900000, 0x00000000e4a00000|  0%| F|  |TAMS 0x00000000e4900000, 0x00000000e4900000| Untracked 
|1098|0x00000000e4a00000, 0x00000000e4a00000, 0x00000000e4b00000|  0%| F|  |TAMS 0x00000000e4a00000, 0x00000000e4a00000| Untracked 
|1099|0x00000000e4b00000, 0x00000000e4b00000, 0x00000000e4c00000|  0%| F|  |TAMS 0x00000000e4b00000, 0x00000000e4b00000| Untracked 
|1100|0x00000000e4c00000, 0x00000000e4c00000, 0x00000000e4d00000|  0%| F|  |TAMS 0x00000000e4c00000, 0x00000000e4c00000| Untracked 
|1101|0x00000000e4d00000, 0x00000000e4d00000, 0x00000000e4e00000|  0%| F|  |TAMS 0x00000000e4d00000, 0x00000000e4d00000| Untracked 
|1102|0x00000000e4e00000, 0x00000000e4e00000, 0x00000000e4f00000|  0%| F|  |TAMS 0x00000000e4e00000, 0x00000000e4e00000| Untracked 
|1103|0x00000000e4f00000, 0x00000000e4f00000, 0x00000000e5000000|  0%| F|  |TAMS 0x00000000e4f00000, 0x00000000e4f00000| Untracked 
|1104|0x00000000e5000000, 0x00000000e5000000, 0x00000000e5100000|  0%| F|  |TAMS 0x00000000e5000000, 0x00000000e5000000| Untracked 
|1105|0x00000000e5100000, 0x00000000e5100000, 0x00000000e5200000|  0%| F|  |TAMS 0x00000000e5100000, 0x00000000e5100000| Untracked 
|1106|0x00000000e5200000, 0x00000000e5200000, 0x00000000e5300000|  0%| F|  |TAMS 0x00000000e5200000, 0x00000000e5200000| Untracked 
|1107|0x00000000e5300000, 0x00000000e5300000, 0x00000000e5400000|  0%| F|  |TAMS 0x00000000e5300000, 0x00000000e5300000| Untracked 
|1108|0x00000000e5400000, 0x00000000e5400000, 0x00000000e5500000|  0%| F|  |TAMS 0x00000000e5400000, 0x00000000e5400000| Untracked 
|1109|0x00000000e5500000, 0x00000000e5500000, 0x00000000e5600000|  0%| F|  |TAMS 0x00000000e5500000, 0x00000000e5500000| Untracked 
|1110|0x00000000e5600000, 0x00000000e5600000, 0x00000000e5700000|  0%| F|  |TAMS 0x00000000e5600000, 0x00000000e5600000| Untracked 
|1111|0x00000000e5700000, 0x00000000e5700000, 0x00000000e5800000|  0%| F|  |TAMS 0x00000000e5700000, 0x00000000e5700000| Untracked 
|1112|0x00000000e5800000, 0x00000000e5800000, 0x00000000e5900000|  0%| F|  |TAMS 0x00000000e5800000, 0x00000000e5800000| Untracked 
|1113|0x00000000e5900000, 0x00000000e5900000, 0x00000000e5a00000|  0%| F|  |TAMS 0x00000000e5900000, 0x00000000e5900000| Untracked 
|1114|0x00000000e5a00000, 0x00000000e5a00000, 0x00000000e5b00000|  0%| F|  |TAMS 0x00000000e5a00000, 0x00000000e5a00000| Untracked 
|1115|0x00000000e5b00000, 0x00000000e5b00000, 0x00000000e5c00000|  0%| F|  |TAMS 0x00000000e5b00000, 0x00000000e5b00000| Untracked 
|1116|0x00000000e5c00000, 0x00000000e5c00000, 0x00000000e5d00000|  0%| F|  |TAMS 0x00000000e5c00000, 0x00000000e5c00000| Untracked 
|1117|0x00000000e5d00000, 0x00000000e5d00000, 0x00000000e5e00000|  0%| F|  |TAMS 0x00000000e5d00000, 0x00000000e5d00000| Untracked 
|1118|0x00000000e5e00000, 0x00000000e5e00000, 0x00000000e5f00000|  0%| F|  |TAMS 0x00000000e5e00000, 0x00000000e5e00000| Untracked 
|1119|0x00000000e5f00000, 0x00000000e5f00000, 0x00000000e6000000|  0%| F|  |TAMS 0x00000000e5f00000, 0x00000000e5f00000| Untracked 
|1120|0x00000000e6000000, 0x00000000e6000000, 0x00000000e6100000|  0%| F|  |TAMS 0x00000000e6000000, 0x00000000e6000000| Untracked 
|1121|0x00000000e6100000, 0x00000000e6100000, 0x00000000e6200000|  0%| F|  |TAMS 0x00000000e6100000, 0x00000000e6100000| Untracked 
|1122|0x00000000e6200000, 0x00000000e6200000, 0x00000000e6300000|  0%| F|  |TAMS 0x00000000e6200000, 0x00000000e6200000| Untracked 
|1123|0x00000000e6300000, 0x00000000e6300000, 0x00000000e6400000|  0%| F|  |TAMS 0x00000000e6300000, 0x00000000e6300000| Untracked 
|1124|0x00000000e6400000, 0x00000000e6400000, 0x00000000e6500000|  0%| F|  |TAMS 0x00000000e6400000, 0x00000000e6400000| Untracked 
|1125|0x00000000e6500000, 0x00000000e6500000, 0x00000000e6600000|  0%| F|  |TAMS 0x00000000e6500000, 0x00000000e6500000| Untracked 
|1126|0x00000000e6600000, 0x00000000e6600000, 0x00000000e6700000|  0%| F|  |TAMS 0x00000000e6600000, 0x00000000e6600000| Untracked 

Card table byte_map: [0x000001e079c10000,0x000001e079f10000] _byte_map_base: 0x000001e079710000

Marking Bits (Prev, Next): (CMBitMap*) 0x000001e075f45e30, (CMBitMap*) 0x000001e075f45e70
 Prev Bits: [0x000001e07a210000, 0x000001e07ba10000)
 Next Bits: [0x000001e07ba10000, 0x000001e07d210000)

Polling page: 0x000001e073d10000

Metaspace:

Usage:
  Non-class:    160.42 MB used.
      Class:     23.13 MB used.
       Both:    183.55 MB used.

Virtual space:
  Non-class space:      168.00 MB reserved,     161.06 MB ( 96%) committed,  21 nodes.
      Class space:        1.00 GB reserved,      23.69 MB (  2%) committed,  1 nodes.
             Both:        1.16 GB reserved,     184.75 MB ( 15%) committed. 

Chunk freelists:
   Non-Class:  2.80 MB
       Class:  238.00 KB
        Both:  3.03 MB

MaxMetaspaceSize: unlimited
CompressedClassSpaceSize: 1.00 GB
Initial GC threshold: 21.00 MB
Current GC threshold: 307.81 MB
CDS: off
MetaspaceReclaimPolicy: balanced
 - commit_granule_bytes: 65536.
 - commit_granule_words: 8192.
 - virtual_space_node_default_size: 1048576.
 - enlarge_chunks_in_place: 1.
 - new_chunks_are_fully_committed: 0.
 - uncommit_free_chunks: 1.
 - use_allocation_guard: 0.
 - handle_deallocations: 1.


Internal statistics:

num_allocs_failed_limit: 8.
num_arena_births: 1704.
num_arena_deaths: 26.
num_vsnodes_births: 22.
num_vsnodes_deaths: 0.
num_space_committed: 2955.
num_space_uncommitted: 0.
num_chunks_returned_to_freelist: 47.
num_chunks_taken_from_freelist: 8915.
num_chunk_merges: 18.
num_chunk_splits: 6108.
num_chunks_enlarged: 4247.
num_purges: 4.
num_inconsistent_stats: 0.

CodeHeap 'non-profiled nmethods': size=120000Kb used=27113Kb max_used=27115Kb free=92886Kb
 bounds [0x000001e007ad0000, 0x000001e0095d0000, 0x000001e00f000000]
CodeHeap 'profiled nmethods': size=120000Kb used=68116Kb max_used=68116Kb free=51883Kb
 bounds [0x000001e000000000, 0x000001e004290000, 0x000001e007530000]
CodeHeap 'non-nmethods': size=5760Kb used=2599Kb max_used=2863Kb free=3160Kb
 bounds [0x000001e007530000, 0x000001e007810000, 0x000001e007ad0000]
 total_blobs=35534 nmethods=34358 adapters=1087
 compilation: enabled
              stopped_count=0, restarted_count=0
 full_count=0

Compilation events (20 events):
Event: 328.411 Thread 0x000001e00f8b7310 45466       2       com.android.tools.r8.graph.Z$$Lambda$2230/0x00000001010e4eb0::accept (12 bytes)
Event: 328.411 Thread 0x000001e00f8b7310 nmethod 45466 0x000001e004282710 code [0x000001e0042828a0, 0x000001e0042829e8]
Event: 328.411 Thread 0x000001e00f8b7310 45467       2       com.android.tools.r8.graph.Z::a (53 bytes)
Event: 328.412 Thread 0x000001e00f8b7310 nmethod 45467 0x000001e004282a90 code [0x000001e004282c80, 0x000001e004282fa8]
Event: 328.412 Thread 0x000001e00f8b7310 45470       2       com.android.tools.r8.code.H2::a (13 bytes)
Event: 328.412 Thread 0x000001e00f8b7310 nmethod 45470 0x000001e004283310 code [0x000001e0042834e0, 0x000001e0042836f8]
Event: 328.412 Thread 0x000001e00f8b7310 45472       2       com.android.tools.r8.code.L::a (13 bytes)
Event: 328.413 Thread 0x000001e00f8b7310 nmethod 45472 0x000001e004283890 code [0x000001e004283a60, 0x000001e004283c78]
Event: 328.413 Thread 0x000001e00f8b7310 45471       2       com.android.tools.r8.code.H2::H (8 bytes)
Event: 328.413 Thread 0x000001e00f8b7310 nmethod 45471 0x000001e004283e10 code [0x000001e004283fa0, 0x000001e0042840d8]
Event: 328.413 Thread 0x000001e00f8b7310 45469       2       com.android.tools.r8.graph.Z$$Lambda$2232/0x00000001010e5360::<init> (20 bytes)
Event: 328.413 Thread 0x000001e00f8b7310 nmethod 45469 0x000001e004284190 code [0x000001e004284320, 0x000001e004284538]
Event: 328.418 Thread 0x000001e00f8b7310 45477       2       com.android.tools.r8.dex.z$g::a (9 bytes)
Event: 328.418 Thread 0x000001e00f8b7310 nmethod 45477 0x000001e004284610 code [0x000001e0042847a0, 0x000001e0042848c8]
Event: 328.426 Thread 0x000001e01bbc4b10 nmethod 45416 0x000001e008973390 code [0x000001e008973620, 0x000001e008974db8]
Event: 328.426 Thread 0x000001e01bbc4b10 45473 %     4       com.android.tools.r8.graph.E::a @ 18 (275 bytes)
Event: 328.426 Thread 0x000001e00f8b7310 45483       2       com.android.tools.r8.code.R3::a (1 bytes)
Event: 328.427 Thread 0x000001e00f8b7310 nmethod 45483 0x000001e004284990 code [0x000001e004284b20, 0x000001e004284c18]
Event: 328.428 Thread 0x000001e00f8b7310 45485       2       com.android.tools.r8.internal.X$i$a::j (30 bytes)
Event: 328.428 Thread 0x000001e00f8b7310 nmethod 45485 0x000001e004284c90 code [0x000001e004284e40, 0x000001e004285038]

GC Heap History (20 events):
Event: 326.200 GC heap after
{Heap after GC invocations=214 (full 0):
 garbage-first heap   total 1021952K, used 901122K [0x00000000a0000000, 0x0000000100000000)
  region size 1024K, 7 young (7168K), 7 survivors (7168K)
 Metaspace       used 187834K, committed 189056K, reserved 1220608K
  class space    used 23676K, committed 24256K, reserved 1048576K
}
Event: 326.202 GC heap before
{Heap before GC invocations=214 (full 0):
 garbage-first heap   total 1021952K, used 904194K [0x00000000a0000000, 0x0000000100000000)
  region size 1024K, 9 young (9216K), 7 survivors (7168K)
 Metaspace       used 187834K, committed 189056K, reserved 1220608K
  class space    used 23676K, committed 24256K, reserved 1048576K
}
Event: 326.204 GC heap after
{Heap after GC invocations=215 (full 0):
 garbage-first heap   total 1021952K, used 901432K [0x00000000a0000000, 0x0000000100000000)
  region size 1024K, 5 young (5120K), 5 survivors (5120K)
 Metaspace       used 187834K, committed 189056K, reserved 1220608K
  class space    used 23676K, committed 24256K, reserved 1048576K
}
Event: 326.267 GC heap before
{Heap before GC invocations=215 (full 0):
 garbage-first heap   total 1021952K, used 951608K [0x00000000a0000000, 0x0000000100000000)
  region size 1024K, 49 young (50176K), 5 survivors (5120K)
 Metaspace       used 187839K, committed 189056K, reserved 1220608K
  class space    used 23676K, committed 24256K, reserved 1048576K
}
Event: 326.274 GC heap after
{Heap after GC invocations=216 (full 0):
 garbage-first heap   total 1021952K, used 916710K [0x00000000a0000000, 0x0000000100000000)
  region size 1024K, 7 young (7168K), 7 survivors (7168K)
 Metaspace       used 187839K, committed 189056K, reserved 1220608K
  class space    used 23676K, committed 24256K, reserved 1048576K
}
Event: 326.353 GC heap before
{Heap before GC invocations=216 (full 0):
 garbage-first heap   total 1021952K, used 961766K [0x00000000a0000000, 0x0000000100000000)
  region size 1024K, 49 young (50176K), 7 survivors (7168K)
 Metaspace       used 187846K, committed 189056K, reserved 1220608K
  class space    used 23676K, committed 24256K, reserved 1048576K
}
Event: 326.362 GC heap after
{Heap after GC invocations=217 (full 0):
 garbage-first heap   total 1021952K, used 928730K [0x00000000a0000000, 0x0000000100000000)
  region size 1024K, 7 young (7168K), 7 survivors (7168K)
 Metaspace       used 187846K, committed 189056K, reserved 1220608K
  class space    used 23676K, committed 24256K, reserved 1048576K
}
Event: 326.432 GC heap before
{Heap before GC invocations=217 (full 0):
 garbage-first heap   total 1021952K, used 972762K [0x00000000a0000000, 0x0000000100000000)
  region size 1024K, 49 young (50176K), 7 survivors (7168K)
 Metaspace       used 187855K, committed 189056K, reserved 1220608K
  class space    used 23676K, committed 24256K, reserved 1048576K
}
Event: 326.442 GC heap after
{Heap after GC invocations=218 (full 0):
 garbage-first heap   total 1021952K, used 942344K [0x00000000a0000000, 0x0000000100000000)
  region size 1024K, 7 young (7168K), 7 survivors (7168K)
 Metaspace       used 187855K, committed 189056K, reserved 1220608K
  class space    used 23676K, committed 24256K, reserved 1048576K
}
Event: 326.528 GC heap before
{Heap before GC invocations=218 (full 0):
 garbage-first heap   total 1021952K, used 987400K [0x00000000a0000000, 0x0000000100000000)
  region size 1024K, 49 young (50176K), 7 survivors (7168K)
 Metaspace       used 187883K, committed 189120K, reserved 1220608K
  class space    used 23676K, committed 24256K, reserved 1048576K
}
Event: 326.543 GC heap after
{Heap after GC invocations=219 (full 0):
 garbage-first heap   total 1154048K, used 958463K [0x00000000a0000000, 0x0000000100000000)
  region size 1024K, 7 young (7168K), 7 survivors (7168K)
 Metaspace       used 187883K, committed 189120K, reserved 1220608K
  class space    used 23676K, committed 24256K, reserved 1048576K
}
Event: 326.665 GC heap before
{Heap before GC invocations=219 (full 0):
 garbage-first heap   total 1154048K, used 1007615K [0x00000000a0000000, 0x0000000100000000)
  region size 1024K, 56 young (57344K), 7 survivors (7168K)
 Metaspace       used 187885K, committed 189120K, reserved 1220608K
  class space    used 23676K, committed 24256K, reserved 1048576K
}
Event: 326.692 GC heap after
{Heap after GC invocations=220 (full 0):
 garbage-first heap   total 1154048K, used 983039K [0x00000000a0000000, 0x0000000100000000)
  region size 1024K, 7 young (7168K), 7 survivors (7168K)
 Metaspace       used 187885K, committed 189120K, reserved 1220608K
  class space    used 23676K, committed 24256K, reserved 1048576K
}
Event: 327.064 GC heap before
{Heap before GC invocations=220 (full 0):
 garbage-first heap   total 1154048K, used 702463K [0x00000000a0000000, 0x0000000100000000)
  region size 1024K, 56 young (57344K), 7 survivors (7168K)
 Metaspace       used 187865K, committed 189120K, reserved 1220608K
  class space    used 23673K, committed 24256K, reserved 1048576K
}
Event: 327.100 GC heap after
{Heap after GC invocations=221 (full 0):
 garbage-first heap   total 1154048K, used 678911K [0x00000000a0000000, 0x0000000100000000)
  region size 1024K, 7 young (7168K), 7 survivors (7168K)
 Metaspace       used 187865K, committed 189120K, reserved 1220608K
  class space    used 23673K, committed 24256K, reserved 1048576K
}
Event: 328.195 GC heap before
{Heap before GC invocations=222 (full 0):
 garbage-first heap   total 1154048K, used 947199K [0x00000000a0000000, 0x0000000100000000)
  region size 1024K, 269 young (275456K), 7 survivors (7168K)
 Metaspace       used 187946K, committed 189120K, reserved 1220608K
  class space    used 23682K, committed 24256K, reserved 1048576K
}
Event: 328.283 GC heap after
{Heap after GC invocations=223 (full 0):
 garbage-first heap   total 1154048K, used 731028K [0x00000000a0000000, 0x0000000100000000)
  region size 1024K, 34 young (34816K), 34 survivors (34816K)
 Metaspace       used 187946K, committed 189120K, reserved 1220608K
  class space    used 23682K, committed 24256K, reserved 1048576K
}
Event: 328.319 GC heap before
{Heap before GC invocations=223 (full 0):
 garbage-first heap   total 1154048K, used 752532K [0x00000000a0000000, 0x0000000100000000)
  region size 1024K, 56 young (57344K), 34 survivors (34816K)
 Metaspace       used 187948K, committed 189120K, reserved 1220608K
  class space    used 23683K, committed 24256K, reserved 1048576K
}
Event: 328.364 GC heap after
{Heap after GC invocations=224 (full 0):
 garbage-first heap   total 1154048K, used 623058K [0x00000000a0000000, 0x0000000100000000)
  region size 1024K, 6 young (6144K), 6 survivors (6144K)
 Metaspace       used 187948K, committed 189120K, reserved 1220608K
  class space    used 23683K, committed 24256K, reserved 1048576K
}
Event: 328.437 GC heap before
{Heap before GC invocations=224 (full 0):
 garbage-first heap   total 1154048K, used 674258K [0x00000000a0000000, 0x0000000100000000)
  region size 1024K, 56 young (57344K), 6 survivors (6144K)
 Metaspace       used 187951K, committed 189184K, reserved 1220608K
  class space    used 23683K, committed 24256K, reserved 1048576K
}

Dll operation events (2 events):
Event: 0.005 Loaded shared library H:\andr\jbr\bin\java.dll
Event: 0.288 Loaded shared library H:\andr\jbr\bin\verify.dll

Deoptimization events (20 events):
Event: 327.537 Thread 0x000001e01bfaa400 Uncommon trap: trap_request=0xffffffbe fr.pc=0x000001e0086a2f78 relative=0x0000000000005ad8
Event: 327.537 Thread 0x000001e01bfaa400 Uncommon trap: reason=profile_predicate action=maybe_recompile pc=0x000001e0086a2f78 method=com.android.tools.r8.internal.zj.j()Ljava/lang/Object; @ 9 c2
Event: 327.537 Thread 0x000001e01bfaa400 DEOPT PACKING pc=0x000001e0086a2f78 sp=0x000000318befd3b0
Event: 327.537 Thread 0x000001e01bfaa400 DEOPT UNPACKING pc=0x000001e0075869a3 sp=0x000000318befd318 mode 2
Event: 327.540 Thread 0x000001e01bfaa400 Uncommon trap: trap_request=0xffffffbe fr.pc=0x000001e0086a2f78 relative=0x0000000000005ad8
Event: 327.540 Thread 0x000001e01bfaa400 Uncommon trap: reason=profile_predicate action=maybe_recompile pc=0x000001e0086a2f78 method=com.android.tools.r8.internal.zj.j()Ljava/lang/Object; @ 9 c2
Event: 327.540 Thread 0x000001e01bfaa400 DEOPT PACKING pc=0x000001e0086a2f78 sp=0x000000318befd3b0
Event: 327.540 Thread 0x000001e01bfaa400 DEOPT UNPACKING pc=0x000001e0075869a3 sp=0x000000318befd318 mode 2
Event: 327.805 Thread 0x000001e01bfaa400 DEOPT PACKING pc=0x000001e0021da385 sp=0x000000318befd390
Event: 327.805 Thread 0x000001e01bfaa400 DEOPT UNPACKING pc=0x000001e007587143 sp=0x000000318befc890 mode 0
Event: 327.966 Thread 0x000001e01bfaa400 DEOPT PACKING pc=0x000001e0021da385 sp=0x000000318befd390
Event: 327.966 Thread 0x000001e01bfaa400 DEOPT UNPACKING pc=0x000001e007587143 sp=0x000000318befc890 mode 0
Event: 328.078 Thread 0x000001e01cc6b160 DEOPT PACKING pc=0x000001e003e83898 sp=0x000000318c2fc420
Event: 328.078 Thread 0x000001e01cc6b160 DEOPT UNPACKING pc=0x000001e007587143 sp=0x000000318c2fbd10 mode 0
Event: 328.369 Thread 0x000001e01cc6b160 DEOPT PACKING pc=0x000001e004036410 sp=0x000000318c2fb460
Event: 328.369 Thread 0x000001e01cc6b160 DEOPT UNPACKING pc=0x000001e007587143 sp=0x000000318c2faa98 mode 0
Event: 328.373 Thread 0x000001e01cc6b160 DEOPT PACKING pc=0x000001e003e82999 sp=0x000000318c2fb810
Event: 328.373 Thread 0x000001e01cc6b160 DEOPT UNPACKING pc=0x000001e007587143 sp=0x000000318c2fb0f8 mode 0
Event: 328.408 Thread 0x000001e01cc6b160 DEOPT PACKING pc=0x000001e004036410 sp=0x000000318c2fc460
Event: 328.408 Thread 0x000001e01cc6b160 DEOPT UNPACKING pc=0x000001e007587143 sp=0x000000318c2fba98 mode 0

Classes unloaded (17 events):
Event: 13.693 Thread 0x000001e00f85d3f0 Unloading class 0x0000000100d80400 'java/lang/invoke/LambdaForm$DMH+0x0000000100d80400'
Event: 13.693 Thread 0x000001e00f85d3f0 Unloading class 0x0000000100d3a800 'java/lang/invoke/LambdaForm$DMH+0x0000000100d3a800'
Event: 13.693 Thread 0x000001e00f85d3f0 Unloading class 0x0000000100d3ac00 'java/lang/invoke/LambdaForm$DMH+0x0000000100d3ac00'
Event: 13.693 Thread 0x000001e00f85d3f0 Unloading class 0x0000000100d3a400 'java/lang/invoke/LambdaForm$DMH+0x0000000100d3a400'
Event: 13.693 Thread 0x000001e00f85d3f0 Unloading class 0x0000000100d3a000 'java/lang/invoke/LambdaForm$DMH+0x0000000100d3a000'
Event: 13.693 Thread 0x000001e00f85d3f0 Unloading class 0x0000000100d39c00 'java/lang/invoke/LambdaForm$DMH+0x0000000100d39c00'
Event: 13.693 Thread 0x000001e00f85d3f0 Unloading class 0x0000000100d39800 'java/lang/invoke/LambdaForm$DMH+0x0000000100d39800'
Event: 13.693 Thread 0x000001e00f85d3f0 Unloading class 0x0000000100d39000 'java/lang/invoke/LambdaForm$DMH+0x0000000100d39000'
Event: 13.693 Thread 0x000001e00f85d3f0 Unloading class 0x0000000100d39400 'java/lang/invoke/LambdaForm$DMH+0x0000000100d39400'
Event: 13.693 Thread 0x000001e00f85d3f0 Unloading class 0x0000000100d38c00 'java/lang/invoke/LambdaForm$DMH+0x0000000100d38c00'
Event: 13.693 Thread 0x000001e00f85d3f0 Unloading class 0x0000000100d38000 'java/lang/invoke/LambdaForm$DMH+0x0000000100d38000'
Event: 13.693 Thread 0x000001e00f85d3f0 Unloading class 0x0000000100d38400 'java/lang/invoke/LambdaForm$DMH+0x0000000100d38400'
Event: 326.891 Thread 0x000001e00f85d3f0 Unloading class 0x0000000101638950 'javax/xml/bind/JAXBException'
Event: 326.891 Thread 0x000001e00f85d3f0 Unloading class 0x0000000101638708 'android/databinding/tool/writer/AnnotationJavaFileWriter'
Event: 326.891 Thread 0x000001e00f85d3f0 Unloading class 0x00000001016384c8 'android/databinding/tool/writer/JavaFileWriter'
Event: 326.891 Thread 0x000001e00f85d3f0 Unloading class 0x00000001016382a8 'android/databinding/annotationprocessor/ProcessDataBinding$Callback'
Event: 326.891 Thread 0x000001e00f85d3f0 Unloading class 0x0000000101638000 'android/databinding/annotationprocessor/ProcessDataBinding'

Classes redefined (0 events):
No events

Internal exceptions (20 events):
Event: 323.953 Thread 0x000001e015b8a0a0 Exception <a 'sun/nio/fs/WindowsException'{0x00000000dd11a7e0}> (0x00000000dd11a7e0) 
thrown [s\src\hotspot\share\prims\jni.cpp, line 517]
Event: 323.960 Thread 0x000001e015b8a0a0 Implicit null exception at 0x000001e0089a49a4 to 0x000001e0089aad78
Event: 323.961 Thread 0x000001e015b8a0a0 Implicit null exception at 0x000001e0091a39e4 to 0x000001e0091a5e74
Event: 323.971 Thread 0x000001e01cc6b160 Exception <a 'java/lang/NoSuchMethodError'{0x00000000dcff2010}: 'void java.lang.invoke.DirectMethodHandle$Holder.invokeSpecialIFC(java.lang.Object, java.lang.Object, java.lang.Object, java.lang.Object)'> (0x00000000dcff2010) 
thrown [s\src\hotspot\share\interpreter\linkResolver.cpp, line 771]
Event: 324.336 Thread 0x000001e00ff649c0 Exception <a 'sun/nio/fs/WindowsException'{0x00000000dd29eb28}> (0x00000000dd29eb28) 
thrown [s\src\hotspot\share\prims\jni.cpp, line 517]
Event: 324.336 Thread 0x000001e00ff649c0 Exception <a 'sun/nio/fs/WindowsException'{0x00000000dd29f9c8}> (0x00000000dd29f9c8) 
thrown [s\src\hotspot\share\prims\jni.cpp, line 517]
Event: 324.336 Thread 0x000001e00ff649c0 Exception <a 'sun/nio/fs/WindowsException'{0x00000000dd29fcb0}> (0x00000000dd29fcb0) 
thrown [s\src\hotspot\share\prims\jni.cpp, line 517]
Event: 324.341 Thread 0x000001e00ff649c0 Exception <a 'sun/nio/fs/WindowsException'{0x00000000dd0844d8}> (0x00000000dd0844d8) 
thrown [s\src\hotspot\share\prims\jni.cpp, line 517]
Event: 324.342 Thread 0x000001e00ff649c0 Exception <a 'sun/nio/fs/WindowsException'{0x00000000dd085398}> (0x00000000dd085398) 
thrown [s\src\hotspot\share\prims\jni.cpp, line 517]
Event: 324.389 Thread 0x000001e018d06870 Exception <a 'sun/nio/fs/WindowsException'{0x00000000dc1ef938}> (0x00000000dc1ef938) 
thrown [s\src\hotspot\share\prims\jni.cpp, line 517]
Event: 324.389 Thread 0x000001e018d06870 Exception <a 'sun/nio/fs/WindowsException'{0x00000000dc1f07f8}> (0x00000000dc1f07f8) 
thrown [s\src\hotspot\share\prims\jni.cpp, line 517]
Event: 324.389 Thread 0x000001e018d06870 Exception <a 'sun/nio/fs/WindowsException'{0x00000000dc1f0c10}> (0x00000000dc1f0c10) 
thrown [s\src\hotspot\share\prims\jni.cpp, line 517]
Event: 324.390 Thread 0x000001e018d06870 Exception <a 'sun/nio/fs/WindowsException'{0x00000000dc1f1ac8}> (0x00000000dc1f1ac8) 
thrown [s\src\hotspot\share\prims\jni.cpp, line 517]
Event: 324.390 Thread 0x000001e018d06870 Exception <a 'sun/nio/fs/WindowsException'{0x00000000dc1f1da0}> (0x00000000dc1f1da0) 
thrown [s\src\hotspot\share\prims\jni.cpp, line 517]
Event: 324.390 Thread 0x000001e018d06870 Exception <a 'sun/nio/fs/WindowsException'{0x00000000dc1f2c28}> (0x00000000dc1f2c28) 
thrown [s\src\hotspot\share\prims\jni.cpp, line 517]
Event: 324.845 Thread 0x000001e01cc6b160 Implicit null exception at 0x000001e0094bf0f0 to 0x000001e0094bfe84
Event: 326.188 Thread 0x000001e01bfaa400 Exception <a 'sun/nio/fs/WindowsException'{0x00000000dd994840}> (0x00000000dd994840) 
thrown [s\src\hotspot\share\prims\jni.cpp, line 517]
Event: 326.243 Thread 0x000001e01cc6b160 Implicit null exception at 0x000001e009542f00 to 0x000001e00954af1c
Event: 326.586 Thread 0x000001e01cc6b160 Implicit null exception at 0x000001e008880ca7 to 0x000001e0088853a4
Event: 327.337 Thread 0x000001e01cc6b160 Implicit null exception at 0x000001e009566369 to 0x000001e0095683d2

VM Operations (20 events):
Event: 326.362 Executing VM operation: G1CollectForAllocation done
Event: 326.431 Executing VM operation: G1CollectForAllocation
Event: 326.442 Executing VM operation: G1CollectForAllocation done
Event: 326.528 Executing VM operation: G1CollectForAllocation
Event: 326.544 Executing VM operation: G1CollectForAllocation done
Event: 326.651 Executing VM operation: G1CollectForAllocation
Event: 326.693 Executing VM operation: G1CollectForAllocation done
Event: 326.707 Executing VM operation: G1Concurrent
Event: 327.043 Executing VM operation: G1Concurrent done
Event: 327.060 Executing VM operation: G1CollectForAllocation
Event: 327.100 Executing VM operation: G1CollectForAllocation done
Event: 327.422 Executing VM operation: G1Concurrent
Event: 327.423 Executing VM operation: G1Concurrent done
Event: 328.195 Executing VM operation: G1CollectForAllocation
Event: 328.283 Executing VM operation: G1CollectForAllocation done
Event: 328.319 Executing VM operation: G1CollectForAllocation
Event: 328.364 Executing VM operation: G1CollectForAllocation done
Event: 328.393 Executing VM operation: HandshakeAllThreads
Event: 328.394 Executing VM operation: HandshakeAllThreads done
Event: 328.437 Executing VM operation: G1CollectForAllocation

Events (20 events):
Event: 326.304 Thread 0x000001e00f8bc030 flushing nmethod 0x000001e003c4e790
Event: 326.304 Thread 0x000001e00f8bc030 flushing nmethod 0x000001e003c5b110
Event: 326.304 Thread 0x000001e00f8bc030 flushing nmethod 0x000001e003c64490
Event: 326.304 Thread 0x000001e00f8bc030 flushing nmethod 0x000001e003c65490
Event: 326.304 Thread 0x000001e00f8bc030 flushing nmethod 0x000001e003c67a10
Event: 326.304 Thread 0x000001e00f8bc030 flushing nmethod 0x000001e003c70390
Event: 326.304 Thread 0x000001e00f8bc030 flushing nmethod 0x000001e003d42b90
Event: 326.305 Thread 0x000001e00f8bc030 flushing nmethod 0x000001e003d97390
Event: 326.468 Thread 0x000001e014dd5d60 Thread added: 0x000001e014dd5d60
Event: 326.469 Thread 0x000001e01b745eb0 Thread added: 0x000001e01b745eb0
Event: 326.472 Thread 0x000001e013c8b1d0 Thread added: 0x000001e013c8b1d0
Event: 326.488 Thread 0x000001e01d3fea50 Thread added: 0x000001e01d3fea50
Event: 326.492 Thread 0x000001e013c8d850 Thread added: 0x000001e013c8d850
Event: 326.493 Thread 0x000001e01d0e7e70 Thread added: 0x000001e01d0e7e70
Event: 326.504 Thread 0x000001e013c8c9e0 Thread added: 0x000001e013c8c9e0
Event: 326.526 Thread 0x000001e014dd6230 Thread added: 0x000001e014dd6230
Event: 326.543 Thread 0x000001e015c17160 Thread added: 0x000001e015c17160
Event: 326.547 Thread 0x000001e015c184a0 Thread added: 0x000001e015c184a0
Event: 326.600 Thread 0x000001e01d0e9b50 Thread added: 0x000001e01d0e9b50
Event: 326.623 Thread 0x000001e019162c10 Thread added: 0x000001e019162c10


Dynamic libraries:
0x00007ff7da440000 - 0x00007ff7da44a000 	H:\andr\jbr\bin\java.exe
0x00007ffef19f0000 - 0x00007ffef1be8000 	C:\WINDOWS\SYSTEM32\ntdll.dll
0x00007ffeef9f0000 - 0x00007ffeefab1000 	C:\WINDOWS\System32\KERNEL32.DLL
0x00007ffeef2f0000 - 0x00007ffeef5ed000 	C:\WINDOWS\System32\KERNELBASE.dll
0x00007ffeef190000 - 0x00007ffeef290000 	C:\WINDOWS\System32\ucrtbase.dll
0x00007ffed5ff0000 - 0x00007ffed6007000 	H:\andr\jbr\bin\jli.dll
0x00007ffeb7a50000 - 0x00007ffeb7a6b000 	H:\andr\jbr\bin\VCRUNTIME140.dll
0x00007ffef12f0000 - 0x00007ffef148d000 	C:\WINDOWS\System32\USER32.dll
0x00007ffed3d60000 - 0x00007ffed3ffa000 	C:\WINDOWS\WinSxS\amd64_microsoft.windows.common-controls_6595b64144ccf1df_6.0.19041.4355_none_60b8b9eb71f62e16\COMCTL32.dll
0x00007ffeef2c0000 - 0x00007ffeef2e2000 	C:\WINDOWS\System32\win32u.dll
0x00007ffef1490000 - 0x00007ffef152e000 	C:\WINDOWS\System32\msvcrt.dll
0x00007ffeefd00000 - 0x00007ffeefd2b000 	C:\WINDOWS\System32\GDI32.dll
0x00007ffeef6d0000 - 0x00007ffeef7e7000 	C:\WINDOWS\System32\gdi32full.dll
0x00007ffeef950000 - 0x00007ffeef9ed000 	C:\WINDOWS\System32\msvcp_win.dll
0x00007ffef0af0000 - 0x00007ffef0b1f000 	C:\WINDOWS\System32\IMM32.DLL
0x00007ffeec1b0000 - 0x00007ffeec1bc000 	H:\andr\jbr\bin\vcruntime140_1.dll
0x00007ffeb0070000 - 0x00007ffeb00fd000 	H:\andr\jbr\bin\msvcp140.dll
0x00007ffe4a5a0000 - 0x00007ffe4b20e000 	H:\andr\jbr\bin\server\jvm.dll
0x00007ffef16f0000 - 0x00007ffef17a0000 	C:\WINDOWS\System32\ADVAPI32.dll
0x00007ffeefc60000 - 0x00007ffeefd00000 	C:\WINDOWS\System32\sechost.dll
0x00007ffef1590000 - 0x00007ffef16b3000 	C:\WINDOWS\System32\RPCRT4.dll
0x00007ffeef290000 - 0x00007ffeef2b7000 	C:\WINDOWS\System32\bcrypt.dll
0x00007ffec6e00000 - 0x00007ffec6e09000 	C:\WINDOWS\SYSTEM32\WSOCK32.dll
0x00007ffee9ea0000 - 0x00007ffee9eaa000 	C:\WINDOWS\SYSTEM32\VERSION.dll
0x00007ffede030000 - 0x00007ffede057000 	C:\WINDOWS\SYSTEM32\WINMM.dll
0x00007ffef0cc0000 - 0x00007ffef0d2b000 	C:\WINDOWS\System32\WS2_32.dll
0x00007ffeed9f0000 - 0x00007ffeeda02000 	C:\WINDOWS\SYSTEM32\kernel.appcore.dll
0x00007ffeebc10000 - 0x00007ffeebc1a000 	H:\andr\jbr\bin\jimage.dll
0x00007ffede210000 - 0x00007ffede3f4000 	C:\WINDOWS\SYSTEM32\DBGHELP.DLL
0x00007ffeddc50000 - 0x00007ffeddc84000 	C:\WINDOWS\SYSTEM32\dbgcore.DLL
0x00007ffeef5f0000 - 0x00007ffeef672000 	C:\WINDOWS\System32\bcryptPrimitives.dll
0x00007ffeebb60000 - 0x00007ffeebb85000 	H:\andr\jbr\bin\java.dll
0x00007ffed6070000 - 0x00007ffed6088000 	H:\andr\jbr\bin\zip.dll
0x00007ffeefd30000 - 0x00007ffef049f000 	C:\WINDOWS\System32\SHELL32.dll
0x00007ffeecf10000 - 0x00007ffeed6af000 	C:\WINDOWS\SYSTEM32\windows.storage.dll
0x00007ffef0d30000 - 0x00007ffef1083000 	C:\WINDOWS\System32\combase.dll
0x00007ffeee9c0000 - 0x00007ffeee9ee000 	C:\WINDOWS\SYSTEM32\Wldp.dll
0x00007ffef05b0000 - 0x00007ffef067d000 	C:\WINDOWS\System32\OLEAUT32.dll
0x00007ffef1240000 - 0x00007ffef12ed000 	C:\WINDOWS\System32\SHCORE.dll
0x00007ffef1530000 - 0x00007ffef1585000 	C:\WINDOWS\System32\shlwapi.dll
0x00007ffeeefa0000 - 0x00007ffeeefc4000 	C:\WINDOWS\SYSTEM32\profapi.dll
0x00007ffed5fc0000 - 0x00007ffed5fd9000 	H:\andr\jbr\bin\net.dll
0x00007ffee8ab0000 - 0x00007ffee8bbd000 	C:\WINDOWS\SYSTEM32\WINHTTP.dll
0x00007ffeee720000 - 0x00007ffeee78a000 	C:\WINDOWS\system32\mswsock.dll
0x00007ffecae20000 - 0x00007ffecae36000 	H:\andr\jbr\bin\nio.dll
0x00007ffeebbc0000 - 0x00007ffeebbd0000 	H:\andr\jbr\bin\verify.dll
0x00007ffec53d0000 - 0x00007ffec53f7000 	C:\Users\M.Joha\.gradle\native\gradle-8.0\native\e1d6ef7f7dcc3fd88c89a11ec53ec762bb8ba0a96d01ffa2cd45eb1d1d8dd5c5\windows-amd64\native-platform.dll
0x00007ffeb0520000 - 0x00007ffeb0664000 	C:\Users\M.Joha\.gradle\native\gradle-8.0\native\0d407fdbe67a94daf76414ababcb853783967236a71b16ec16e742cd7a986fd3\windows-amd64\native-platform-file-events.dll
0x00007ffeebbb0000 - 0x00007ffeebbb9000 	H:\andr\jbr\bin\management.dll
0x00007ffeebba0000 - 0x00007ffeebbab000 	H:\andr\jbr\bin\management_ext.dll
0x00007ffef0cb0000 - 0x00007ffef0cb8000 	C:\WINDOWS\System32\PSAPI.DLL
0x00007ffeee910000 - 0x00007ffeee928000 	C:\WINDOWS\SYSTEM32\CRYPTSP.dll
0x00007ffeee040000 - 0x00007ffeee074000 	C:\WINDOWS\system32\rsaenh.dll
0x00007ffeeef10000 - 0x00007ffeeef3e000 	C:\WINDOWS\SYSTEM32\USERENV.dll
0x00007ffeee930000 - 0x00007ffeee93c000 	C:\WINDOWS\SYSTEM32\CRYPTBASE.dll
0x00007ffeee400000 - 0x00007ffeee43b000 	C:\WINDOWS\SYSTEM32\IPHLPAPI.DLL
0x00007ffef1890000 - 0x00007ffef1898000 	C:\WINDOWS\System32\NSI.dll
0x00007ffeeb180000 - 0x00007ffeeb197000 	C:\WINDOWS\SYSTEM32\dhcpcsvc6.DLL
0x00007ffeeb050000 - 0x00007ffeeb06d000 	C:\WINDOWS\SYSTEM32\dhcpcsvc.DLL
0x00007ffeee440000 - 0x00007ffeee50a000 	C:\WINDOWS\SYSTEM32\DNSAPI.dll
0x00007ffed59a0000 - 0x00007ffed59a7000 	C:\WINDOWS\system32\wshunix.dll
0x00007ffeb4f50000 - 0x00007ffeb50e8000 	H:\andr\jbr\bin\awt.dll
0x00007ffeec7f0000 - 0x00007ffeec81f000 	C:\WINDOWS\SYSTEM32\dwmapi.dll
0x00007ffeea1f0000 - 0x00007ffeea284000 	C:\WINDOWS\SYSTEM32\apphelp.dll
0x00007ffeec4e0000 - 0x00007ffeec57e000 	C:\WINDOWS\system32\uxtheme.dll
0x00007ffeefac0000 - 0x00007ffeefbd4000 	C:\WINDOWS\System32\MSCTF.dll
0x00007ffef0b80000 - 0x00007ffef0cab000 	C:\WINDOWS\System32\ole32.dll
0x00007ffeebc40000 - 0x00007ffeebc47000 	H:\andr\jbr\bin\rmi.dll
0x00007ffed1560000 - 0x00007ffed1577000 	C:\WINDOWS\system32\napinsp.dll
0x00007ffed1540000 - 0x00007ffed155b000 	C:\WINDOWS\system32\pnrpnsp.dll
0x00007ffed1520000 - 0x00007ffed1535000 	C:\WINDOWS\system32\wshbth.dll
0x00007ffeebaf0000 - 0x00007ffeebb0d000 	C:\WINDOWS\system32\NLAapi.dll
0x00007ffed1500000 - 0x00007ffed1512000 	C:\WINDOWS\System32\winrnr.dll
0x00007ffee6b00000 - 0x00007ffee6b0a000 	C:\Windows\System32\rasadhlp.dll
0x00007ffeeb880000 - 0x00007ffeeb900000 	C:\WINDOWS\System32\fwpuclnt.dll
0x00007ffeee180000 - 0x00007ffeee1b3000 	C:\WINDOWS\SYSTEM32\ntmarta.dll

dbghelp: loaded successfully - version: 4.0.5 - missing functions: none
symbol engine: initialized successfully - sym options: 0x614 - pdb path: .;H:\andr\jbr\bin;C:\WINDOWS\SYSTEM32;C:\WINDOWS\WinSxS\amd64_microsoft.windows.common-controls_6595b64144ccf1df_6.0.19041.4355_none_60b8b9eb71f62e16;H:\andr\jbr\bin\server;C:\Users\M.Joha\.gradle\native\gradle-8.0\native\e1d6ef7f7dcc3fd88c89a11ec53ec762bb8ba0a96d01ffa2cd45eb1d1d8dd5c5\windows-amd64;C:\Users\M.Joha\.gradle\native\gradle-8.0\native\0d407fdbe67a94daf76414ababcb853783967236a71b16ec16e742cd7a986fd3\windows-amd64

VM Arguments:
jvm_args: --add-opens=java.base/java.util=ALL-UNNAMED --add-opens=java.base/java.lang=ALL-UNNAMED --add-opens=java.base/java.lang.invoke=ALL-UNNAMED --add-opens=java.base/java.util=ALL-UNNAMED --add-opens=java.prefs/java.util.prefs=ALL-UNNAMED --add-opens=java.prefs/java.util.prefs=ALL-UNNAMED --add-opens=java.base/java.nio.charset=ALL-UNNAMED --add-opens=java.base/java.net=ALL-UNNAMED --add-opens=java.base/java.util.concurrent.atomic=ALL-UNNAMED -Xmx1536m -Dfile.encoding=windows-1256 -Duser.country=US -Duser.language=en -Duser.variant 
java_command: org.gradle.launcher.daemon.bootstrap.GradleDaemon 7.4.2
java_class_path (initial): C:\Users\M.Joha\.gradle\native\gradle-8.0\wrapper\dists\gradle-7.4.2-all\9uukhhbclvbegdvsww0j0cr3p\gradle-7.4.2\lib\gradle-launcher-7.4.2.jar
Launcher Type: SUN_STANDARD

[Global flags]
     intx CICompilerCount                          = 4                                         {product} {ergonomic}
     uint ConcGCThreads                            = 3                                         {product} {ergonomic}
     uint G1ConcRefinementThreads                  = 10                                        {product} {ergonomic}
   size_t G1HeapRegionSize                         = 1048576                                   {product} {ergonomic}
    uintx GCDrainStackTargetSize                   = 64                                        {product} {ergonomic}
   size_t InitialHeapSize                          = 266338304                                 {product} {ergonomic}
   size_t MarkStackSize                            = 4194304                                   {product} {ergonomic}
   size_t MaxHeapSize                              = 1610612736                                {product} {command line}
   size_t MaxNewSize                               = 965738496                                 {product} {ergonomic}
   size_t MinHeapDeltaBytes                        = 1048576                                   {product} {ergonomic}
   size_t MinHeapSize                              = 8388608                                   {product} {ergonomic}
    uintx NonNMethodCodeHeapSize                   = 5839372                                {pd product} {ergonomic}
    uintx NonProfiledCodeHeapSize                  = 122909434                              {pd product} {ergonomic}
    uintx ProfiledCodeHeapSize                     = 122909434                              {pd product} {ergonomic}
    uintx ReservedCodeCacheSize                    = 251658240                              {pd product} {ergonomic}
     bool SegmentedCodeCache                       = true                                      {product} {ergonomic}
   size_t SoftMaxHeapSize                          = 1610612736                             {manageable} {ergonomic}
     bool UseCompressedClassPointers               = true                           {product lp64_product} {ergonomic}
     bool UseCompressedOops                        = true                           {product lp64_product} {ergonomic}
     bool UseG1GC                                  = true                                      {product} {ergonomic}
     bool UseLargePagesIndividualAllocation        = false                                  {pd product} {ergonomic}

Logging:
Log output configuration:
 #0: stdout all=warning uptime,level,tags
 #1: stderr all=off uptime,level,tags

Environment Variables:
JAVA_HOME=C:\Program Files\Java\jdk1.8.0_231
PATH=C:\Program Files\Eclipse Adoptium\jdk-17.0.8.101-hotspot\bin;C:\Program Files\Common Files\Oracle\Java\javapath;D:\app\product\11.2.0\client_1\bin;D:\orant\bin;C:\Users\M.Joha\AppData\Roaming\npm;C:\Program Files (x86)\Common Files\Oracle\Java\javapath;C:\ProgramData\Oracle\Java\javapath;C:\sybase\DataAccess\ADONET\dll;C:\sybase\DataAccess\OLEDB\dll;C:\sybase\DataAccess\ODBC\dll;C:\sybase\DataAccess64\ODBC\dll;C:\sybase\OCS-15_0\lib3p64;C:\sybase\OCS-15_0\lib3p;C:\sybase\OCS-15_0\dll;C:\sybase\OCS-15_0\bin;C:\Windows\system32;C:\Windows;C:\Windows\System32\Wbem;C:\Windows\System32\WindowsPowerShell\v1.0\;C:\sybase\DBISQL\bin;D:\iMAL\PB105_DDK;C:\Program Files\Microsoft SQL Server\110\Tools\Binn\;D:\DDK\pb125_ddk;D:\DDK\pb105_ddk;C:\Program Files (x86)\AMD\ATI.ACE\Core-Static;C:\Program Files\Microsoft SQL Server\130\Tools\Binn\;C:\Program Files\Microsoft SQL Server\Client SDK\ODBC\170\Tools\Binn\;C:\ProgramData\ComposerSetup\bin;C:\xampp\php;C:\Program Files (x86)\HP\IdrsOCR_15.2.10.1114\;C:\Program Files\OpenSSL-Win64\bin;D:\orant\jdk\bin;C:\Program Files (x86)\Kaspersky Lab\Endpoint Agent\;C:\xampp\mysql\bin;C:\Program Files\Git\cmd;C:\Program Files (x86)\Microsoft SQL Server\150\DTS\Binn\;C:\Program Files (x86)\Microsoft SQL Server\150\Tools\Binn\;C:\Program Files\Microsoft SQL Server\150\Tools\Binn\;C:\Program Files\Microsoft SQL Server\150\DTS\Binn\;C:\wamp64\bin\php\php7.2.10;C:\Program Files\dotnet\;C:\ProgramData\chocolatey\bin;;C:\WINDOWS\system32;C:\WINDOWS;C:\WINDOWS\System32\Wbem;C:\WINDOWS\System32\WindowsPowerShell\v1.0\;C:\WINDOWS\System32\OpenSSH\;C:\Program Files\nodejs\;H:\GdPicture.NET 14\Redist;C:\Program Files\Eclipse Adoptium\jdk-17.0.8.101-hotspot\bin;C:\Program Files\Common Files\Oracle\Java\javapath;D:\app\product\11.2.0\client_1\bin;D:\orant\bin;C:\Users\M.Joha\AppData\Roaming\npm;C:\Program Files (x86)\Common Files\Oracle\Java\javapath;C:\ProgramData\Oracle\Java\javapath;C:\sybase\DataAccess\ADONET\dll;C:\sybase\DataAccess\OLEDB\dll;C:\s
USERNAME=m.joha
OS=Windows_NT
PROCESSOR_IDENTIFIER=Intel64 Family 6 Model 158 Stepping 10, GenuineIntel
TMP=C:\Users\MB168~1.JOH\AppData\Local\Temp
TEMP=C:\Users\MB168~1.JOH\AppData\Local\Temp


JNI global refs:
JNI global refs: 98, weak refs: 104

JNI global refs memory usage: 1475, weak refs: 2929


---------------  S Y S T E M  ---------------

OS:
 Windows 10 , 64 bit Build 19041 (10.0.19041.4717)
OS uptime: 16 days 23:48 hours

CPU: total 12 (initial active 12) (6 cores per cpu, 2 threads per core) family 6 model 158 stepping 10 microcode 0xb4, cx8, cmov, fxsr, ht, mmx, 3dnowpref, sse, sse2, sse3, ssse3, sse4.1, sse4.2, popcnt, lzcnt, tsc, tscinvbit, avx, avx2, aes, erms, clmul, bmi1, bmi2, rtm, adx, fma, vzeroupper, clflush, clflushopt

Memory: 4k page, system-wide physical 16243M (256M free)
TotalPageFile size 46721M (AvailPageFile size 171M)
current process WorkingSet (physical memory assigned to process): 805M, peak: 1074M
current process commit charge ("private bytes"): 1730M, peak: 1894M

vm_info: OpenJDK 64-Bit Server VM (17.0.6+0-b2043.56-10027231) for windows-amd64 JRE (17.0.6+0-b2043.56-10027231), built on Apr 28 2023 00:43:19 by "androidbuild" with MS VC++ 16.10 / 16.11 (VS2019)

END.
