#
# There is insufficient memory for the Java Runtime Environment to continue.
# Native memory allocation (malloc) failed to allocate 32784 bytes for Chunk::new
# Possible reasons:
#   The system is out of physical RAM or swap space
#   The process is running with CompressedOops enabled, and the Java Heap may be blocking the growth of the native heap
# Possible solutions:
#   Reduce memory load on the system
#   Increase physical memory or swap space
#   Check if swap backing store is full
#   Decrease Java heap size (-Xmx/-Xms)
#   Decrease number of Java threads
#   Decrease Java thread stack sizes (-Xss)
#   Set larger code cache with -XX:ReservedCodeCacheSize=
#   JVM is running with Unscaled Compressed Oops mode in which the Java heap is
#     placed in the first 4GB address space. The Java Heap base address is the
#     maximum limit for the native heap growth. Please use -XX:HeapBaseMinAddress
#     to set the Java Heap base and to place the Java Heap above 4GB virtual address.
# This output file may be truncated or incomplete.
#
#  Out of Memory Error (arena.cpp:189), pid=27612, tid=3324
#
# JRE version: OpenJDK Runtime Environment (17.0.6) (build 17.0.6+0-b2043.56-10027231)
# Java VM: OpenJDK 64-Bit Server VM (17.0.6+0-b2043.56-10027231, mixed mode, tiered, compressed oops, compressed class ptrs, g1 gc, windows-amd64)
# No core dump will be written. Minidumps are not enabled by default on client versions of Windows
#

---------------  S U M M A R Y ------------

Command Line: --add-opens=java.base/java.util=ALL-UNNAMED --add-opens=java.base/java.lang=ALL-UNNAMED --add-opens=java.base/java.lang.invoke=ALL-UNNAMED --add-opens=java.base/java.util=ALL-UNNAMED --add-opens=java.prefs/java.util.prefs=ALL-UNNAMED --add-opens=java.prefs/java.util.prefs=ALL-UNNAMED --add-opens=java.base/java.nio.charset=ALL-UNNAMED --add-opens=java.base/java.net=ALL-UNNAMED --add-opens=java.base/java.util.concurrent.atomic=ALL-UNNAMED -Xmx1536m -Dfile.encoding=windows-1256 -Duser.country=US -Duser.language=en -Duser.variant org.gradle.launcher.daemon.bootstrap.GradleDaemon 7.4.2

Host: Intel(R) Core(TM) i7-8700 CPU @ 3.20GHz, 12 cores, 15G,  Windows 10 , 64 bit Build 19041 (10.0.19041.4717)
Time: Sun Sep  1 14:02:59 2024 Arabic Standard Time elapsed time: 278.055592 seconds (0d 0h 4m 38s)

---------------  T H R E A D  ---------------

Current thread (0x000002553c4cd510):  JavaThread "C2 CompilerThread1" daemon [_thread_in_native, id=3324, stack(0x000000f43d500000,0x000000f43d600000)]


Current CompileTask:
C2: 278055 45856       4       com.android.tools.r8.code.w1::a (4137 bytes)

Stack: [0x000000f43d500000,0x000000f43d600000]
Native frames: (J=compiled Java code, j=interpreted, Vv=VM code, C=native code)
V  [jvm.dll+0x683c9a]
V  [jvm.dll+0x8427a4]
V  [jvm.dll+0x843f9e]
V  [jvm.dll+0x844603]
V  [jvm.dll+0x249b75]
V  [jvm.dll+0xabcac]
V  [jvm.dll+0xac27c]
V  [jvm.dll+0xabdbb]
V  [jvm.dll+0x660dec]
V  [jvm.dll+0x333d69]
V  [jvm.dll+0x335369]
V  [jvm.dll+0x332d2a]
V  [jvm.dll+0x3323da]
V  [jvm.dll+0x21c201]
V  [jvm.dll+0x21b621]
V  [jvm.dll+0x1a4fdd]
V  [jvm.dll+0x22b098]
V  [jvm.dll+0x229159]
V  [jvm.dll+0x7f81ec]
V  [jvm.dll+0x7f274a]
V  [jvm.dll+0x682ad5]
C  [ucrtbase.dll+0x21bb2]
C  [KERNEL32.DLL+0x17374]
C  [ntdll.dll+0x4cc91]


---------------  P R O C E S S  ---------------

Threads class SMR info:
_java_thread_list=0x000002554d5b4880, length=219, elements={
0x000002551cec7db0, 0x000002553885cda0, 0x000002553885db20, 0x000002553888d0b0,
0x0000025538891990, 0x0000025538892250, 0x0000025538892b10, 0x00000255388aff40,
0x00000255388b08f0, 0x00000255388b5210, 0x0000025538a38f30, 0x0000025538a53ee0,
0x00000255395bfb20, 0x0000025539fd8680, 0x000002553acd3ff0, 0x000002553b7da300,
0x0000025539e90cf0, 0x0000025539a40ac0, 0x0000025539a3fbb0, 0x000002553980a500,
0x0000025539808cf0, 0x00000255398074e0, 0x00000255398091c0, 0x00000255398079b0,
0x0000025539809690, 0x0000025539806b40, 0x0000025539807e80, 0x0000025539807010,
0x0000025539809b60, 0x000002553bb45b20, 0x000002553bb45180, 0x000002553bb48670,
0x000002553bb44310, 0x000002553bb42160, 0x000002553bb447e0, 0x000002553bb45650,
0x000002553bb417c0, 0x000002553bb48b40, 0x000002553bb47330, 0x000002553bb46990,
0x000002553bb46e60, 0x000002553bb47800, 0x000002553bb43e40, 0x000002553bb481a0,
0x000002553bb42630, 0x000002553bb42b00, 0x000002553bb42fd0, 0x000002553cfe9790,
0x000002553cfe9c60, 0x000002553cfeb940, 0x000002553cfed150, 0x000002553cfeaad0,
0x000002553cfe6c40, 0x000002553cfec2e0, 0x000002553cfe92c0, 0x000002553cfe8df0,
0x000002553cfed620, 0x000002553cfea130, 0x000002553cfe8920, 0x000002553cfedaf0,
0x000002553cfedfc0, 0x000002553cfea600, 0x000002553cfeafa0, 0x000002553cfeb470,
0x000002553cfebe10, 0x000002553cfe6770, 0x000002553cfe7110, 0x000002553cfe75e0,
0x000002553cfec7b0, 0x000002553cfecc80, 0x000002553cfe7ab0, 0x000002553cfe7f80,
0x000002553cfe8450, 0x000002553eb68580, 0x000002553eb67710, 0x000002553eb67be0,
0x000002553eb68f20, 0x000002553eb63d50, 0x000002553eb64220, 0x000002553eb62070,
0x000002553eb663d0, 0x000002553eb668a0, 0x000002553eb62540, 0x000002553eb65a30,
0x000002553eb67240, 0x000002553eb633b0, 0x000002553eb646f0, 0x000002553eb693f0,
0x000002553eb62ee0, 0x000002553eb68a50, 0x000002553eb64bc0, 0x000002553eb680b0,
0x000002553eb65f00, 0x000002553eb698c0, 0x000002553eb62a10, 0x000002553eb66d70,
0x000002553eb63880, 0x000002553eb65090, 0x000002553eb65560, 0x000002553e980020,
0x000002553e979fe0, 0x000002553e97c190, 0x000002553e97a4b0, 0x000002553e97e340,
0x000002553e979640, 0x000002553e97de70, 0x000002553e979b10, 0x000002553e9804f0,
0x000002553e97c660, 0x000002553e97d000, 0x000002553e97b320, 0x000002553e978ca0,
0x000002553e97e810, 0x000002553e97a980, 0x000002553e97ae50, 0x000002553e97b7f0,
0x000002553e979170, 0x000002553e97ece0, 0x000002553e97f1b0, 0x000002553e97bcc0,
0x000002553e97cb30, 0x000002553e97f680, 0x000002553e97d9a0, 0x000002553e97d4d0,
0x000002553e97fb50, 0x000002553e77e9b0, 0x000002553e77c800, 0x000002553e781030,
0x000002553e77ccd0, 0x000002553e7836b0, 0x000002553e77f350, 0x000002553e782370,
0x000002553e77c330, 0x000002553e77ee80, 0x000002553e7831e0, 0x000002553e781500,
0x000002553e77d1a0, 0x000002553e77db40, 0x000002553e77d670, 0x000002553e7801c0,
0x000002553e77e010, 0x000002553e7819d0, 0x000002553e782840, 0x000002553e780690,
0x000002553e77be60, 0x000002553e77e4e0, 0x000002553e780b60, 0x000002553e782d10,
0x000002553e77fcf0, 0x000002553e781ea0, 0x000002553e77f820, 0x000002553e803c50,
0x000002553e7ff8f0, 0x000002553e7fea80, 0x000002553e8045f0, 0x000002553e7ffdc0,
0x000002553e804f90, 0x000002553e7fe0e0, 0x000002553e800290, 0x000002553e805460,
0x000002553e7ff420, 0x000002553e801aa0, 0x000002553e803780, 0x000002553e800760,
0x000002553e800c30, 0x000002553e801100, 0x000002553e802440, 0x000002553e804ac0,
0x00000255407477e0, 0x0000025540746970, 0x0000025540747cb0, 0x0000025540748180,
0x0000025540745630, 0x0000025540746e40, 0x0000025540747310, 0x0000025540740e00,
0x0000025540743e20, 0x00000255407412d0, 0x0000025540742fb0, 0x0000025540743950,
0x000002553bb45ff0, 0x000002553e8032b0, 0x00000255420e6720, 0x00000255420e9740,
0x00000255446fa140, 0x00000255446fa610, 0x00000255425be250, 0x00000255420e40a0,
0x00000255446f9c70, 0x00000255446f8e00, 0x000002553c43f570, 0x000002553c43e230,
0x000002553c43e700, 0x000002553c43fa40, 0x000002553b817f20, 0x0000025543e1aa10,
0x000002554655d040, 0x000002554655cb70, 0x00000255390909b0, 0x0000025539090e80,
0x00000255425bdd80, 0x00000255425bebf0, 0x0000025549de3500, 0x0000025539091350,
0x0000025539091820, 0x0000025539091cf0, 0x00000255390904e0, 0x000002554655d510,
0x000002554a338ec0, 0x000002554a339390, 0x000002554a3376b0, 0x000002554a338050,
0x000002554a339860, 0x000002554a339d30, 0x000002554a338520, 0x00000255422245c0,
0x000002553c847540, 0x000002553c4cd510, 0x000002554629eaf0
}

Java Threads: ( => current thread )
  0x000002551cec7db0 JavaThread "main" [_thread_blocked, id=18080, stack(0x000000f42ea00000,0x000000f42eb00000)]
  0x000002553885cda0 JavaThread "Reference Handler" daemon [_thread_blocked, id=43304, stack(0x000000f42f100000,0x000000f42f200000)]
  0x000002553885db20 JavaThread "Finalizer" daemon [_thread_blocked, id=15604, stack(0x000000f42f200000,0x000000f42f300000)]
  0x000002553888d0b0 JavaThread "Signal Dispatcher" daemon [_thread_blocked, id=23816, stack(0x000000f42f300000,0x000000f42f400000)]
  0x0000025538891990 JavaThread "Attach Listener" daemon [_thread_blocked, id=19060, stack(0x000000f42f400000,0x000000f42f500000)]
  0x0000025538892250 JavaThread "Service Thread" daemon [_thread_blocked, id=42976, stack(0x000000f42f500000,0x000000f42f600000)]
  0x0000025538892b10 JavaThread "Monitor Deflation Thread" daemon [_thread_blocked, id=25748, stack(0x000000f42f600000,0x000000f42f700000)]
  0x00000255388aff40 JavaThread "C2 CompilerThread0" daemon [_thread_in_native, id=26024, stack(0x000000f42f700000,0x000000f42f800000)]
  0x00000255388b08f0 JavaThread "C1 CompilerThread0" daemon [_thread_blocked, id=39120, stack(0x000000f42f800000,0x000000f42f900000)]
  0x00000255388b5210 JavaThread "Sweeper thread" daemon [_thread_blocked, id=17372, stack(0x000000f42f900000,0x000000f42fa00000)]
  0x0000025538a38f30 JavaThread "Common-Cleaner" daemon [_thread_blocked, id=19688, stack(0x000000f42fa00000,0x000000f42fb00000)]
  0x0000025538a53ee0 JavaThread "Notification Thread" daemon [_thread_blocked, id=3792, stack(0x000000f42fb00000,0x000000f42fc00000)]
  0x00000255395bfb20 JavaThread "Daemon health stats" [_thread_blocked, id=27248, stack(0x000000f430300000,0x000000f430400000)]
  0x0000025539fd8680 JavaThread "Incoming local TCP Connector on port 4906" [_thread_in_native, id=38308, stack(0x000000f430400000,0x000000f430500000)]
  0x000002553acd3ff0 JavaThread "Daemon periodic checks" [_thread_blocked, id=22852, stack(0x000000f430500000,0x000000f430600000)]
  0x000002553b7da300 JavaThread "Daemon" [_thread_blocked, id=41376, stack(0x000000f430600000,0x000000f430700000)]
  0x0000025539e90cf0 JavaThread "Handler for socket connection from /127.0.0.1:4906 to /127.0.0.1:4907" [_thread_in_native, id=26984, stack(0x000000f430700000,0x000000f430800000)]
  0x0000025539a40ac0 JavaThread "Cancel handler" [_thread_blocked, id=12524, stack(0x000000f430800000,0x000000f430900000)]
  0x0000025539a3fbb0 JavaThread "Daemon worker" [_thread_blocked, id=23112, stack(0x000000f430900000,0x000000f430a00000)]
  0x000002553980a500 JavaThread "Asynchronous log dispatcher for DefaultDaemonConnection: socket connection from /127.0.0.1:4906 to /127.0.0.1:4907" [_thread_blocked, id=39816, stack(0x000000f430a00000,0x000000f430b00000)]
  0x0000025539808cf0 JavaThread "Daemon client event forwarder" [_thread_blocked, id=13504, stack(0x000000f430c00000,0x000000f430d00000)]
  0x00000255398074e0 JavaThread "Cache worker for journal cache (C:\Users\M.Joha\.gradle\native\gradle-8.0\caches\journal-1)" [_thread_blocked, id=39476, stack(0x000000f430d00000,0x000000f430e00000)]
  0x00000255398091c0 JavaThread "File lock request listener" [_thread_in_native, id=38632, stack(0x000000f430e00000,0x000000f430f00000)]
  0x00000255398079b0 JavaThread "Cache worker for file hash cache (C:\Users\M.Joha\.gradle\native\gradle-8.0\caches\7.4.2\fileHashes)" [_thread_blocked, id=10372, stack(0x000000f431500000,0x000000f431600000)]
  0x0000025539809690 JavaThread "File watcher server" daemon [_thread_in_native, id=34964, stack(0x000000f431600000,0x000000f431700000)]
  0x0000025539806b40 JavaThread "File watcher consumer" daemon [_thread_blocked, id=15332, stack(0x000000f431700000,0x000000f431800000)]
  0x0000025539807e80 JavaThread "Cache worker for checksums cache (C:\Users\M.Joha\Desktop\BBarka\albaraka-android\.gradle\7.4.2\checksums)" [_thread_blocked, id=24952, stack(0x000000f431800000,0x000000f431900000)]
  0x0000025539807010 JavaThread "Cache worker for cache directory md-rule (C:\Users\M.Joha\.gradle\native\gradle-8.0\caches\7.4.2\md-rule)" [_thread_blocked, id=37784, stack(0x000000f431900000,0x000000f431a00000)]
  0x0000025539809b60 JavaThread "Cache worker for file hash cache (C:\Users\M.Joha\Desktop\BBarka\albaraka-android\.gradle\7.4.2\fileHashes)" [_thread_blocked, id=36288, stack(0x000000f431a00000,0x000000f431b00000)]
  0x000002553bb45b20 JavaThread "Cache worker for cache directory md-supplier (C:\Users\M.Joha\.gradle\native\gradle-8.0\caches\7.4.2\md-supplier)" [_thread_blocked, id=3832, stack(0x000000f431b00000,0x000000f431c00000)]
  0x000002553bb45180 JavaThread "Cache worker for execution history cache (C:\Users\M.Joha\.gradle\native\gradle-8.0\caches\7.4.2\executionHistory)" [_thread_blocked, id=28020, stack(0x000000f431c00000,0x000000f431d00000)]
  0x000002553bb48670 JavaThread "jar transforms" [_thread_blocked, id=32648, stack(0x000000f431d00000,0x000000f431e00000)]
  0x000002553bb44310 JavaThread "jar transforms Thread 2" [_thread_blocked, id=41004, stack(0x000000f431e00000,0x000000f431f00000)]
  0x000002553bb42160 JavaThread "Cache worker for file content cache (C:\Users\M.Joha\.gradle\native\gradle-8.0\caches\7.4.2\fileContent)" [_thread_blocked, id=13292, stack(0x000000f432000000,0x000000f432100000)]
  0x000002553bb447e0 JavaThread "jar transforms Thread 3" [_thread_blocked, id=26460, stack(0x000000f432100000,0x000000f432200000)]
  0x000002553bb45650 JavaThread "jar transforms Thread 4" [_thread_blocked, id=13300, stack(0x000000f432200000,0x000000f432300000)]
  0x000002553bb417c0 JavaThread "Cache worker for dependencies-accessors (C:\Users\M.Joha\Desktop\BBarka\albaraka-android\.gradle\7.4.2\dependencies-accessors)" [_thread_blocked, id=29280, stack(0x000000f432300000,0x000000f432400000)]
  0x000002553bb48b40 JavaThread "jar transforms Thread 5" [_thread_blocked, id=35724, stack(0x000000f432400000,0x000000f432500000)]
  0x000002553bb47330 JavaThread "Cache worker for Build Output Cleanup Cache (C:\Users\M.Joha\Desktop\BBarka\albaraka-android\.gradle\buildOutputCleanup)" [_thread_blocked, id=41104, stack(0x000000f432500000,0x000000f432600000)]
  0x000002553bb46990 JavaThread "Unconstrained build operations" [_thread_blocked, id=43184, stack(0x000000f432600000,0x000000f432700000)]
  0x000002553bb46e60 JavaThread "Unconstrained build operations Thread 2" [_thread_blocked, id=42296, stack(0x000000f432700000,0x000000f432800000)]
  0x000002553bb47800 JavaThread "Unconstrained build operations Thread 3" [_thread_blocked, id=12084, stack(0x000000f432800000,0x000000f432900000)]
  0x000002553bb43e40 JavaThread "Unconstrained build operations Thread 4" [_thread_blocked, id=36680, stack(0x000000f432900000,0x000000f432a00000)]
  0x000002553bb481a0 JavaThread "Unconstrained build operations Thread 5" [_thread_blocked, id=37384, stack(0x000000f432a00000,0x000000f432b00000)]
  0x000002553bb42630 JavaThread "Unconstrained build operations Thread 6" [_thread_blocked, id=40384, stack(0x000000f432b00000,0x000000f432c00000)]
  0x000002553bb42b00 JavaThread "Unconstrained build operations Thread 7" [_thread_blocked, id=34484, stack(0x000000f432c00000,0x000000f432d00000)]
  0x000002553bb42fd0 JavaThread "Unconstrained build operations Thread 8" [_thread_blocked, id=21472, stack(0x000000f432d00000,0x000000f432e00000)]
  0x000002553cfe9790 JavaThread "Unconstrained build operations Thread 9" [_thread_blocked, id=31412, stack(0x000000f432e00000,0x000000f432f00000)]
  0x000002553cfe9c60 JavaThread "Unconstrained build operations Thread 10" [_thread_blocked, id=36860, stack(0x000000f432f00000,0x000000f433000000)]
  0x000002553cfeb940 JavaThread "Unconstrained build operations Thread 11" [_thread_blocked, id=18520, stack(0x000000f433000000,0x000000f433100000)]
  0x000002553cfed150 JavaThread "Unconstrained build operations Thread 12" [_thread_blocked, id=15480, stack(0x000000f433100000,0x000000f433200000)]
  0x000002553cfeaad0 JavaThread "Unconstrained build operations Thread 13" [_thread_blocked, id=20772, stack(0x000000f433200000,0x000000f433300000)]
  0x000002553cfe6c40 JavaThread "Unconstrained build operations Thread 14" [_thread_blocked, id=39848, stack(0x000000f433300000,0x000000f433400000)]
  0x000002553cfec2e0 JavaThread "Unconstrained build operations Thread 15" [_thread_blocked, id=2860, stack(0x000000f433400000,0x000000f433500000)]
  0x000002553cfe92c0 JavaThread "Unconstrained build operations Thread 16" [_thread_blocked, id=43044, stack(0x000000f433500000,0x000000f433600000)]
  0x000002553cfe8df0 JavaThread "Unconstrained build operations Thread 17" [_thread_blocked, id=39868, stack(0x000000f433600000,0x000000f433700000)]
  0x000002553cfed620 JavaThread "Unconstrained build operations Thread 18" [_thread_blocked, id=13900, stack(0x000000f433700000,0x000000f433800000)]
  0x000002553cfea130 JavaThread "Unconstrained build operations Thread 19" [_thread_blocked, id=37532, stack(0x000000f433800000,0x000000f433900000)]
  0x000002553cfe8920 JavaThread "Unconstrained build operations Thread 20" [_thread_blocked, id=35468, stack(0x000000f433900000,0x000000f433a00000)]
  0x000002553cfedaf0 JavaThread "Unconstrained build operations Thread 21" [_thread_blocked, id=37812, stack(0x000000f433a00000,0x000000f433b00000)]
  0x000002553cfedfc0 JavaThread "Unconstrained build operations Thread 22" [_thread_blocked, id=10456, stack(0x000000f433b00000,0x000000f433c00000)]
  0x000002553cfea600 JavaThread "Unconstrained build operations Thread 23" [_thread_blocked, id=19164, stack(0x000000f433c00000,0x000000f433d00000)]
  0x000002553cfeafa0 JavaThread "Unconstrained build operations Thread 24" [_thread_blocked, id=36124, stack(0x000000f433d00000,0x000000f433e00000)]
  0x000002553cfeb470 JavaThread "Unconstrained build operations Thread 25" [_thread_blocked, id=37492, stack(0x000000f433e00000,0x000000f433f00000)]
  0x000002553cfebe10 JavaThread "Unconstrained build operations Thread 26" [_thread_blocked, id=38272, stack(0x000000f433f00000,0x000000f434000000)]
  0x000002553cfe6770 JavaThread "Unconstrained build operations Thread 27" [_thread_blocked, id=29200, stack(0x000000f434000000,0x000000f434100000)]
  0x000002553cfe7110 JavaThread "Unconstrained build operations Thread 28" [_thread_blocked, id=37836, stack(0x000000f434100000,0x000000f434200000)]
  0x000002553cfe75e0 JavaThread "Unconstrained build operations Thread 29" [_thread_blocked, id=38628, stack(0x000000f434200000,0x000000f434300000)]
  0x000002553cfec7b0 JavaThread "Unconstrained build operations Thread 30" [_thread_blocked, id=16500, stack(0x000000f434300000,0x000000f434400000)]
  0x000002553cfecc80 JavaThread "Unconstrained build operations Thread 31" [_thread_blocked, id=43036, stack(0x000000f434400000,0x000000f434500000)]
  0x000002553cfe7ab0 JavaThread "Unconstrained build operations Thread 32" [_thread_blocked, id=10900, stack(0x000000f434500000,0x000000f434600000)]
  0x000002553cfe7f80 JavaThread "Unconstrained build operations Thread 33" [_thread_blocked, id=25168, stack(0x000000f434600000,0x000000f434700000)]
  0x000002553cfe8450 JavaThread "Unconstrained build operations Thread 34" [_thread_blocked, id=21952, stack(0x000000f434700000,0x000000f434800000)]
  0x000002553eb68580 JavaThread "Unconstrained build operations Thread 35" [_thread_blocked, id=21600, stack(0x000000f434800000,0x000000f434900000)]
  0x000002553eb67710 JavaThread "Unconstrained build operations Thread 36" [_thread_blocked, id=6396, stack(0x000000f434900000,0x000000f434a00000)]
  0x000002553eb67be0 JavaThread "Unconstrained build operations Thread 37" [_thread_blocked, id=20580, stack(0x000000f434a00000,0x000000f434b00000)]
  0x000002553eb68f20 JavaThread "Unconstrained build operations Thread 38" [_thread_blocked, id=34808, stack(0x000000f434b00000,0x000000f434c00000)]
  0x000002553eb63d50 JavaThread "Unconstrained build operations Thread 39" [_thread_blocked, id=13388, stack(0x000000f434c00000,0x000000f434d00000)]
  0x000002553eb64220 JavaThread "Unconstrained build operations Thread 40" [_thread_blocked, id=40876, stack(0x000000f434d00000,0x000000f434e00000)]
  0x000002553eb62070 JavaThread "Unconstrained build operations Thread 41" [_thread_blocked, id=2760, stack(0x000000f434e00000,0x000000f434f00000)]
  0x000002553eb663d0 JavaThread "Unconstrained build operations Thread 42" [_thread_blocked, id=32056, stack(0x000000f434f00000,0x000000f435000000)]
  0x000002553eb668a0 JavaThread "Unconstrained build operations Thread 43" [_thread_blocked, id=36264, stack(0x000000f435000000,0x000000f435100000)]
  0x000002553eb62540 JavaThread "Unconstrained build operations Thread 44" [_thread_blocked, id=40820, stack(0x000000f435100000,0x000000f435200000)]
  0x000002553eb65a30 JavaThread "Unconstrained build operations Thread 45" [_thread_blocked, id=24840, stack(0x000000f435200000,0x000000f435300000)]
  0x000002553eb67240 JavaThread "Unconstrained build operations Thread 46" [_thread_blocked, id=29004, stack(0x000000f435300000,0x000000f435400000)]
  0x000002553eb633b0 JavaThread "Unconstrained build operations Thread 47" [_thread_blocked, id=18480, stack(0x000000f435400000,0x000000f435500000)]
  0x000002553eb646f0 JavaThread "Unconstrained build operations Thread 48" [_thread_blocked, id=42952, stack(0x000000f435500000,0x000000f435600000)]
  0x000002553eb693f0 JavaThread "Unconstrained build operations Thread 49" [_thread_blocked, id=39772, stack(0x000000f435600000,0x000000f435700000)]
  0x000002553eb62ee0 JavaThread "Unconstrained build operations Thread 50" [_thread_blocked, id=32968, stack(0x000000f435700000,0x000000f435800000)]
  0x000002553eb68a50 JavaThread "Unconstrained build operations Thread 51" [_thread_blocked, id=40296, stack(0x000000f435800000,0x000000f435900000)]
  0x000002553eb64bc0 JavaThread "Unconstrained build operations Thread 52" [_thread_blocked, id=25968, stack(0x000000f435900000,0x000000f435a00000)]
  0x000002553eb680b0 JavaThread "Unconstrained build operations Thread 53" [_thread_blocked, id=35220, stack(0x000000f435a00000,0x000000f435b00000)]
  0x000002553eb65f00 JavaThread "Unconstrained build operations Thread 54" [_thread_blocked, id=26400, stack(0x000000f435b00000,0x000000f435c00000)]
  0x000002553eb698c0 JavaThread "Unconstrained build operations Thread 55" [_thread_blocked, id=14300, stack(0x000000f435c00000,0x000000f435d00000)]
  0x000002553eb62a10 JavaThread "Unconstrained build operations Thread 56" [_thread_blocked, id=40608, stack(0x000000f435d00000,0x000000f435e00000)]
  0x000002553eb66d70 JavaThread "Unconstrained build operations Thread 57" [_thread_blocked, id=37040, stack(0x000000f435e00000,0x000000f435f00000)]
  0x000002553eb63880 JavaThread "Unconstrained build operations Thread 58" [_thread_blocked, id=34896, stack(0x000000f435f00000,0x000000f436000000)]
  0x000002553eb65090 JavaThread "Unconstrained build operations Thread 59" [_thread_blocked, id=32308, stack(0x000000f436000000,0x000000f436100000)]
  0x000002553eb65560 JavaThread "Unconstrained build operations Thread 60" [_thread_blocked, id=40160, stack(0x000000f436100000,0x000000f436200000)]
  0x000002553e980020 JavaThread "Unconstrained build operations Thread 61" [_thread_blocked, id=24076, stack(0x000000f436200000,0x000000f436300000)]
  0x000002553e979fe0 JavaThread "Unconstrained build operations Thread 62" [_thread_blocked, id=12624, stack(0x000000f436300000,0x000000f436400000)]
  0x000002553e97c190 JavaThread "Unconstrained build operations Thread 63" [_thread_blocked, id=16948, stack(0x000000f436400000,0x000000f436500000)]
  0x000002553e97a4b0 JavaThread "Unconstrained build operations Thread 64" [_thread_blocked, id=40760, stack(0x000000f436500000,0x000000f436600000)]
  0x000002553e97e340 JavaThread "Unconstrained build operations Thread 65" [_thread_blocked, id=6428, stack(0x000000f436600000,0x000000f436700000)]
  0x000002553e979640 JavaThread "Unconstrained build operations Thread 66" [_thread_blocked, id=14848, stack(0x000000f436700000,0x000000f436800000)]
  0x000002553e97de70 JavaThread "Unconstrained build operations Thread 67" [_thread_blocked, id=43652, stack(0x000000f436800000,0x000000f436900000)]
  0x000002553e979b10 JavaThread "Unconstrained build operations Thread 68" [_thread_blocked, id=36544, stack(0x000000f436900000,0x000000f436a00000)]
  0x000002553e9804f0 JavaThread "Unconstrained build operations Thread 69" [_thread_blocked, id=42384, stack(0x000000f436a00000,0x000000f436b00000)]
  0x000002553e97c660 JavaThread "Unconstrained build operations Thread 70" [_thread_blocked, id=22912, stack(0x000000f436b00000,0x000000f436c00000)]
  0x000002553e97d000 JavaThread "Unconstrained build operations Thread 71" [_thread_blocked, id=21196, stack(0x000000f436c00000,0x000000f436d00000)]
  0x000002553e97b320 JavaThread "Unconstrained build operations Thread 72" [_thread_blocked, id=1492, stack(0x000000f436d00000,0x000000f436e00000)]
  0x000002553e978ca0 JavaThread "Unconstrained build operations Thread 73" [_thread_blocked, id=25816, stack(0x000000f436e00000,0x000000f436f00000)]
  0x000002553e97e810 JavaThread "Unconstrained build operations Thread 74" [_thread_blocked, id=24872, stack(0x000000f436f00000,0x000000f437000000)]
  0x000002553e97a980 JavaThread "Unconstrained build operations Thread 75" [_thread_blocked, id=13844, stack(0x000000f437000000,0x000000f437100000)]
  0x000002553e97ae50 JavaThread "Unconstrained build operations Thread 76" [_thread_blocked, id=25948, stack(0x000000f437100000,0x000000f437200000)]
  0x000002553e97b7f0 JavaThread "Unconstrained build operations Thread 77" [_thread_blocked, id=26736, stack(0x000000f437200000,0x000000f437300000)]
  0x000002553e979170 JavaThread "Unconstrained build operations Thread 78" [_thread_blocked, id=39380, stack(0x000000f437300000,0x000000f437400000)]
  0x000002553e97ece0 JavaThread "Unconstrained build operations Thread 79" [_thread_blocked, id=40364, stack(0x000000f437400000,0x000000f437500000)]
  0x000002553e97f1b0 JavaThread "Unconstrained build operations Thread 80" [_thread_blocked, id=21176, stack(0x000000f437500000,0x000000f437600000)]
  0x000002553e97bcc0 JavaThread "Unconstrained build operations Thread 81" [_thread_blocked, id=16616, stack(0x000000f437600000,0x000000f437700000)]
  0x000002553e97cb30 JavaThread "Unconstrained build operations Thread 82" [_thread_blocked, id=26288, stack(0x000000f437700000,0x000000f437800000)]
  0x000002553e97f680 JavaThread "Unconstrained build operations Thread 83" [_thread_blocked, id=2728, stack(0x000000f437800000,0x000000f437900000)]
  0x000002553e97d9a0 JavaThread "Unconstrained build operations Thread 84" [_thread_blocked, id=18032, stack(0x000000f437900000,0x000000f437a00000)]
  0x000002553e97d4d0 JavaThread "Unconstrained build operations Thread 85" [_thread_blocked, id=6480, stack(0x000000f437a00000,0x000000f437b00000)]
  0x000002553e97fb50 JavaThread "Unconstrained build operations Thread 86" [_thread_blocked, id=24156, stack(0x000000f437b00000,0x000000f437c00000)]
  0x000002553e77e9b0 JavaThread "Unconstrained build operations Thread 87" [_thread_blocked, id=40488, stack(0x000000f437c00000,0x000000f437d00000)]
  0x000002553e77c800 JavaThread "Unconstrained build operations Thread 88" [_thread_blocked, id=15304, stack(0x000000f437d00000,0x000000f437e00000)]
  0x000002553e781030 JavaThread "Unconstrained build operations Thread 89" [_thread_blocked, id=42448, stack(0x000000f437e00000,0x000000f437f00000)]
  0x000002553e77ccd0 JavaThread "Unconstrained build operations Thread 90" [_thread_blocked, id=3680, stack(0x000000f437f00000,0x000000f438000000)]
  0x000002553e7836b0 JavaThread "Unconstrained build operations Thread 91" [_thread_blocked, id=36220, stack(0x000000f438000000,0x000000f438100000)]
  0x000002553e77f350 JavaThread "Unconstrained build operations Thread 92" [_thread_blocked, id=17072, stack(0x000000f438100000,0x000000f438200000)]
  0x000002553e782370 JavaThread "Unconstrained build operations Thread 93" [_thread_blocked, id=31884, stack(0x000000f438200000,0x000000f438300000)]
  0x000002553e77c330 JavaThread "Unconstrained build operations Thread 94" [_thread_blocked, id=14196, stack(0x000000f438300000,0x000000f438400000)]
  0x000002553e77ee80 JavaThread "Unconstrained build operations Thread 95" [_thread_blocked, id=18136, stack(0x000000f438400000,0x000000f438500000)]
  0x000002553e7831e0 JavaThread "Unconstrained build operations Thread 96" [_thread_blocked, id=39588, stack(0x000000f438500000,0x000000f438600000)]
  0x000002553e781500 JavaThread "Unconstrained build operations Thread 97" [_thread_blocked, id=34044, stack(0x000000f438600000,0x000000f438700000)]
  0x000002553e77d1a0 JavaThread "Unconstrained build operations Thread 98" [_thread_blocked, id=6608, stack(0x000000f438700000,0x000000f438800000)]
  0x000002553e77db40 JavaThread "Unconstrained build operations Thread 99" [_thread_blocked, id=10980, stack(0x000000f438800000,0x000000f438900000)]
  0x000002553e77d670 JavaThread "Unconstrained build operations Thread 100" [_thread_blocked, id=15824, stack(0x000000f438900000,0x000000f438a00000)]
  0x000002553e7801c0 JavaThread "Unconstrained build operations Thread 101" [_thread_blocked, id=23032, stack(0x000000f438a00000,0x000000f438b00000)]
  0x000002553e77e010 JavaThread "Unconstrained build operations Thread 102" [_thread_blocked, id=6708, stack(0x000000f438b00000,0x000000f438c00000)]
  0x000002553e7819d0 JavaThread "Unconstrained build operations Thread 103" [_thread_blocked, id=13184, stack(0x000000f438c00000,0x000000f438d00000)]
  0x000002553e782840 JavaThread "Unconstrained build operations Thread 104" [_thread_blocked, id=6628, stack(0x000000f438d00000,0x000000f438e00000)]
  0x000002553e780690 JavaThread "Unconstrained build operations Thread 105" [_thread_blocked, id=26892, stack(0x000000f438e00000,0x000000f438f00000)]
  0x000002553e77be60 JavaThread "Unconstrained build operations Thread 106" [_thread_blocked, id=31732, stack(0x000000f438f00000,0x000000f439000000)]
  0x000002553e77e4e0 JavaThread "Unconstrained build operations Thread 107" [_thread_blocked, id=23616, stack(0x000000f439000000,0x000000f439100000)]
  0x000002553e780b60 JavaThread "Unconstrained build operations Thread 108" [_thread_blocked, id=22032, stack(0x000000f439100000,0x000000f439200000)]
  0x000002553e782d10 JavaThread "Unconstrained build operations Thread 109" [_thread_blocked, id=1032, stack(0x000000f439200000,0x000000f439300000)]
  0x000002553e77fcf0 JavaThread "Unconstrained build operations Thread 110" [_thread_blocked, id=32608, stack(0x000000f439300000,0x000000f439400000)]
  0x000002553e781ea0 JavaThread "Unconstrained build operations Thread 111" [_thread_blocked, id=9292, stack(0x000000f439400000,0x000000f439500000)]
  0x000002553e77f820 JavaThread "Unconstrained build operations Thread 112" [_thread_blocked, id=29716, stack(0x000000f439500000,0x000000f439600000)]
  0x000002553e803c50 JavaThread "Unconstrained build operations Thread 113" [_thread_blocked, id=12548, stack(0x000000f439600000,0x000000f439700000)]
  0x000002553e7ff8f0 JavaThread "Unconstrained build operations Thread 114" [_thread_blocked, id=2756, stack(0x000000f439700000,0x000000f439800000)]
  0x000002553e7fea80 JavaThread "Unconstrained build operations Thread 115" [_thread_blocked, id=35036, stack(0x000000f439800000,0x000000f439900000)]
  0x000002553e8045f0 JavaThread "Unconstrained build operations Thread 116" [_thread_blocked, id=29504, stack(0x000000f439900000,0x000000f439a00000)]
  0x000002553e7ffdc0 JavaThread "Unconstrained build operations Thread 117" [_thread_blocked, id=29516, stack(0x000000f439a00000,0x000000f439b00000)]
  0x000002553e804f90 JavaThread "Unconstrained build operations Thread 118" [_thread_blocked, id=35164, stack(0x000000f439b00000,0x000000f439c00000)]
  0x000002553e7fe0e0 JavaThread "Unconstrained build operations Thread 119" [_thread_blocked, id=10724, stack(0x000000f439c00000,0x000000f439d00000)]
  0x000002553e800290 JavaThread "Unconstrained build operations Thread 120" [_thread_blocked, id=11428, stack(0x000000f439d00000,0x000000f439e00000)]
  0x000002553e805460 JavaThread "jar transforms Thread 6" [_thread_blocked, id=40244, stack(0x000000f439e00000,0x000000f439f00000)]
  0x000002553e7ff420 JavaThread "jar transforms Thread 7" [_thread_blocked, id=41328, stack(0x000000f439f00000,0x000000f43a000000)]
  0x000002553e801aa0 JavaThread "jar transforms Thread 8" [_thread_blocked, id=10368, stack(0x000000f43a000000,0x000000f43a100000)]
  0x000002553e803780 JavaThread "jar transforms Thread 9" [_thread_blocked, id=13340, stack(0x000000f43a100000,0x000000f43a200000)]
  0x000002553e800760 JavaThread "jar transforms Thread 10" [_thread_blocked, id=22456, stack(0x000000f43a200000,0x000000f43a300000)]
  0x000002553e800c30 JavaThread "jar transforms Thread 11" [_thread_blocked, id=10632, stack(0x000000f43a300000,0x000000f43a400000)]
  0x000002553e801100 JavaThread "jar transforms Thread 12" [_thread_blocked, id=27700, stack(0x000000f43a400000,0x000000f43a500000)]
  0x000002553e802440 JavaThread "Memory manager" [_thread_blocked, id=35628, stack(0x000000f43a500000,0x000000f43a600000)]
  0x000002553e804ac0 JavaThread "build event listener" [_thread_blocked, id=15176, stack(0x000000f43a600000,0x000000f43a700000)]
  0x00000255407477e0 JavaThread "build event listener" [_thread_blocked, id=13396, stack(0x000000f43a800000,0x000000f43a900000)]
  0x0000025540746970 JavaThread "pool-3-thread-1" [_thread_blocked, id=5684, stack(0x000000f43a900000,0x000000f43aa00000)]
  0x0000025540747cb0 JavaThread "build event listener" [_thread_blocked, id=33664, stack(0x000000f43aa00000,0x000000f43ab00000)]
  0x0000025540748180 JavaThread "included builds" [_thread_blocked, id=40528, stack(0x000000f43ab00000,0x000000f43ac00000)]
  0x0000025540745630 JavaThread "Execution worker for ':'" [_thread_blocked, id=35388, stack(0x000000f43ac00000,0x000000f43ad00000)]
  0x0000025540746e40 JavaThread "Execution worker for ':' Thread 2" [_thread_blocked, id=33840, stack(0x000000f43ad00000,0x000000f43ae00000)]
  0x0000025540747310 JavaThread "Execution worker for ':' Thread 3" [_thread_blocked, id=2464, stack(0x000000f43ae00000,0x000000f43af00000)]
  0x0000025540740e00 JavaThread "Execution worker for ':' Thread 4" [_thread_blocked, id=32164, stack(0x000000f43af00000,0x000000f43b000000)]
  0x0000025540743e20 JavaThread "Execution worker for ':' Thread 5" [_thread_blocked, id=26404, stack(0x000000f43b000000,0x000000f43b100000)]
  0x00000255407412d0 JavaThread "Execution worker for ':' Thread 6" [_thread_blocked, id=42908, stack(0x000000f43b100000,0x000000f43b200000)]
  0x0000025540742fb0 JavaThread "Execution worker for ':' Thread 7" [_thread_blocked, id=12792, stack(0x000000f43b200000,0x000000f43b300000)]
  0x0000025540743950 JavaThread "Execution worker for ':' Thread 8" [_thread_blocked, id=6536, stack(0x000000f43b300000,0x000000f43b400000)]
  0x000002553bb45ff0 JavaThread "Execution worker for ':' Thread 9" [_thread_blocked, id=22384, stack(0x000000f43b400000,0x000000f43b500000)]
  0x000002553e8032b0 JavaThread "Execution worker for ':' Thread 10" [_thread_blocked, id=26652, stack(0x000000f43b500000,0x000000f43b600000)]
  0x00000255420e6720 JavaThread "Execution worker for ':' Thread 11" [_thread_blocked, id=35328, stack(0x000000f43b600000,0x000000f43b700000)]
  0x00000255420e9740 JavaThread "Cache worker for execution history cache (C:\Users\M.Joha\Desktop\BBarka\albaraka-android\.gradle\7.4.2\executionHistory)" [_thread_blocked, id=27604, stack(0x000000f43b700000,0x000000f43b800000)]
  0x00000255446fa140 JavaThread "WorkerExecutor Queue" [_thread_blocked, id=29848, stack(0x000000f43bb00000,0x000000f43bc00000)]
  0x00000255446fa610 JavaThread "WorkerExecutor Queue Thread 2" [_thread_blocked, id=8740, stack(0x000000f43bc00000,0x000000f43bd00000)]
  0x00000255425be250 JavaThread "WorkerExecutor Queue Thread 4" [_thread_blocked, id=39676, stack(0x000000f43c000000,0x000000f43c100000)]
  0x00000255420e40a0 JavaThread "WorkerExecutor Queue Thread 5" [_thread_in_Java, id=39916, stack(0x000000f43c100000,0x000000f43c200000)]
  0x00000255446f9c70 JavaThread "WorkerExecutor Queue Thread 7" [_thread_blocked, id=27964, stack(0x000000f43c300000,0x000000f43c400000)]
  0x00000255446f8e00 JavaThread "WorkerExecutor Queue Thread 8" [_thread_blocked, id=20404, stack(0x000000f43c400000,0x000000f43c500000)]
  0x000002553c43f570 JavaThread "WorkerExecutor Queue Thread 9" [_thread_blocked, id=29572, stack(0x000000f43c500000,0x000000f43c600000)]
  0x000002553c43e230 JavaThread "WorkerExecutor Queue Thread 10" [_thread_blocked, id=9104, stack(0x000000f43c600000,0x000000f43c700000)]
  0x000002553c43e700 JavaThread "WorkerExecutor Queue Thread 11" [_thread_blocked, id=29752, stack(0x000000f43c700000,0x000000f43c800000)]
  0x000002553c43fa40 JavaThread "WorkerExecutor Queue Thread 12" [_thread_blocked, id=30576, stack(0x000000f43c800000,0x000000f43c900000)]
  0x000002553b817f20 JavaThread "Java2D Disposer" daemon [_thread_blocked, id=36756, stack(0x000000f43c900000,0x000000f43ca00000)]
  0x0000025543e1aa10 JavaThread "AWT-Windows" daemon [_thread_in_native, id=22220, stack(0x000000f43cb00000,0x000000f43cc00000)]
  0x000002554655d040 JavaThread "RMI Scheduler(0)" daemon [_thread_blocked, id=40144, stack(0x000000f42e900000,0x000000f42ea00000)]
  0x000002554655cb70 JavaThread "RMI GC Daemon" daemon [_thread_blocked, id=20604, stack(0x000000f430b00000,0x000000f430c00000)]
  0x00000255390909b0 JavaThread "RMI TCP Accept-0" daemon [_thread_in_native, id=20488, stack(0x000000f431f00000,0x000000f432000000)]
  0x0000025539090e80 JavaThread "RMI Reaper" [_thread_blocked, id=40900, stack(0x000000f43b800000,0x000000f43b900000)]
  0x00000255425bdd80 JavaThread "RMI TCP Connection(idle)" daemon [_thread_blocked, id=19704, stack(0x000000f42e800000,0x000000f42e900000)]
  0x00000255425bebf0 JavaThread "RMI TCP Connection(idle)" daemon [_thread_blocked, id=34988, stack(0x000000f42fd00000,0x000000f42fe00000)]
  0x0000025549de3500 JavaThread "Cache worker for Java compile cache (C:\Users\M.Joha\.gradle\native\gradle-8.0\caches\7.4.2\javaCompile)" [_thread_blocked, id=30012, stack(0x000000f43ba00000,0x000000f43bb00000)]
  0x0000025539091350 JavaThread "Build operations" [_thread_blocked, id=27684, stack(0x000000f42e700000,0x000000f42e800000)]
  0x0000025539091820 JavaThread "Build operations Thread 2" [_thread_blocked, id=37264, stack(0x000000f43b900000,0x000000f43ba00000)]
  0x0000025539091cf0 JavaThread "Build operations Thread 3" [_thread_blocked, id=29648, stack(0x000000f43bf00000,0x000000f43c000000)]
  0x00000255390904e0 JavaThread "Build operations Thread 4" [_thread_blocked, id=12360, stack(0x000000f43ca00000,0x000000f43cb00000)]
  0x000002554655d510 JavaThread "Build operations Thread 5" [_thread_blocked, id=25468, stack(0x000000f43cc00000,0x000000f43cd00000)]
  0x000002554a338ec0 JavaThread "Build operations Thread 6" [_thread_blocked, id=12748, stack(0x000000f43cd00000,0x000000f43ce00000)]
  0x000002554a339390 JavaThread "Build operations Thread 7" [_thread_blocked, id=9888, stack(0x000000f43cf00000,0x000000f43d000000)]
  0x000002554a3376b0 JavaThread "Build operations Thread 8" [_thread_blocked, id=28816, stack(0x000000f43d000000,0x000000f43d100000)]
  0x000002554a338050 JavaThread "Build operations Thread 9" [_thread_blocked, id=38556, stack(0x000000f43d100000,0x000000f43d200000)]
  0x000002554a339860 JavaThread "Build operations Thread 10" [_thread_blocked, id=43532, stack(0x000000f43d200000,0x000000f43d300000)]
  0x000002554a339d30 JavaThread "Build operations Thread 11" [_thread_blocked, id=18004, stack(0x000000f43d300000,0x000000f43d400000)]
  0x000002554a338520 JavaThread "Build operations Thread 12" [_thread_blocked, id=40240, stack(0x000000f43d400000,0x000000f43d500000)]
  0x00000255422245c0 JavaThread "WorkerExecutor Queue Thread 14" [_thread_blocked, id=3208, stack(0x000000f43d600000,0x000000f43d700000)]
  0x000002553c847540 JavaThread "WorkerExecutor Queue Thread 15" [_thread_blocked, id=41160, stack(0x000000f43ce00000,0x000000f43cf00000)]
=>0x000002553c4cd510 JavaThread "C2 CompilerThread1" daemon [_thread_in_native, id=3324, stack(0x000000f43d500000,0x000000f43d600000)]
  0x000002554629eaf0 JavaThread "WorkerExecutor Queue Thread 16" [_thread_blocked, id=28988, stack(0x000000f43d700000,0x000000f43d800000)]

Other Threads:
  0x000002553880b6f0 VMThread "VM Thread" [stack: 0x000000f42f000000,0x000000f42f100000] [id=34768]
  0x000002551cf86de0 WatcherThread [stack: 0x000000f42fc00000,0x000000f42fd00000] [id=13228]
  0x000002551cf15680 GCTaskThread "GC Thread#0" [stack: 0x000000f42eb00000,0x000000f42ec00000] [id=21740]
  0x0000025539843bf0 GCTaskThread "GC Thread#1" [stack: 0x000000f42fe00000,0x000000f42ff00000] [id=25368]
  0x0000025539540440 GCTaskThread "GC Thread#2" [stack: 0x000000f42ff00000,0x000000f430000000] [id=4560]
  0x00000255392bcc70 GCTaskThread "GC Thread#3" [stack: 0x000000f430000000,0x000000f430100000] [id=40708]
  0x00000255392bcf20 GCTaskThread "GC Thread#4" [stack: 0x000000f430100000,0x000000f430200000] [id=9548]
  0x00000255392bd1d0 GCTaskThread "GC Thread#5" [stack: 0x000000f430200000,0x000000f430300000] [id=7516]
  0x0000025539d27360 GCTaskThread "GC Thread#6" [stack: 0x000000f430f00000,0x000000f431000000] [id=4936]
  0x000002553b46f3c0 GCTaskThread "GC Thread#7" [stack: 0x000000f431000000,0x000000f431100000] [id=11736]
  0x000002553a13ca70 GCTaskThread "GC Thread#8" [stack: 0x000000f431100000,0x000000f431200000] [id=39652]
  0x000002553a13c260 GCTaskThread "GC Thread#9" [stack: 0x000000f431200000,0x000000f431300000] [id=23444]
  0x000002551cf224d0 ConcurrentGCThread "G1 Main Marker" [stack: 0x000000f42ec00000,0x000000f42ed00000] [id=11140]
  0x000002551cf23590 ConcurrentGCThread "G1 Conc#0" [stack: 0x000000f42ed00000,0x000000f42ee00000] [id=24624]
  0x000002553a13b7a0 ConcurrentGCThread "G1 Conc#1" [stack: 0x000000f431300000,0x000000f431400000] [id=31812]
  0x000002553a13c510 ConcurrentGCThread "G1 Conc#2" [stack: 0x000000f431400000,0x000000f431500000] [id=24896]
  0x0000025537cc0a70 ConcurrentGCThread "G1 Refine#0" [stack: 0x000000f42ee00000,0x000000f42ef00000] [id=28240]
  0x000002553c3dcf80 ConcurrentGCThread "G1 Refine#1" [stack: 0x000000f43a700000,0x000000f43a800000] [id=37964]
  0x0000025540835360 ConcurrentGCThread "G1 Refine#2" [stack: 0x000000f43bd00000,0x000000f43be00000] [id=35092]
  0x000002553ed8be20 ConcurrentGCThread "G1 Refine#3" [stack: 0x000000f43be00000,0x000000f43bf00000] [id=16276]
  0x0000025542284110 ConcurrentGCThread "G1 Refine#4" [stack: 0x000000f43e400000,0x000000f43e500000] [id=38568]
  0x000002553ed8a290 ConcurrentGCThread "G1 Refine#5" [stack: 0x000000f43e500000,0x000000f43e600000] [id=29404]
  0x0000025540837660 ConcurrentGCThread "G1 Refine#6" [stack: 0x000000f43e800000,0x000000f43e900000] [id=13708]
  0x000002554efefa40 ConcurrentGCThread "G1 Refine#7" [stack: 0x000000f43e900000,0x000000f43ea00000] [id=6340]
  0x0000025542283590 ConcurrentGCThread "G1 Refine#8" [stack: 0x000000f43ea00000,0x000000f43eb00000] [id=25324]
  0x000002553ef06a50 ConcurrentGCThread "G1 Refine#9" [stack: 0x000000f43eb00000,0x000000f43ec00000] [id=22936]
  0x0000025537cc13a0 ConcurrentGCThread "G1 Service" [stack: 0x000000f42ef00000,0x000000f42f000000] [id=41588]

Threads with active compile tasks:
C2 CompilerThread0   278132 45912       4       com.android.tools.r8.dex.j::a (1038 bytes)
C1 CompilerThread0   278133 46096 %     3       com.android.tools.r8.internal.Gw::a @ 5 (24 bytes)
C2 CompilerThread1   278133 45856       4       com.android.tools.r8.code.w1::a (4137 bytes)

VM state: not at safepoint (normal execution)

VM Mutex/Monitor currently owned by a thread: None

Heap address: 0x00000000a0000000, size: 1536 MB, Compressed Oops mode: 32-bit

CDS archive(s) not mapped
Compressed class space mapped at: 0x0000000100000000-0x0000000140000000, reserved size: 1073741824
Narrow klass base: 0x0000000000000000, Narrow klass shift: 3, Narrow klass range: 0x140000000

GC Precious Log:
 CPUs: 12 total, 12 available
 Memory: 16243M
 Large Page Support: Disabled
 NUMA Support: Disabled
 Compressed Oops: Enabled (32-bit)
 Heap Region Size: 1M
 Heap Min Capacity: 8M
 Heap Initial Capacity: 254M
 Heap Max Capacity: 1536M
 Pre-touch: Disabled
 Parallel Workers: 10
 Concurrent Workers: 3
 Concurrent Refinement Workers: 10
 Periodic GC: Disabled

Heap:
 garbage-first heap   total 1297408K, used 651214K [0x00000000a0000000, 0x0000000100000000)
  region size 1024K, 303 young (310272K), 2 survivors (2048K)
 Metaspace       used 184538K, committed 185664K, reserved 1212416K
  class space    used 23277K, committed 23808K, reserved 1048576K

Heap Regions: E=young(eden), S=young(survivor), O=old, HS=humongous(starts), HC=humongous(continues), CS=collection set, F=free, OA=open archive, CA=closed archive, TAMS=top-at-mark-start (previous, next)
|   0|0x00000000a0000000, 0x00000000a0100000, 0x00000000a0100000|100%| O|  |TAMS 0x00000000a0100000, 0x00000000a0000000| Untracked 
|   1|0x00000000a0100000, 0x00000000a0200000, 0x00000000a0200000|100%| O|  |TAMS 0x00000000a0200000, 0x00000000a0100000| Untracked 
|   2|0x00000000a0200000, 0x00000000a0300000, 0x00000000a0300000|100%| O|  |TAMS 0x00000000a0300000, 0x00000000a0200000| Untracked 
|   3|0x00000000a0300000, 0x00000000a0400000, 0x00000000a0400000|100%|HS|  |TAMS 0x00000000a0400000, 0x00000000a0300000| Complete 
|   4|0x00000000a0400000, 0x00000000a0500000, 0x00000000a0500000|100%|HC|  |TAMS 0x00000000a0500000, 0x00000000a0400000| Complete 
|   5|0x00000000a0500000, 0x00000000a0600000, 0x00000000a0600000|100%|HC|  |TAMS 0x00000000a0600000, 0x00000000a0500000| Complete 
|   6|0x00000000a0600000, 0x00000000a0700000, 0x00000000a0700000|100%| O|  |TAMS 0x00000000a0700000, 0x00000000a0600000| Untracked 
|   7|0x00000000a0700000, 0x00000000a0800000, 0x00000000a0800000|100%| O|  |TAMS 0x00000000a0800000, 0x00000000a0700000| Untracked 
|   8|0x00000000a0800000, 0x00000000a0900000, 0x00000000a0900000|100%| O|  |TAMS 0x00000000a0900000, 0x00000000a0800000| Untracked 
|   9|0x00000000a0900000, 0x00000000a0a00000, 0x00000000a0a00000|100%| O|  |TAMS 0x00000000a0a00000, 0x00000000a0900000| Untracked 
|  10|0x00000000a0a00000, 0x00000000a0b00000, 0x00000000a0b00000|100%| O|  |TAMS 0x00000000a0b00000, 0x00000000a0a00000| Untracked 
|  11|0x00000000a0b00000, 0x00000000a0c00000, 0x00000000a0c00000|100%| O|  |TAMS 0x00000000a0c00000, 0x00000000a0b00000| Untracked 
|  12|0x00000000a0c00000, 0x00000000a0d00000, 0x00000000a0d00000|100%| O|  |TAMS 0x00000000a0d00000, 0x00000000a0c00000| Untracked 
|  13|0x00000000a0d00000, 0x00000000a0e00000, 0x00000000a0e00000|100%| O|  |TAMS 0x00000000a0e00000, 0x00000000a0d00000| Untracked 
|  14|0x00000000a0e00000, 0x00000000a0f00000, 0x00000000a0f00000|100%| O|  |TAMS 0x00000000a0f00000, 0x00000000a0e00000| Untracked 
|  15|0x00000000a0f00000, 0x00000000a1000000, 0x00000000a1000000|100%| O|  |TAMS 0x00000000a1000000, 0x00000000a0f00000| Untracked 
|  16|0x00000000a1000000, 0x00000000a1100000, 0x00000000a1100000|100%| O|  |TAMS 0x00000000a1100000, 0x00000000a1000000| Untracked 
|  17|0x00000000a1100000, 0x00000000a1200000, 0x00000000a1200000|100%| O|  |TAMS 0x00000000a1200000, 0x00000000a1100000| Untracked 
|  18|0x00000000a1200000, 0x00000000a1300000, 0x00000000a1300000|100%| O|  |TAMS 0x00000000a1300000, 0x00000000a1200000| Untracked 
|  19|0x00000000a1300000, 0x00000000a1400000, 0x00000000a1400000|100%| O|  |TAMS 0x00000000a1400000, 0x00000000a1300000| Untracked 
|  20|0x00000000a1400000, 0x00000000a1500000, 0x00000000a1500000|100%| O|  |TAMS 0x00000000a1500000, 0x00000000a1400000| Untracked 
|  21|0x00000000a1500000, 0x00000000a1600000, 0x00000000a1600000|100%| O|  |TAMS 0x00000000a1600000, 0x00000000a1500000| Untracked 
|  22|0x00000000a1600000, 0x00000000a1700000, 0x00000000a1700000|100%| O|  |TAMS 0x00000000a1700000, 0x00000000a1600000| Untracked 
|  23|0x00000000a1700000, 0x00000000a1800000, 0x00000000a1800000|100%| O|  |TAMS 0x00000000a1800000, 0x00000000a1700000| Untracked 
|  24|0x00000000a1800000, 0x00000000a1900000, 0x00000000a1900000|100%| O|  |TAMS 0x00000000a1900000, 0x00000000a1800000| Untracked 
|  25|0x00000000a1900000, 0x00000000a1a00000, 0x00000000a1a00000|100%| O|  |TAMS 0x00000000a1a00000, 0x00000000a1900000| Untracked 
|  26|0x00000000a1a00000, 0x00000000a1b00000, 0x00000000a1b00000|100%| O|  |TAMS 0x00000000a1b00000, 0x00000000a1a00000| Untracked 
|  27|0x00000000a1b00000, 0x00000000a1c00000, 0x00000000a1c00000|100%| O|  |TAMS 0x00000000a1c00000, 0x00000000a1b00000| Untracked 
|  28|0x00000000a1c00000, 0x00000000a1d00000, 0x00000000a1d00000|100%| O|  |TAMS 0x00000000a1d00000, 0x00000000a1c00000| Untracked 
|  29|0x00000000a1d00000, 0x00000000a1e00000, 0x00000000a1e00000|100%| O|  |TAMS 0x00000000a1e00000, 0x00000000a1d00000| Untracked 
|  30|0x00000000a1e00000, 0x00000000a1f00000, 0x00000000a1f00000|100%| O|  |TAMS 0x00000000a1f00000, 0x00000000a1e00000| Untracked 
|  31|0x00000000a1f00000, 0x00000000a2000000, 0x00000000a2000000|100%| O|  |TAMS 0x00000000a2000000, 0x00000000a1f00000| Untracked 
|  32|0x00000000a2000000, 0x00000000a2100000, 0x00000000a2100000|100%|HS|  |TAMS 0x00000000a2100000, 0x00000000a2000000| Complete 
|  33|0x00000000a2100000, 0x00000000a2200000, 0x00000000a2200000|100%|HS|  |TAMS 0x00000000a2200000, 0x00000000a2100000| Complete 
|  34|0x00000000a2200000, 0x00000000a2300000, 0x00000000a2300000|100%|HS|  |TAMS 0x00000000a2300000, 0x00000000a2200000| Complete 
|  35|0x00000000a2300000, 0x00000000a2400000, 0x00000000a2400000|100%| O|  |TAMS 0x00000000a2400000, 0x00000000a2300000| Untracked 
|  36|0x00000000a2400000, 0x00000000a2500000, 0x00000000a2500000|100%| O|  |TAMS 0x00000000a2500000, 0x00000000a2400000| Untracked 
|  37|0x00000000a2500000, 0x00000000a2600000, 0x00000000a2600000|100%| O|  |TAMS 0x00000000a2600000, 0x00000000a2500000| Untracked 
|  38|0x00000000a2600000, 0x00000000a2700000, 0x00000000a2700000|100%|HS|  |TAMS 0x00000000a2700000, 0x00000000a2600000| Complete 
|  39|0x00000000a2700000, 0x00000000a2800000, 0x00000000a2800000|100%|HC|  |TAMS 0x00000000a2800000, 0x00000000a2700000| Complete 
|  40|0x00000000a2800000, 0x00000000a2900000, 0x00000000a2900000|100%|HC|  |TAMS 0x00000000a2900000, 0x00000000a2800000| Complete 
|  41|0x00000000a2900000, 0x00000000a2a00000, 0x00000000a2a00000|100%| O|  |TAMS 0x00000000a2a00000, 0x00000000a2900000| Untracked 
|  42|0x00000000a2a00000, 0x00000000a2b00000, 0x00000000a2b00000|100%| O|  |TAMS 0x00000000a2b00000, 0x00000000a2a00000| Untracked 
|  43|0x00000000a2b00000, 0x00000000a2c00000, 0x00000000a2c00000|100%| O|  |TAMS 0x00000000a2c00000, 0x00000000a2b00000| Untracked 
|  44|0x00000000a2c00000, 0x00000000a2d00000, 0x00000000a2d00000|100%| O|  |TAMS 0x00000000a2d00000, 0x00000000a2c00000| Untracked 
|  45|0x00000000a2d00000, 0x00000000a2e00000, 0x00000000a2e00000|100%|HS|  |TAMS 0x00000000a2e00000, 0x00000000a2d00000| Complete 
|  46|0x00000000a2e00000, 0x00000000a2f00000, 0x00000000a2f00000|100%|HC|  |TAMS 0x00000000a2f00000, 0x00000000a2e00000| Complete 
|  47|0x00000000a2f00000, 0x00000000a3000000, 0x00000000a3000000|100%| O|  |TAMS 0x00000000a3000000, 0x00000000a2f00000| Untracked 
|  48|0x00000000a3000000, 0x00000000a3100000, 0x00000000a3100000|100%| O|  |TAMS 0x00000000a3100000, 0x00000000a3000000| Untracked 
|  49|0x00000000a3100000, 0x00000000a3200000, 0x00000000a3200000|100%| O|  |TAMS 0x00000000a3200000, 0x00000000a3100000| Untracked 
|  50|0x00000000a3200000, 0x00000000a3300000, 0x00000000a3300000|100%| O|  |TAMS 0x00000000a3300000, 0x00000000a3200000| Untracked 
|  51|0x00000000a3300000, 0x00000000a3400000, 0x00000000a3400000|100%| O|  |TAMS 0x00000000a3400000, 0x00000000a3300000| Untracked 
|  52|0x00000000a3400000, 0x00000000a3500000, 0x00000000a3500000|100%| O|  |TAMS 0x00000000a3500000, 0x00000000a3400000| Untracked 
|  53|0x00000000a3500000, 0x00000000a3600000, 0x00000000a3600000|100%| O|  |TAMS 0x00000000a3600000, 0x00000000a3500000| Untracked 
|  54|0x00000000a3600000, 0x00000000a3700000, 0x00000000a3700000|100%| O|  |TAMS 0x00000000a3700000, 0x00000000a3600000| Untracked 
|  55|0x00000000a3700000, 0x00000000a3800000, 0x00000000a3800000|100%| O|  |TAMS 0x00000000a3800000, 0x00000000a3700000| Untracked 
|  56|0x00000000a3800000, 0x00000000a3900000, 0x00000000a3900000|100%| O|  |TAMS 0x00000000a3900000, 0x00000000a3800000| Untracked 
|  57|0x00000000a3900000, 0x00000000a3a00000, 0x00000000a3a00000|100%| O|  |TAMS 0x00000000a3a00000, 0x00000000a3900000| Untracked 
|  58|0x00000000a3a00000, 0x00000000a3b00000, 0x00000000a3b00000|100%| O|  |TAMS 0x00000000a3b00000, 0x00000000a3a00000| Untracked 
|  59|0x00000000a3b00000, 0x00000000a3c00000, 0x00000000a3c00000|100%| O|  |TAMS 0x00000000a3c00000, 0x00000000a3b00000| Untracked 
|  60|0x00000000a3c00000, 0x00000000a3d00000, 0x00000000a3d00000|100%| O|  |TAMS 0x00000000a3d00000, 0x00000000a3c00000| Untracked 
|  61|0x00000000a3d00000, 0x00000000a3e00000, 0x00000000a3e00000|100%| O|  |TAMS 0x00000000a3e00000, 0x00000000a3d00000| Untracked 
|  62|0x00000000a3e00000, 0x00000000a3f00000, 0x00000000a3f00000|100%| O|  |TAMS 0x00000000a3f00000, 0x00000000a3e00000| Untracked 
|  63|0x00000000a3f00000, 0x00000000a4000000, 0x00000000a4000000|100%| O|  |TAMS 0x00000000a4000000, 0x00000000a3f00000| Untracked 
|  64|0x00000000a4000000, 0x00000000a4100000, 0x00000000a4100000|100%| O|  |TAMS 0x00000000a4100000, 0x00000000a4000000| Untracked 
|  65|0x00000000a4100000, 0x00000000a4200000, 0x00000000a4200000|100%| O|  |TAMS 0x00000000a4200000, 0x00000000a4100000| Untracked 
|  66|0x00000000a4200000, 0x00000000a4300000, 0x00000000a4300000|100%| O|  |TAMS 0x00000000a4300000, 0x00000000a4200000| Untracked 
|  67|0x00000000a4300000, 0x00000000a4400000, 0x00000000a4400000|100%| O|  |TAMS 0x00000000a4400000, 0x00000000a4300000| Untracked 
|  68|0x00000000a4400000, 0x00000000a4500000, 0x00000000a4500000|100%| O|  |TAMS 0x00000000a4500000, 0x00000000a4400000| Untracked 
|  69|0x00000000a4500000, 0x00000000a4600000, 0x00000000a4600000|100%| O|  |TAMS 0x00000000a4600000, 0x00000000a4500000| Untracked 
|  70|0x00000000a4600000, 0x00000000a4700000, 0x00000000a4700000|100%| O|  |TAMS 0x00000000a4700000, 0x00000000a4600000| Untracked 
|  71|0x00000000a4700000, 0x00000000a4800000, 0x00000000a4800000|100%| O|  |TAMS 0x00000000a4800000, 0x00000000a4700000| Untracked 
|  72|0x00000000a4800000, 0x00000000a4900000, 0x00000000a4900000|100%| O|  |TAMS 0x00000000a4900000, 0x00000000a4800000| Untracked 
|  73|0x00000000a4900000, 0x00000000a4a00000, 0x00000000a4a00000|100%| O|  |TAMS 0x00000000a4a00000, 0x00000000a4900000| Untracked 
|  74|0x00000000a4a00000, 0x00000000a4b00000, 0x00000000a4b00000|100%| O|  |TAMS 0x00000000a4b00000, 0x00000000a4a00000| Untracked 
|  75|0x00000000a4b00000, 0x00000000a4c00000, 0x00000000a4c00000|100%| O|  |TAMS 0x00000000a4c00000, 0x00000000a4b00000| Untracked 
|  76|0x00000000a4c00000, 0x00000000a4d00000, 0x00000000a4d00000|100%| O|  |TAMS 0x00000000a4d00000, 0x00000000a4c00000| Untracked 
|  77|0x00000000a4d00000, 0x00000000a4e00000, 0x00000000a4e00000|100%| O|  |TAMS 0x00000000a4e00000, 0x00000000a4d00000| Untracked 
|  78|0x00000000a4e00000, 0x00000000a4f00000, 0x00000000a4f00000|100%| O|  |TAMS 0x00000000a4f00000, 0x00000000a4e00000| Untracked 
|  79|0x00000000a4f00000, 0x00000000a5000000, 0x00000000a5000000|100%| O|  |TAMS 0x00000000a5000000, 0x00000000a4f00000| Untracked 
|  80|0x00000000a5000000, 0x00000000a5100000, 0x00000000a5100000|100%| O|  |TAMS 0x00000000a5100000, 0x00000000a5000000| Untracked 
|  81|0x00000000a5100000, 0x00000000a5200000, 0x00000000a5200000|100%| O|  |TAMS 0x00000000a5200000, 0x00000000a5100000| Untracked 
|  82|0x00000000a5200000, 0x00000000a5300000, 0x00000000a5300000|100%| O|  |TAMS 0x00000000a5300000, 0x00000000a5200000| Untracked 
|  83|0x00000000a5300000, 0x00000000a5400000, 0x00000000a5400000|100%| O|  |TAMS 0x00000000a5400000, 0x00000000a5300000| Untracked 
|  84|0x00000000a5400000, 0x00000000a5500000, 0x00000000a5500000|100%| O|  |TAMS 0x00000000a5500000, 0x00000000a5400000| Untracked 
|  85|0x00000000a5500000, 0x00000000a5600000, 0x00000000a5600000|100%| O|  |TAMS 0x00000000a5600000, 0x00000000a5500000| Untracked 
|  86|0x00000000a5600000, 0x00000000a5700000, 0x00000000a5700000|100%| O|  |TAMS 0x00000000a5700000, 0x00000000a5600000| Untracked 
|  87|0x00000000a5700000, 0x00000000a5800000, 0x00000000a5800000|100%| O|  |TAMS 0x00000000a5800000, 0x00000000a5700000| Untracked 
|  88|0x00000000a5800000, 0x00000000a5900000, 0x00000000a5900000|100%| O|  |TAMS 0x00000000a5900000, 0x00000000a5800000| Untracked 
|  89|0x00000000a5900000, 0x00000000a5a00000, 0x00000000a5a00000|100%| O|  |TAMS 0x00000000a5a00000, 0x00000000a5900000| Untracked 
|  90|0x00000000a5a00000, 0x00000000a5b00000, 0x00000000a5b00000|100%| O|  |TAMS 0x00000000a5b00000, 0x00000000a5a00000| Untracked 
|  91|0x00000000a5b00000, 0x00000000a5c00000, 0x00000000a5c00000|100%| O|  |TAMS 0x00000000a5c00000, 0x00000000a5b00000| Untracked 
|  92|0x00000000a5c00000, 0x00000000a5d00000, 0x00000000a5d00000|100%| O|  |TAMS 0x00000000a5d00000, 0x00000000a5c00000| Untracked 
|  93|0x00000000a5d00000, 0x00000000a5e00000, 0x00000000a5e00000|100%| O|  |TAMS 0x00000000a5e00000, 0x00000000a5d00000| Untracked 
|  94|0x00000000a5e00000, 0x00000000a5f00000, 0x00000000a5f00000|100%| O|  |TAMS 0x00000000a5f00000, 0x00000000a5e00000| Untracked 
|  95|0x00000000a5f00000, 0x00000000a6000000, 0x00000000a6000000|100%| O|  |TAMS 0x00000000a6000000, 0x00000000a5f00000| Untracked 
|  96|0x00000000a6000000, 0x00000000a6100000, 0x00000000a6100000|100%| O|  |TAMS 0x00000000a6100000, 0x00000000a6000000| Untracked 
|  97|0x00000000a6100000, 0x00000000a6200000, 0x00000000a6200000|100%| O|  |TAMS 0x00000000a6200000, 0x00000000a6100000| Untracked 
|  98|0x00000000a6200000, 0x00000000a6300000, 0x00000000a6300000|100%| O|  |TAMS 0x00000000a6300000, 0x00000000a6200000| Untracked 
|  99|0x00000000a6300000, 0x00000000a6400000, 0x00000000a6400000|100%| O|  |TAMS 0x00000000a6400000, 0x00000000a6300000| Untracked 
| 100|0x00000000a6400000, 0x00000000a6500000, 0x00000000a6500000|100%| O|  |TAMS 0x00000000a6500000, 0x00000000a6400000| Untracked 
| 101|0x00000000a6500000, 0x00000000a6600000, 0x00000000a6600000|100%| O|  |TAMS 0x00000000a6600000, 0x00000000a6500000| Untracked 
| 102|0x00000000a6600000, 0x00000000a6700000, 0x00000000a6700000|100%| O|  |TAMS 0x00000000a6700000, 0x00000000a6600000| Untracked 
| 103|0x00000000a6700000, 0x00000000a6800000, 0x00000000a6800000|100%| O|  |TAMS 0x00000000a6800000, 0x00000000a6700000| Untracked 
| 104|0x00000000a6800000, 0x00000000a6900000, 0x00000000a6900000|100%| O|  |TAMS 0x00000000a6900000, 0x00000000a6800000| Untracked 
| 105|0x00000000a6900000, 0x00000000a6a00000, 0x00000000a6a00000|100%| O|  |TAMS 0x00000000a6a00000, 0x00000000a6900000| Untracked 
| 106|0x00000000a6a00000, 0x00000000a6b00000, 0x00000000a6b00000|100%| O|  |TAMS 0x00000000a6b00000, 0x00000000a6a00000| Untracked 
| 107|0x00000000a6b00000, 0x00000000a6c00000, 0x00000000a6c00000|100%| O|  |TAMS 0x00000000a6c00000, 0x00000000a6b00000| Untracked 
| 108|0x00000000a6c00000, 0x00000000a6d00000, 0x00000000a6d00000|100%| O|  |TAMS 0x00000000a6d00000, 0x00000000a6c00000| Untracked 
| 109|0x00000000a6d00000, 0x00000000a6e00000, 0x00000000a6e00000|100%| O|  |TAMS 0x00000000a6e00000, 0x00000000a6d00000| Untracked 
| 110|0x00000000a6e00000, 0x00000000a6f00000, 0x00000000a6f00000|100%| O|  |TAMS 0x00000000a6f00000, 0x00000000a6e00000| Untracked 
| 111|0x00000000a6f00000, 0x00000000a7000000, 0x00000000a7000000|100%| O|  |TAMS 0x00000000a7000000, 0x00000000a6f00000| Untracked 
| 112|0x00000000a7000000, 0x00000000a7100000, 0x00000000a7100000|100%| O|  |TAMS 0x00000000a7100000, 0x00000000a7000000| Untracked 
| 113|0x00000000a7100000, 0x00000000a7200000, 0x00000000a7200000|100%| O|  |TAMS 0x00000000a7200000, 0x00000000a7100000| Untracked 
| 114|0x00000000a7200000, 0x00000000a7300000, 0x00000000a7300000|100%| O|  |TAMS 0x00000000a7300000, 0x00000000a7200000| Untracked 
| 115|0x00000000a7300000, 0x00000000a7400000, 0x00000000a7400000|100%| O|  |TAMS 0x00000000a7400000, 0x00000000a7300000| Untracked 
| 116|0x00000000a7400000, 0x00000000a7500000, 0x00000000a7500000|100%| O|  |TAMS 0x00000000a7500000, 0x00000000a7400000| Untracked 
| 117|0x00000000a7500000, 0x00000000a7600000, 0x00000000a7600000|100%| O|  |TAMS 0x00000000a7600000, 0x00000000a7500000| Untracked 
| 118|0x00000000a7600000, 0x00000000a7700000, 0x00000000a7700000|100%| O|  |TAMS 0x00000000a7700000, 0x00000000a7600000| Untracked 
| 119|0x00000000a7700000, 0x00000000a7800000, 0x00000000a7800000|100%| O|  |TAMS 0x00000000a7800000, 0x00000000a7700000| Untracked 
| 120|0x00000000a7800000, 0x00000000a7900000, 0x00000000a7900000|100%| O|  |TAMS 0x00000000a7900000, 0x00000000a7800000| Untracked 
| 121|0x00000000a7900000, 0x00000000a7a00000, 0x00000000a7a00000|100%| O|  |TAMS 0x00000000a7a00000, 0x00000000a7900000| Untracked 
| 122|0x00000000a7a00000, 0x00000000a7b00000, 0x00000000a7b00000|100%| O|  |TAMS 0x00000000a7b00000, 0x00000000a7a00000| Untracked 
| 123|0x00000000a7b00000, 0x00000000a7c00000, 0x00000000a7c00000|100%| O|  |TAMS 0x00000000a7c00000, 0x00000000a7b00000| Untracked 
| 124|0x00000000a7c00000, 0x00000000a7d00000, 0x00000000a7d00000|100%| O|  |TAMS 0x00000000a7d00000, 0x00000000a7c00000| Untracked 
| 125|0x00000000a7d00000, 0x00000000a7e00000, 0x00000000a7e00000|100%| O|  |TAMS 0x00000000a7e00000, 0x00000000a7d00000| Untracked 
| 126|0x00000000a7e00000, 0x00000000a7f00000, 0x00000000a7f00000|100%| O|  |TAMS 0x00000000a7f00000, 0x00000000a7e00000| Untracked 
| 127|0x00000000a7f00000, 0x00000000a8000000, 0x00000000a8000000|100%| O|  |TAMS 0x00000000a8000000, 0x00000000a7f00000| Untracked 
| 128|0x00000000a8000000, 0x00000000a8100000, 0x00000000a8100000|100%| O|  |TAMS 0x00000000a8100000, 0x00000000a8000000| Untracked 
| 129|0x00000000a8100000, 0x00000000a8200000, 0x00000000a8200000|100%| O|  |TAMS 0x00000000a8200000, 0x00000000a8100000| Untracked 
| 130|0x00000000a8200000, 0x00000000a8300000, 0x00000000a8300000|100%| O|  |TAMS 0x00000000a8300000, 0x00000000a8200000| Untracked 
| 131|0x00000000a8300000, 0x00000000a8400000, 0x00000000a8400000|100%| O|  |TAMS 0x00000000a8400000, 0x00000000a8300000| Untracked 
| 132|0x00000000a8400000, 0x00000000a8500000, 0x00000000a8500000|100%| O|  |TAMS 0x00000000a8500000, 0x00000000a8400000| Untracked 
| 133|0x00000000a8500000, 0x00000000a8600000, 0x00000000a8600000|100%| O|  |TAMS 0x00000000a8600000, 0x00000000a8500000| Untracked 
| 134|0x00000000a8600000, 0x00000000a8700000, 0x00000000a8700000|100%| O|  |TAMS 0x00000000a8700000, 0x00000000a8600000| Untracked 
| 135|0x00000000a8700000, 0x00000000a8800000, 0x00000000a8800000|100%| O|  |TAMS 0x00000000a8800000, 0x00000000a8700000| Untracked 
| 136|0x00000000a8800000, 0x00000000a8900000, 0x00000000a8900000|100%| O|  |TAMS 0x00000000a8900000, 0x00000000a8800000| Untracked 
| 137|0x00000000a8900000, 0x00000000a8a00000, 0x00000000a8a00000|100%| O|  |TAMS 0x00000000a8a00000, 0x00000000a8900000| Untracked 
| 138|0x00000000a8a00000, 0x00000000a8b00000, 0x00000000a8b00000|100%| O|  |TAMS 0x00000000a8b00000, 0x00000000a8a00000| Untracked 
| 139|0x00000000a8b00000, 0x00000000a8c00000, 0x00000000a8c00000|100%| O|  |TAMS 0x00000000a8c00000, 0x00000000a8b00000| Untracked 
| 140|0x00000000a8c00000, 0x00000000a8d00000, 0x00000000a8d00000|100%| O|  |TAMS 0x00000000a8d00000, 0x00000000a8c00000| Complete 
| 141|0x00000000a8d00000, 0x00000000a8e00000, 0x00000000a8e00000|100%| O|  |TAMS 0x00000000a8e00000, 0x00000000a8d00000| Untracked 
| 142|0x00000000a8e00000, 0x00000000a8f00000, 0x00000000a8f00000|100%| O|  |TAMS 0x00000000a8f00000, 0x00000000a8e00000| Untracked 
| 143|0x00000000a8f00000, 0x00000000a9000000, 0x00000000a9000000|100%| O|  |TAMS 0x00000000a9000000, 0x00000000a8f00000| Untracked 
| 144|0x00000000a9000000, 0x00000000a9100000, 0x00000000a9100000|100%| O|  |TAMS 0x00000000a9100000, 0x00000000a9000000| Complete 
| 145|0x00000000a9100000, 0x00000000a9200000, 0x00000000a9200000|100%| O|  |TAMS 0x00000000a9200000, 0x00000000a9100000| Untracked 
| 146|0x00000000a9200000, 0x00000000a9300000, 0x00000000a9300000|100%| O|  |TAMS 0x00000000a9300000, 0x00000000a9200000| Untracked 
| 147|0x00000000a9300000, 0x00000000a9400000, 0x00000000a9400000|100%| O|  |TAMS 0x00000000a9400000, 0x00000000a9300000| Untracked 
| 148|0x00000000a9400000, 0x00000000a9500000, 0x00000000a9500000|100%| O|  |TAMS 0x00000000a9500000, 0x00000000a9400000| Untracked 
| 149|0x00000000a9500000, 0x00000000a9600000, 0x00000000a9600000|100%| O|  |TAMS 0x00000000a9600000, 0x00000000a9500000| Untracked 
| 150|0x00000000a9600000, 0x00000000a9700000, 0x00000000a9700000|100%| O|  |TAMS 0x00000000a9700000, 0x00000000a9600000| Untracked 
| 151|0x00000000a9700000, 0x00000000a9800000, 0x00000000a9800000|100%| O|  |TAMS 0x00000000a9800000, 0x00000000a9700000| Untracked 
| 152|0x00000000a9800000, 0x00000000a9900000, 0x00000000a9900000|100%| O|  |TAMS 0x00000000a9900000, 0x00000000a9800000| Untracked 
| 153|0x00000000a9900000, 0x00000000a9a00000, 0x00000000a9a00000|100%| O|  |TAMS 0x00000000a9a00000, 0x00000000a9900000| Untracked 
| 154|0x00000000a9a00000, 0x00000000a9b00000, 0x00000000a9b00000|100%| O|  |TAMS 0x00000000a9b00000, 0x00000000a9a00000| Untracked 
| 155|0x00000000a9b00000, 0x00000000a9c00000, 0x00000000a9c00000|100%| O|  |TAMS 0x00000000a9c00000, 0x00000000a9b00000| Untracked 
| 156|0x00000000a9c00000, 0x00000000a9d00000, 0x00000000a9d00000|100%| O|  |TAMS 0x00000000a9d00000, 0x00000000a9c00000| Untracked 
| 157|0x00000000a9d00000, 0x00000000a9e00000, 0x00000000a9e00000|100%|HS|  |TAMS 0x00000000a9d00000, 0x00000000a9d00000| Complete 
| 158|0x00000000a9e00000, 0x00000000a9f00000, 0x00000000a9f00000|100%| O|  |TAMS 0x00000000a9f00000, 0x00000000a9e00000| Untracked 
| 159|0x00000000a9f00000, 0x00000000aa000000, 0x00000000aa000000|100%| O|  |TAMS 0x00000000aa000000, 0x00000000a9f00000| Untracked 
| 160|0x00000000aa000000, 0x00000000aa100000, 0x00000000aa100000|100%|HS|  |TAMS 0x00000000aa100000, 0x00000000aa000000| Complete 
| 161|0x00000000aa100000, 0x00000000aa200000, 0x00000000aa200000|100%|HC|  |TAMS 0x00000000aa200000, 0x00000000aa100000| Complete 
| 162|0x00000000aa200000, 0x00000000aa300000, 0x00000000aa300000|100%|HC|  |TAMS 0x00000000aa300000, 0x00000000aa200000| Complete 
| 163|0x00000000aa300000, 0x00000000aa400000, 0x00000000aa400000|100%| O|  |TAMS 0x00000000aa400000, 0x00000000aa300000| Untracked 
| 164|0x00000000aa400000, 0x00000000aa500000, 0x00000000aa500000|100%| O|  |TAMS 0x00000000aa500000, 0x00000000aa400000| Untracked 
| 165|0x00000000aa500000, 0x00000000aa600000, 0x00000000aa600000|100%| O|  |TAMS 0x00000000aa600000, 0x00000000aa500000| Untracked 
| 166|0x00000000aa600000, 0x00000000aa700000, 0x00000000aa700000|100%| O|  |TAMS 0x00000000aa700000, 0x00000000aa600000| Untracked 
| 167|0x00000000aa700000, 0x00000000aa800000, 0x00000000aa800000|100%| O|  |TAMS 0x00000000aa800000, 0x00000000aa700000| Complete 
| 168|0x00000000aa800000, 0x00000000aa900000, 0x00000000aa900000|100%| O|  |TAMS 0x00000000aa900000, 0x00000000aa800000| Untracked 
| 169|0x00000000aa900000, 0x00000000aaa00000, 0x00000000aaa00000|100%| O|  |TAMS 0x00000000aaa00000, 0x00000000aa900000| Untracked 
| 170|0x00000000aaa00000, 0x00000000aaafaa00, 0x00000000aab00000| 97%| O|  |TAMS 0x00000000aaafaa00, 0x00000000aaa00000| Untracked 
| 171|0x00000000aab00000, 0x00000000aac00000, 0x00000000aac00000|100%| O|  |TAMS 0x00000000aac00000, 0x00000000aab00000| Untracked 
| 172|0x00000000aac00000, 0x00000000aad00000, 0x00000000aad00000|100%| O|  |TAMS 0x00000000aad00000, 0x00000000aac00000| Untracked 
| 173|0x00000000aad00000, 0x00000000aae00000, 0x00000000aae00000|100%|HS|  |TAMS 0x00000000aae00000, 0x00000000aad00000| Complete 
| 174|0x00000000aae00000, 0x00000000aaf00000, 0x00000000aaf00000|100%|HC|  |TAMS 0x00000000aaf00000, 0x00000000aae00000| Complete 
| 175|0x00000000aaf00000, 0x00000000ab000000, 0x00000000ab000000|100%|HC|  |TAMS 0x00000000ab000000, 0x00000000aaf00000| Complete 
| 176|0x00000000ab000000, 0x00000000ab100000, 0x00000000ab100000|100%| O|  |TAMS 0x00000000ab100000, 0x00000000ab000000| Untracked 
| 177|0x00000000ab100000, 0x00000000ab200000, 0x00000000ab200000|100%| O|  |TAMS 0x00000000ab200000, 0x00000000ab100000| Untracked 
| 178|0x00000000ab200000, 0x00000000ab300000, 0x00000000ab300000|100%| O|  |TAMS 0x00000000ab300000, 0x00000000ab200000| Untracked 
| 179|0x00000000ab300000, 0x00000000ab400000, 0x00000000ab400000|100%| O|  |TAMS 0x00000000ab400000, 0x00000000ab300000| Untracked 
| 180|0x00000000ab400000, 0x00000000ab500000, 0x00000000ab500000|100%| O|  |TAMS 0x00000000ab500000, 0x00000000ab400000| Untracked 
| 181|0x00000000ab500000, 0x00000000ab600000, 0x00000000ab600000|100%| O|  |TAMS 0x00000000ab600000, 0x00000000ab500000| Untracked 
| 182|0x00000000ab600000, 0x00000000ab700000, 0x00000000ab700000|100%| O|  |TAMS 0x00000000ab700000, 0x00000000ab600000| Untracked 
| 183|0x00000000ab700000, 0x00000000ab800000, 0x00000000ab800000|100%| O|  |TAMS 0x00000000ab800000, 0x00000000ab700000| Untracked 
| 184|0x00000000ab800000, 0x00000000ab900000, 0x00000000ab900000|100%| O|  |TAMS 0x00000000ab900000, 0x00000000ab800000| Untracked 
| 185|0x00000000ab900000, 0x00000000aba00000, 0x00000000aba00000|100%| O|  |TAMS 0x00000000aba00000, 0x00000000ab900000| Untracked 
| 186|0x00000000aba00000, 0x00000000abb00000, 0x00000000abb00000|100%| O|  |TAMS 0x00000000abb00000, 0x00000000aba00000| Complete 
| 187|0x00000000abb00000, 0x00000000abc00000, 0x00000000abc00000|100%| O|  |TAMS 0x00000000abc00000, 0x00000000abb00000| Untracked 
| 188|0x00000000abc00000, 0x00000000abd00000, 0x00000000abd00000|100%| O|  |TAMS 0x00000000abd00000, 0x00000000abc00000| Untracked 
| 189|0x00000000abd00000, 0x00000000abe00000, 0x00000000abe00000|100%| O|  |TAMS 0x00000000abe00000, 0x00000000abd00000| Untracked 
| 190|0x00000000abe00000, 0x00000000abf00000, 0x00000000abf00000|100%| O|  |TAMS 0x00000000abf00000, 0x00000000abe00000| Untracked 
| 191|0x00000000abf00000, 0x00000000ac000000, 0x00000000ac000000|100%| O|  |TAMS 0x00000000ac000000, 0x00000000abf00000| Untracked 
| 192|0x00000000ac000000, 0x00000000ac100000, 0x00000000ac100000|100%| O|  |TAMS 0x00000000ac100000, 0x00000000ac000000| Untracked 
| 193|0x00000000ac100000, 0x00000000ac200000, 0x00000000ac200000|100%| O|  |TAMS 0x00000000ac200000, 0x00000000ac100000| Untracked 
| 194|0x00000000ac200000, 0x00000000ac300000, 0x00000000ac300000|100%| O|  |TAMS 0x00000000ac300000, 0x00000000ac200000| Complete 
| 195|0x00000000ac300000, 0x00000000ac400000, 0x00000000ac400000|100%| O|  |TAMS 0x00000000ac400000, 0x00000000ac300000| Complete 
| 196|0x00000000ac400000, 0x00000000ac500000, 0x00000000ac500000|100%| O|  |TAMS 0x00000000ac500000, 0x00000000ac400000| Complete 
| 197|0x00000000ac500000, 0x00000000ac600000, 0x00000000ac600000|100%|HS|  |TAMS 0x00000000ac500000, 0x00000000ac500000| Complete 
| 198|0x00000000ac600000, 0x00000000ac700000, 0x00000000ac700000|100%|HS|  |TAMS 0x00000000ac600000, 0x00000000ac600000| Complete 
| 199|0x00000000ac700000, 0x00000000ac800000, 0x00000000ac800000|100%|HS|  |TAMS 0x00000000ac700000, 0x00000000ac700000| Complete 
| 200|0x00000000ac800000, 0x00000000ac900000, 0x00000000ac900000|100%| O|  |TAMS 0x00000000ac900000, 0x00000000ac800000| Complete 
| 201|0x00000000ac900000, 0x00000000aca00000, 0x00000000aca00000|100%| O|  |TAMS 0x00000000aca00000, 0x00000000ac900000| Complete 
| 202|0x00000000aca00000, 0x00000000acb00000, 0x00000000acb00000|100%|HS|  |TAMS 0x00000000aca00000, 0x00000000aca00000| Complete 
| 203|0x00000000acb00000, 0x00000000acc00000, 0x00000000acc00000|100%|HS|  |TAMS 0x00000000acb00000, 0x00000000acb00000| Complete 
| 204|0x00000000acc00000, 0x00000000acd00000, 0x00000000acd00000|100%|HS|  |TAMS 0x00000000acc00000, 0x00000000acc00000| Complete 
| 205|0x00000000acd00000, 0x00000000ace00000, 0x00000000ace00000|100%|HS|  |TAMS 0x00000000acd00000, 0x00000000acd00000| Complete 
| 206|0x00000000ace00000, 0x00000000acf00000, 0x00000000acf00000|100%| O|  |TAMS 0x00000000acf00000, 0x00000000ace00000| Untracked 
| 207|0x00000000acf00000, 0x00000000acf00000, 0x00000000ad000000|  0%| F|  |TAMS 0x00000000acf00000, 0x00000000acf00000| Untracked 
| 208|0x00000000ad000000, 0x00000000ad100000, 0x00000000ad100000|100%| O|  |TAMS 0x00000000ad100000, 0x00000000ad000000| Untracked 
| 209|0x00000000ad100000, 0x00000000ad200000, 0x00000000ad200000|100%| O|  |TAMS 0x00000000ad200000, 0x00000000ad100000| Untracked 
| 210|0x00000000ad200000, 0x00000000ad300000, 0x00000000ad300000|100%| O|  |TAMS 0x00000000ad300000, 0x00000000ad200000| Complete 
| 211|0x00000000ad300000, 0x00000000ad400000, 0x00000000ad400000|100%| O|  |TAMS 0x00000000ad400000, 0x00000000ad300000| Complete 
| 212|0x00000000ad400000, 0x00000000ad500000, 0x00000000ad500000|100%| O|  |TAMS 0x00000000ad500000, 0x00000000ad400000| Untracked 
| 213|0x00000000ad500000, 0x00000000ad600000, 0x00000000ad600000|100%| O|  |TAMS 0x00000000ad600000, 0x00000000ad500000| Untracked 
| 214|0x00000000ad600000, 0x00000000ad700000, 0x00000000ad700000|100%| O|  |TAMS 0x00000000ad700000, 0x00000000ad600000| Complete 
| 215|0x00000000ad700000, 0x00000000ad800000, 0x00000000ad800000|100%| O|  |TAMS 0x00000000ad800000, 0x00000000ad700000| Complete 
| 216|0x00000000ad800000, 0x00000000ad900000, 0x00000000ad900000|100%| O|  |TAMS 0x00000000ad900000, 0x00000000ad800000| Complete 
| 217|0x00000000ad900000, 0x00000000ada00000, 0x00000000ada00000|100%| O|  |TAMS 0x00000000ada00000, 0x00000000ad900000| Untracked 
| 218|0x00000000ada00000, 0x00000000adb00000, 0x00000000adb00000|100%| O|  |TAMS 0x00000000adb00000, 0x00000000ada00000| Untracked 
| 219|0x00000000adb00000, 0x00000000adc00000, 0x00000000adc00000|100%| O|  |TAMS 0x00000000adc00000, 0x00000000adb00000| Complete 
| 220|0x00000000adc00000, 0x00000000add00000, 0x00000000add00000|100%| O|  |TAMS 0x00000000add00000, 0x00000000adc00000| Complete 
| 221|0x00000000add00000, 0x00000000ade00000, 0x00000000ade00000|100%| O|  |TAMS 0x00000000ade00000, 0x00000000add00000| Untracked 
| 222|0x00000000ade00000, 0x00000000adf00000, 0x00000000adf00000|100%| O|  |TAMS 0x00000000adf00000, 0x00000000ade00000| Complete 
| 223|0x00000000adf00000, 0x00000000ae000000, 0x00000000ae000000|100%| O|  |TAMS 0x00000000ae000000, 0x00000000adf00000| Complete 
| 224|0x00000000ae000000, 0x00000000ae100000, 0x00000000ae100000|100%| O|  |TAMS 0x00000000ae100000, 0x00000000ae000000| Complete 
| 225|0x00000000ae100000, 0x00000000ae200000, 0x00000000ae200000|100%| O|  |TAMS 0x00000000ae200000, 0x00000000ae100000| Complete 
| 226|0x00000000ae200000, 0x00000000ae300000, 0x00000000ae300000|100%| O|  |TAMS 0x00000000ae300000, 0x00000000ae200000| Complete 
| 227|0x00000000ae300000, 0x00000000ae400000, 0x00000000ae400000|100%| O|  |TAMS 0x00000000ae400000, 0x00000000ae300000| Untracked 
| 228|0x00000000ae400000, 0x00000000ae500000, 0x00000000ae500000|100%| O|  |TAMS 0x00000000ae500000, 0x00000000ae400000| Complete 
| 229|0x00000000ae500000, 0x00000000ae600000, 0x00000000ae600000|100%| O|  |TAMS 0x00000000ae600000, 0x00000000ae500000| Complete 
| 230|0x00000000ae600000, 0x00000000ae700000, 0x00000000ae700000|100%|HS|  |TAMS 0x00000000ae600000, 0x00000000ae600000| Complete 
| 231|0x00000000ae700000, 0x00000000ae800000, 0x00000000ae800000|100%|HC|  |TAMS 0x00000000ae700000, 0x00000000ae700000| Complete 
| 232|0x00000000ae800000, 0x00000000ae900000, 0x00000000ae900000|100%| O|  |TAMS 0x00000000ae900000, 0x00000000ae800000| Untracked 
| 233|0x00000000ae900000, 0x00000000aea00000, 0x00000000aea00000|100%| O|  |TAMS 0x00000000aea00000, 0x00000000ae900000| Untracked 
| 234|0x00000000aea00000, 0x00000000aea00000, 0x00000000aeb00000|  0%| F|  |TAMS 0x00000000aea00000, 0x00000000aea00000| Untracked 
| 235|0x00000000aeb00000, 0x00000000aec00000, 0x00000000aec00000|100%| O|  |TAMS 0x00000000aec00000, 0x00000000aeb00000| Complete 
| 236|0x00000000aec00000, 0x00000000aed00000, 0x00000000aed00000|100%| O|  |TAMS 0x00000000aed00000, 0x00000000aec00000| Untracked 
| 237|0x00000000aed00000, 0x00000000aee00000, 0x00000000aee00000|100%| O|  |TAMS 0x00000000aee00000, 0x00000000aed00000| Complete 
| 238|0x00000000aee00000, 0x00000000aee00000, 0x00000000aef00000|  0%| F|  |TAMS 0x00000000aee00000, 0x00000000aee00000| Untracked 
| 239|0x00000000aef00000, 0x00000000aef00000, 0x00000000af000000|  0%| F|  |TAMS 0x00000000aef00000, 0x00000000aef00000| Untracked 
| 240|0x00000000af000000, 0x00000000af000000, 0x00000000af100000|  0%| F|  |TAMS 0x00000000af000000, 0x00000000af000000| Untracked 
| 241|0x00000000af100000, 0x00000000af100000, 0x00000000af200000|  0%| F|  |TAMS 0x00000000af100000, 0x00000000af100000| Untracked 
| 242|0x00000000af200000, 0x00000000af300000, 0x00000000af300000|100%| O|  |TAMS 0x00000000af300000, 0x00000000af200000| Untracked 
| 243|0x00000000af300000, 0x00000000af400000, 0x00000000af400000|100%| O|  |TAMS 0x00000000af400000, 0x00000000af300000| Untracked 
| 244|0x00000000af400000, 0x00000000af500000, 0x00000000af500000|100%| O|  |TAMS 0x00000000af500000, 0x00000000af400000| Untracked 
| 245|0x00000000af500000, 0x00000000af600000, 0x00000000af600000|100%| O|  |TAMS 0x00000000af600000, 0x00000000af500000| Complete 
| 246|0x00000000af600000, 0x00000000af700000, 0x00000000af700000|100%| O|  |TAMS 0x00000000af700000, 0x00000000af600000| Untracked 
| 247|0x00000000af700000, 0x00000000af700000, 0x00000000af800000|  0%| F|  |TAMS 0x00000000af700000, 0x00000000af700000| Untracked 
| 248|0x00000000af800000, 0x00000000af800000, 0x00000000af900000|  0%| F|  |TAMS 0x00000000af800000, 0x00000000af800000| Untracked 
| 249|0x00000000af900000, 0x00000000af900000, 0x00000000afa00000|  0%| F|  |TAMS 0x00000000af900000, 0x00000000af900000| Untracked 
| 250|0x00000000afa00000, 0x00000000afb00000, 0x00000000afb00000|100%| O|  |TAMS 0x00000000afb00000, 0x00000000afa00000| Complete 
| 251|0x00000000afb00000, 0x00000000afc00000, 0x00000000afc00000|100%| O|  |TAMS 0x00000000afc00000, 0x00000000afb00000| Complete 
| 252|0x00000000afc00000, 0x00000000afd00000, 0x00000000afd00000|100%| O|  |TAMS 0x00000000afd00000, 0x00000000afc00000| Complete 
| 253|0x00000000afd00000, 0x00000000afe00000, 0x00000000afe00000|100%| O|  |TAMS 0x00000000afe00000, 0x00000000afd00000| Complete 
| 254|0x00000000afe00000, 0x00000000afe00000, 0x00000000aff00000|  0%| F|  |TAMS 0x00000000afe00000, 0x00000000afe00000| Untracked 
| 255|0x00000000aff00000, 0x00000000b0000000, 0x00000000b0000000|100%| O|  |TAMS 0x00000000b0000000, 0x00000000aff00000| Complete 
| 256|0x00000000b0000000, 0x00000000b0100000, 0x00000000b0100000|100%| O|  |TAMS 0x00000000b0100000, 0x00000000b0000000| Complete 
| 257|0x00000000b0100000, 0x00000000b0200000, 0x00000000b0200000|100%| O|  |TAMS 0x00000000b0200000, 0x00000000b0100000| Complete 
| 258|0x00000000b0200000, 0x00000000b0300000, 0x00000000b0300000|100%| O|  |TAMS 0x00000000b0300000, 0x00000000b0200000| Complete 
| 259|0x00000000b0300000, 0x00000000b0300000, 0x00000000b0400000|  0%| F|  |TAMS 0x00000000b0300000, 0x00000000b0300000| Untracked 
| 260|0x00000000b0400000, 0x00000000b0400000, 0x00000000b0500000|  0%| F|  |TAMS 0x00000000b0400000, 0x00000000b0400000| Untracked 
| 261|0x00000000b0500000, 0x00000000b0600000, 0x00000000b0600000|100%| O|  |TAMS 0x00000000b0600000, 0x00000000b0500000| Complete 
| 262|0x00000000b0600000, 0x00000000b0700000, 0x00000000b0700000|100%| O|  |TAMS 0x00000000b0700000, 0x00000000b0600000| Untracked 
| 263|0x00000000b0700000, 0x00000000b0800000, 0x00000000b0800000|100%| O|  |TAMS 0x00000000b0800000, 0x00000000b0700000| Complete 
| 264|0x00000000b0800000, 0x00000000b0800000, 0x00000000b0900000|  0%| F|  |TAMS 0x00000000b0800000, 0x00000000b0800000| Untracked 
| 265|0x00000000b0900000, 0x00000000b0900000, 0x00000000b0a00000|  0%| F|  |TAMS 0x00000000b0900000, 0x00000000b0900000| Untracked 
| 266|0x00000000b0a00000, 0x00000000b0a00000, 0x00000000b0b00000|  0%| F|  |TAMS 0x00000000b0a00000, 0x00000000b0a00000| Untracked 
| 267|0x00000000b0b00000, 0x00000000b0b00000, 0x00000000b0c00000|  0%| F|  |TAMS 0x00000000b0b00000, 0x00000000b0b00000| Untracked 
| 268|0x00000000b0c00000, 0x00000000b0c00000, 0x00000000b0d00000|  0%| F|  |TAMS 0x00000000b0c00000, 0x00000000b0c00000| Untracked 
| 269|0x00000000b0d00000, 0x00000000b0e00000, 0x00000000b0e00000|100%| O|  |TAMS 0x00000000b0e00000, 0x00000000b0d00000| Untracked 
| 270|0x00000000b0e00000, 0x00000000b0e00000, 0x00000000b0f00000|  0%| F|  |TAMS 0x00000000b0e00000, 0x00000000b0e00000| Untracked 
| 271|0x00000000b0f00000, 0x00000000b1000000, 0x00000000b1000000|100%| O|  |TAMS 0x00000000b1000000, 0x00000000b0f00000| Complete 
| 272|0x00000000b1000000, 0x00000000b1000000, 0x00000000b1100000|  0%| F|  |TAMS 0x00000000b1000000, 0x00000000b1000000| Untracked 
| 273|0x00000000b1100000, 0x00000000b1200000, 0x00000000b1200000|100%| O|  |TAMS 0x00000000b1200000, 0x00000000b1100000| Untracked 
| 274|0x00000000b1200000, 0x00000000b1200000, 0x00000000b1300000|  0%| F|  |TAMS 0x00000000b1200000, 0x00000000b1200000| Untracked 
| 275|0x00000000b1300000, 0x00000000b1300000, 0x00000000b1400000|  0%| F|  |TAMS 0x00000000b1300000, 0x00000000b1300000| Untracked 
| 276|0x00000000b1400000, 0x00000000b1400000, 0x00000000b1500000|  0%| F|  |TAMS 0x00000000b1400000, 0x00000000b1400000| Untracked 
| 277|0x00000000b1500000, 0x00000000b1600000, 0x00000000b1600000|100%| O|  |TAMS 0x00000000b1600000, 0x00000000b1500000| Untracked 
| 278|0x00000000b1600000, 0x00000000b1700000, 0x00000000b1700000|100%| O|  |TAMS 0x00000000b1700000, 0x00000000b1600000| Complete 
| 279|0x00000000b1700000, 0x00000000b1700000, 0x00000000b1800000|  0%| F|  |TAMS 0x00000000b1700000, 0x00000000b1700000| Untracked 
| 280|0x00000000b1800000, 0x00000000b1900000, 0x00000000b1900000|100%| O|  |TAMS 0x00000000b1900000, 0x00000000b1800000| Untracked 
| 281|0x00000000b1900000, 0x00000000b1a00000, 0x00000000b1a00000|100%| O|  |TAMS 0x00000000b1a00000, 0x00000000b1900000| Complete 
| 282|0x00000000b1a00000, 0x00000000b1b00000, 0x00000000b1b00000|100%| O|  |TAMS 0x00000000b1b00000, 0x00000000b1a00000| Complete 
| 283|0x00000000b1b00000, 0x00000000b1c00000, 0x00000000b1c00000|100%| O|  |TAMS 0x00000000b1c00000, 0x00000000b1b00000| Untracked 
| 284|0x00000000b1c00000, 0x00000000b1d00000, 0x00000000b1d00000|100%| O|  |TAMS 0x00000000b1d00000, 0x00000000b1c00000| Untracked 
| 285|0x00000000b1d00000, 0x00000000b1e00000, 0x00000000b1e00000|100%| O|  |TAMS 0x00000000b1e00000, 0x00000000b1d00000| Untracked 
| 286|0x00000000b1e00000, 0x00000000b1f00000, 0x00000000b1f00000|100%| O|  |TAMS 0x00000000b1f00000, 0x00000000b1e00000| Untracked 
| 287|0x00000000b1f00000, 0x00000000b2000000, 0x00000000b2000000|100%| O|  |TAMS 0x00000000b2000000, 0x00000000b1f00000| Untracked 
| 288|0x00000000b2000000, 0x00000000b2000000, 0x00000000b2100000|  0%| F|  |TAMS 0x00000000b2000000, 0x00000000b2000000| Untracked 
| 289|0x00000000b2100000, 0x00000000b2200000, 0x00000000b2200000|100%| O|  |TAMS 0x00000000b2200000, 0x00000000b2100000| Complete 
| 290|0x00000000b2200000, 0x00000000b2200000, 0x00000000b2300000|  0%| F|  |TAMS 0x00000000b2200000, 0x00000000b2200000| Untracked 
| 291|0x00000000b2300000, 0x00000000b2400000, 0x00000000b2400000|100%| O|  |TAMS 0x00000000b2400000, 0x00000000b2300000| Complete 
| 292|0x00000000b2400000, 0x00000000b2500000, 0x00000000b2500000|100%| O|  |TAMS 0x00000000b2500000, 0x00000000b2400000| Complete 
| 293|0x00000000b2500000, 0x00000000b2600000, 0x00000000b2600000|100%| O|  |TAMS 0x00000000b2600000, 0x00000000b2500000| Complete 
| 294|0x00000000b2600000, 0x00000000b2700000, 0x00000000b2700000|100%| O|  |TAMS 0x00000000b2700000, 0x00000000b2600000| Untracked 
| 295|0x00000000b2700000, 0x00000000b2800000, 0x00000000b2800000|100%| O|  |TAMS 0x00000000b2800000, 0x00000000b2700000| Untracked 
| 296|0x00000000b2800000, 0x00000000b2900000, 0x00000000b2900000|100%| O|  |TAMS 0x00000000b2900000, 0x00000000b2800000| Complete 
| 297|0x00000000b2900000, 0x00000000b2a00000, 0x00000000b2a00000|100%| O|  |TAMS 0x00000000b2a00000, 0x00000000b2900000| Untracked 
| 298|0x00000000b2a00000, 0x00000000b2b00000, 0x00000000b2b00000|100%| O|  |TAMS 0x00000000b2b00000, 0x00000000b2a00000| Untracked 
| 299|0x00000000b2b00000, 0x00000000b2c00000, 0x00000000b2c00000|100%| O|  |TAMS 0x00000000b2c00000, 0x00000000b2b00000| Untracked 
| 300|0x00000000b2c00000, 0x00000000b2d00000, 0x00000000b2d00000|100%| O|  |TAMS 0x00000000b2d00000, 0x00000000b2c00000| Untracked 
| 301|0x00000000b2d00000, 0x00000000b2e00000, 0x00000000b2e00000|100%| O|  |TAMS 0x00000000b2e00000, 0x00000000b2d00000| Complete 
| 302|0x00000000b2e00000, 0x00000000b2f00000, 0x00000000b2f00000|100%| O|  |TAMS 0x00000000b2f00000, 0x00000000b2e00000| Untracked 
| 303|0x00000000b2f00000, 0x00000000b3000000, 0x00000000b3000000|100%| O|  |TAMS 0x00000000b3000000, 0x00000000b2f00000| Untracked 
| 304|0x00000000b3000000, 0x00000000b3100000, 0x00000000b3100000|100%| O|  |TAMS 0x00000000b3100000, 0x00000000b3000000| Untracked 
| 305|0x00000000b3100000, 0x00000000b3200000, 0x00000000b3200000|100%| O|  |TAMS 0x00000000b3200000, 0x00000000b3100000| Untracked 
| 306|0x00000000b3200000, 0x00000000b3300000, 0x00000000b3300000|100%| O|  |TAMS 0x00000000b3300000, 0x00000000b3200000| Complete 
| 307|0x00000000b3300000, 0x00000000b3400000, 0x00000000b3400000|100%| O|  |TAMS 0x00000000b3400000, 0x00000000b3300000| Untracked 
| 308|0x00000000b3400000, 0x00000000b3400000, 0x00000000b3500000|  0%| F|  |TAMS 0x00000000b3400000, 0x00000000b3400000| Untracked 
| 309|0x00000000b3500000, 0x00000000b3600000, 0x00000000b3600000|100%| O|  |TAMS 0x00000000b3600000, 0x00000000b3500000| Untracked 
| 310|0x00000000b3600000, 0x00000000b3700000, 0x00000000b3700000|100%| O|  |TAMS 0x00000000b3700000, 0x00000000b3600000| Untracked 
| 311|0x00000000b3700000, 0x00000000b3800000, 0x00000000b3800000|100%| O|  |TAMS 0x00000000b3800000, 0x00000000b3700000| Untracked 
| 312|0x00000000b3800000, 0x00000000b3900000, 0x00000000b3900000|100%| O|  |TAMS 0x00000000b3900000, 0x00000000b3800000| Complete 
| 313|0x00000000b3900000, 0x00000000b3a00000, 0x00000000b3a00000|100%| O|  |TAMS 0x00000000b3a00000, 0x00000000b3900000| Complete 
| 314|0x00000000b3a00000, 0x00000000b3a00000, 0x00000000b3b00000|  0%| F|  |TAMS 0x00000000b3a00000, 0x00000000b3a00000| Untracked 
| 315|0x00000000b3b00000, 0x00000000b3c00000, 0x00000000b3c00000|100%| O|  |TAMS 0x00000000b3c00000, 0x00000000b3b00000| Complete 
| 316|0x00000000b3c00000, 0x00000000b3d00000, 0x00000000b3d00000|100%| O|  |TAMS 0x00000000b3d00000, 0x00000000b3c00000| Complete 
| 317|0x00000000b3d00000, 0x00000000b3e00000, 0x00000000b3e00000|100%| O|  |TAMS 0x00000000b3e00000, 0x00000000b3d00000| Untracked 
| 318|0x00000000b3e00000, 0x00000000b3f00000, 0x00000000b3f00000|100%| O|  |TAMS 0x00000000b3f00000, 0x00000000b3e00000| Complete 
| 319|0x00000000b3f00000, 0x00000000b4000000, 0x00000000b4000000|100%| O|  |TAMS 0x00000000b4000000, 0x00000000b3f00000| Complete 
| 320|0x00000000b4000000, 0x00000000b4100000, 0x00000000b4100000|100%| O|  |TAMS 0x00000000b4100000, 0x00000000b4000000| Complete 
| 321|0x00000000b4100000, 0x00000000b4200000, 0x00000000b4200000|100%| O|  |TAMS 0x00000000b4200000, 0x00000000b4100000| Complete 
| 322|0x00000000b4200000, 0x00000000b4300000, 0x00000000b4300000|100%| O|  |TAMS 0x00000000b4300000, 0x00000000b4200000| Complete 
| 323|0x00000000b4300000, 0x00000000b4400000, 0x00000000b4400000|100%| O|  |TAMS 0x00000000b4400000, 0x00000000b4300000| Complete 
| 324|0x00000000b4400000, 0x00000000b4500000, 0x00000000b4500000|100%| O|  |TAMS 0x00000000b4500000, 0x00000000b4400000| Complete 
| 325|0x00000000b4500000, 0x00000000b4600000, 0x00000000b4600000|100%| O|  |TAMS 0x00000000b4600000, 0x00000000b4500000| Complete 
| 326|0x00000000b4600000, 0x00000000b4700000, 0x00000000b4700000|100%| O|  |TAMS 0x00000000b4700000, 0x00000000b4600000| Complete 
| 327|0x00000000b4700000, 0x00000000b4800000, 0x00000000b4800000|100%| O|  |TAMS 0x00000000b4800000, 0x00000000b4700000| Untracked 
| 328|0x00000000b4800000, 0x00000000b4900000, 0x00000000b4900000|100%| O|  |TAMS 0x00000000b4900000, 0x00000000b4800000| Untracked 
| 329|0x00000000b4900000, 0x00000000b4a00000, 0x00000000b4a00000|100%| O|  |TAMS 0x00000000b4a00000, 0x00000000b4900000| Complete 
| 330|0x00000000b4a00000, 0x00000000b4a00000, 0x00000000b4b00000|  0%| F|  |TAMS 0x00000000b4a00000, 0x00000000b4a00000| Untracked 
| 331|0x00000000b4b00000, 0x00000000b4c00000, 0x00000000b4c00000|100%| O|  |TAMS 0x00000000b4c00000, 0x00000000b4b00000| Complete 
| 332|0x00000000b4c00000, 0x00000000b4d00000, 0x00000000b4d00000|100%| O|  |TAMS 0x00000000b4d00000, 0x00000000b4c00000| Untracked 
| 333|0x00000000b4d00000, 0x00000000b4e00000, 0x00000000b4e00000|100%| O|  |TAMS 0x00000000b4e00000, 0x00000000b4d00000| Complete 
| 334|0x00000000b4e00000, 0x00000000b4f00000, 0x00000000b4f00000|100%| O|  |TAMS 0x00000000b4f00000, 0x00000000b4e00000| Complete 
| 335|0x00000000b4f00000, 0x00000000b5000000, 0x00000000b5000000|100%| O|  |TAMS 0x00000000b5000000, 0x00000000b4f00000| Complete 
| 336|0x00000000b5000000, 0x00000000b5100000, 0x00000000b5100000|100%| O|  |TAMS 0x00000000b5100000, 0x00000000b5000000| Complete 
| 337|0x00000000b5100000, 0x00000000b5200000, 0x00000000b5200000|100%| O|  |TAMS 0x00000000b5200000, 0x00000000b5100000| Complete 
| 338|0x00000000b5200000, 0x00000000b5300000, 0x00000000b5300000|100%| O|  |TAMS 0x00000000b5300000, 0x00000000b5200000| Complete 
| 339|0x00000000b5300000, 0x00000000b5400000, 0x00000000b5400000|100%| O|  |TAMS 0x00000000b5400000, 0x00000000b5300000| Untracked 
| 340|0x00000000b5400000, 0x00000000b5500000, 0x00000000b5500000|100%| O|  |TAMS 0x00000000b5500000, 0x00000000b5400000| Complete 
| 341|0x00000000b5500000, 0x00000000b5600000, 0x00000000b5600000|100%| O|  |TAMS 0x00000000b5600000, 0x00000000b5500000| Untracked 
| 342|0x00000000b5600000, 0x00000000b5700000, 0x00000000b5700000|100%| O|  |TAMS 0x00000000b5700000, 0x00000000b5600000| Untracked 
| 343|0x00000000b5700000, 0x00000000b5800000, 0x00000000b5800000|100%| O|  |TAMS 0x00000000b5800000, 0x00000000b5700000| Untracked 
| 344|0x00000000b5800000, 0x00000000b5900000, 0x00000000b5900000|100%| O|  |TAMS 0x00000000b5900000, 0x00000000b5800000| Untracked 
| 345|0x00000000b5900000, 0x00000000b5a00000, 0x00000000b5a00000|100%| O|  |TAMS 0x00000000b5a00000, 0x00000000b5900000| Complete 
| 346|0x00000000b5a00000, 0x00000000b5b00000, 0x00000000b5b00000|100%| O|  |TAMS 0x00000000b5b00000, 0x00000000b5a00000| Complete 
| 347|0x00000000b5b00000, 0x00000000b5c00000, 0x00000000b5c00000|100%| O|  |TAMS 0x00000000b5c00000, 0x00000000b5b00000| Complete 
| 348|0x00000000b5c00000, 0x00000000b5d00000, 0x00000000b5d00000|100%| O|  |TAMS 0x00000000b5d00000, 0x00000000b5c00000| Complete 
| 349|0x00000000b5d00000, 0x00000000b5e00000, 0x00000000b5e00000|100%| O|  |TAMS 0x00000000b5e00000, 0x00000000b5d00000| Untracked 
| 350|0x00000000b5e00000, 0x00000000b5f00000, 0x00000000b5f00000|100%| O|  |TAMS 0x00000000b5f00000, 0x00000000b5e00000| Complete 
| 351|0x00000000b5f00000, 0x00000000b6000000, 0x00000000b6000000|100%| O|  |TAMS 0x00000000b6000000, 0x00000000b5f00000| Untracked 
| 352|0x00000000b6000000, 0x00000000b6100000, 0x00000000b6100000|100%| O|  |TAMS 0x00000000b6100000, 0x00000000b6000000| Untracked 
| 353|0x00000000b6100000, 0x00000000b6200000, 0x00000000b6200000|100%| O|  |TAMS 0x00000000b6200000, 0x00000000b6100000| Complete 
| 354|0x00000000b6200000, 0x00000000b6300000, 0x00000000b6300000|100%| O|  |TAMS 0x00000000b6300000, 0x00000000b6200000| Untracked 
| 355|0x00000000b6300000, 0x00000000b6400000, 0x00000000b6400000|100%| O|  |TAMS 0x00000000b6400000, 0x00000000b6300000| Untracked 
| 356|0x00000000b6400000, 0x00000000b6400000, 0x00000000b6500000|  0%| F|  |TAMS 0x00000000b6400000, 0x00000000b6400000| Untracked 
| 357|0x00000000b6500000, 0x00000000b6500000, 0x00000000b6600000|  0%| F|  |TAMS 0x00000000b6500000, 0x00000000b6500000| Untracked 
| 358|0x00000000b6600000, 0x00000000b6600000, 0x00000000b6700000|  0%| F|  |TAMS 0x00000000b6600000, 0x00000000b6600000| Untracked 
| 359|0x00000000b6700000, 0x00000000b6700000, 0x00000000b6800000|  0%| F|  |TAMS 0x00000000b6700000, 0x00000000b6700000| Untracked 
| 360|0x00000000b6800000, 0x00000000b6900000, 0x00000000b6900000|100%| O|  |TAMS 0x00000000b6900000, 0x00000000b6800000| Untracked 
| 361|0x00000000b6900000, 0x00000000b6a00000, 0x00000000b6a00000|100%| O|  |TAMS 0x00000000b6a00000, 0x00000000b6900000| Untracked 
| 362|0x00000000b6a00000, 0x00000000b6b00000, 0x00000000b6b00000|100%| O|  |TAMS 0x00000000b6b00000, 0x00000000b6a00000| Complete 
| 363|0x00000000b6b00000, 0x00000000b6c00000, 0x00000000b6c00000|100%| O|  |TAMS 0x00000000b6c00000, 0x00000000b6b00000| Complete 
| 364|0x00000000b6c00000, 0x00000000b6c00000, 0x00000000b6d00000|  0%| F|  |TAMS 0x00000000b6c00000, 0x00000000b6c00000| Untracked 
| 365|0x00000000b6d00000, 0x00000000b6e00000, 0x00000000b6e00000|100%| O|  |TAMS 0x00000000b6e00000, 0x00000000b6d00000| Complete 
| 366|0x00000000b6e00000, 0x00000000b6e00000, 0x00000000b6f00000|  0%| F|  |TAMS 0x00000000b6e00000, 0x00000000b6e00000| Untracked 
| 367|0x00000000b6f00000, 0x00000000b6f00000, 0x00000000b7000000|  0%| F|  |TAMS 0x00000000b6f00000, 0x00000000b6f00000| Untracked 
| 368|0x00000000b7000000, 0x00000000b7000000, 0x00000000b7100000|  0%| F|  |TAMS 0x00000000b7000000, 0x00000000b7000000| Untracked 
| 369|0x00000000b7100000, 0x00000000b7100000, 0x00000000b7200000|  0%| F|  |TAMS 0x00000000b7100000, 0x00000000b7100000| Untracked 
| 370|0x00000000b7200000, 0x00000000b7200000, 0x00000000b7300000|  0%| F|  |TAMS 0x00000000b7200000, 0x00000000b7200000| Untracked 
| 371|0x00000000b7300000, 0x00000000b7300000, 0x00000000b7400000|  0%| F|  |TAMS 0x00000000b7300000, 0x00000000b7300000| Untracked 
| 372|0x00000000b7400000, 0x00000000b7400000, 0x00000000b7500000|  0%| F|  |TAMS 0x00000000b7400000, 0x00000000b7400000| Untracked 
| 373|0x00000000b7500000, 0x00000000b7500000, 0x00000000b7600000|  0%| F|  |TAMS 0x00000000b7500000, 0x00000000b7500000| Untracked 
| 374|0x00000000b7600000, 0x00000000b7600000, 0x00000000b7700000|  0%| F|  |TAMS 0x00000000b7600000, 0x00000000b7600000| Untracked 
| 375|0x00000000b7700000, 0x00000000b7700000, 0x00000000b7800000|  0%| F|  |TAMS 0x00000000b7700000, 0x00000000b7700000| Untracked 
| 376|0x00000000b7800000, 0x00000000b7800000, 0x00000000b7900000|  0%| F|  |TAMS 0x00000000b7800000, 0x00000000b7800000| Untracked 
| 377|0x00000000b7900000, 0x00000000b7900000, 0x00000000b7a00000|  0%| F|  |TAMS 0x00000000b7900000, 0x00000000b7900000| Untracked 
| 378|0x00000000b7a00000, 0x00000000b7a00000, 0x00000000b7b00000|  0%| F|  |TAMS 0x00000000b7a00000, 0x00000000b7a00000| Untracked 
| 379|0x00000000b7b00000, 0x00000000b7b00000, 0x00000000b7c00000|  0%| F|  |TAMS 0x00000000b7b00000, 0x00000000b7b00000| Untracked 
| 380|0x00000000b7c00000, 0x00000000b7c00000, 0x00000000b7d00000|  0%| F|  |TAMS 0x00000000b7c00000, 0x00000000b7c00000| Untracked 
| 381|0x00000000b7d00000, 0x00000000b7d00000, 0x00000000b7e00000|  0%| F|  |TAMS 0x00000000b7d00000, 0x00000000b7d00000| Untracked 
| 382|0x00000000b7e00000, 0x00000000b7e00000, 0x00000000b7f00000|  0%| F|  |TAMS 0x00000000b7e00000, 0x00000000b7e00000| Untracked 
| 383|0x00000000b7f00000, 0x00000000b7f00000, 0x00000000b8000000|  0%| F|  |TAMS 0x00000000b7f00000, 0x00000000b7f00000| Untracked 
| 384|0x00000000b8000000, 0x00000000b8000000, 0x00000000b8100000|  0%| F|  |TAMS 0x00000000b8000000, 0x00000000b8000000| Untracked 
| 385|0x00000000b8100000, 0x00000000b8100000, 0x00000000b8200000|  0%| F|  |TAMS 0x00000000b8100000, 0x00000000b8100000| Untracked 
| 386|0x00000000b8200000, 0x00000000b8200000, 0x00000000b8300000|  0%| F|  |TAMS 0x00000000b8200000, 0x00000000b8200000| Untracked 
| 387|0x00000000b8300000, 0x00000000b8300000, 0x00000000b8400000|  0%| F|  |TAMS 0x00000000b8300000, 0x00000000b8300000| Untracked 
| 388|0x00000000b8400000, 0x00000000b8400000, 0x00000000b8500000|  0%| F|  |TAMS 0x00000000b8400000, 0x00000000b8400000| Untracked 
| 389|0x00000000b8500000, 0x00000000b8500000, 0x00000000b8600000|  0%| F|  |TAMS 0x00000000b8500000, 0x00000000b8500000| Untracked 
| 390|0x00000000b8600000, 0x00000000b8600000, 0x00000000b8700000|  0%| F|  |TAMS 0x00000000b8600000, 0x00000000b8600000| Untracked 
| 391|0x00000000b8700000, 0x00000000b8700000, 0x00000000b8800000|  0%| F|  |TAMS 0x00000000b8700000, 0x00000000b8700000| Untracked 
| 392|0x00000000b8800000, 0x00000000b8800000, 0x00000000b8900000|  0%| F|  |TAMS 0x00000000b8800000, 0x00000000b8800000| Untracked 
| 393|0x00000000b8900000, 0x00000000b8900000, 0x00000000b8a00000|  0%| F|  |TAMS 0x00000000b8900000, 0x00000000b8900000| Untracked 
| 394|0x00000000b8a00000, 0x00000000b8a00000, 0x00000000b8b00000|  0%| F|  |TAMS 0x00000000b8a00000, 0x00000000b8a00000| Untracked 
| 395|0x00000000b8b00000, 0x00000000b8b00000, 0x00000000b8c00000|  0%| F|  |TAMS 0x00000000b8b00000, 0x00000000b8b00000| Untracked 
| 396|0x00000000b8c00000, 0x00000000b8c00000, 0x00000000b8d00000|  0%| F|  |TAMS 0x00000000b8c00000, 0x00000000b8c00000| Untracked 
| 397|0x00000000b8d00000, 0x00000000b8d00000, 0x00000000b8e00000|  0%| F|  |TAMS 0x00000000b8d00000, 0x00000000b8d00000| Untracked 
| 398|0x00000000b8e00000, 0x00000000b8e00000, 0x00000000b8f00000|  0%| F|  |TAMS 0x00000000b8e00000, 0x00000000b8e00000| Untracked 
| 399|0x00000000b8f00000, 0x00000000b8f00000, 0x00000000b9000000|  0%| F|  |TAMS 0x00000000b8f00000, 0x00000000b8f00000| Untracked 
| 400|0x00000000b9000000, 0x00000000b9000000, 0x00000000b9100000|  0%| F|  |TAMS 0x00000000b9000000, 0x00000000b9000000| Untracked 
| 401|0x00000000b9100000, 0x00000000b9100000, 0x00000000b9200000|  0%| F|  |TAMS 0x00000000b9100000, 0x00000000b9100000| Untracked 
| 402|0x00000000b9200000, 0x00000000b9200000, 0x00000000b9300000|  0%| F|  |TAMS 0x00000000b9200000, 0x00000000b9200000| Untracked 
| 403|0x00000000b9300000, 0x00000000b9300000, 0x00000000b9400000|  0%| F|  |TAMS 0x00000000b9300000, 0x00000000b9300000| Untracked 
| 404|0x00000000b9400000, 0x00000000b9400000, 0x00000000b9500000|  0%| F|  |TAMS 0x00000000b9400000, 0x00000000b9400000| Untracked 
| 405|0x00000000b9500000, 0x00000000b9500000, 0x00000000b9600000|  0%| F|  |TAMS 0x00000000b9500000, 0x00000000b9500000| Untracked 
| 406|0x00000000b9600000, 0x00000000b9600000, 0x00000000b9700000|  0%| F|  |TAMS 0x00000000b9600000, 0x00000000b9600000| Untracked 
| 407|0x00000000b9700000, 0x00000000b9700000, 0x00000000b9800000|  0%| F|  |TAMS 0x00000000b9700000, 0x00000000b9700000| Untracked 
| 408|0x00000000b9800000, 0x00000000b9800000, 0x00000000b9900000|  0%| F|  |TAMS 0x00000000b9800000, 0x00000000b9800000| Untracked 
| 409|0x00000000b9900000, 0x00000000b9900000, 0x00000000b9a00000|  0%| F|  |TAMS 0x00000000b9900000, 0x00000000b9900000| Untracked 
| 410|0x00000000b9a00000, 0x00000000b9a00000, 0x00000000b9b00000|  0%| F|  |TAMS 0x00000000b9a00000, 0x00000000b9a00000| Untracked 
| 411|0x00000000b9b00000, 0x00000000b9b00000, 0x00000000b9c00000|  0%| F|  |TAMS 0x00000000b9b00000, 0x00000000b9b00000| Untracked 
| 412|0x00000000b9c00000, 0x00000000b9c00000, 0x00000000b9d00000|  0%| F|  |TAMS 0x00000000b9c00000, 0x00000000b9c00000| Untracked 
| 413|0x00000000b9d00000, 0x00000000b9d00000, 0x00000000b9e00000|  0%| F|  |TAMS 0x00000000b9d00000, 0x00000000b9d00000| Untracked 
| 414|0x00000000b9e00000, 0x00000000b9e00000, 0x00000000b9f00000|  0%| F|  |TAMS 0x00000000b9e00000, 0x00000000b9e00000| Untracked 
| 415|0x00000000b9f00000, 0x00000000b9f00000, 0x00000000ba000000|  0%| F|  |TAMS 0x00000000b9f00000, 0x00000000b9f00000| Untracked 
| 416|0x00000000ba000000, 0x00000000ba100000, 0x00000000ba100000|100%| O|  |TAMS 0x00000000ba100000, 0x00000000ba000000| Untracked 
| 417|0x00000000ba100000, 0x00000000ba100000, 0x00000000ba200000|  0%| F|  |TAMS 0x00000000ba100000, 0x00000000ba100000| Untracked 
| 418|0x00000000ba200000, 0x00000000ba200000, 0x00000000ba300000|  0%| F|  |TAMS 0x00000000ba200000, 0x00000000ba200000| Untracked 
| 419|0x00000000ba300000, 0x00000000ba300000, 0x00000000ba400000|  0%| F|  |TAMS 0x00000000ba300000, 0x00000000ba300000| Untracked 
| 420|0x00000000ba400000, 0x00000000ba400000, 0x00000000ba500000|  0%| F|  |TAMS 0x00000000ba400000, 0x00000000ba400000| Untracked 
| 421|0x00000000ba500000, 0x00000000ba500000, 0x00000000ba600000|  0%| F|  |TAMS 0x00000000ba500000, 0x00000000ba500000| Untracked 
| 422|0x00000000ba600000, 0x00000000ba600000, 0x00000000ba700000|  0%| F|  |TAMS 0x00000000ba600000, 0x00000000ba600000| Untracked 
| 423|0x00000000ba700000, 0x00000000ba700000, 0x00000000ba800000|  0%| F|  |TAMS 0x00000000ba700000, 0x00000000ba700000| Untracked 
| 424|0x00000000ba800000, 0x00000000ba800000, 0x00000000ba900000|  0%| F|  |TAMS 0x00000000ba800000, 0x00000000ba800000| Untracked 
| 425|0x00000000ba900000, 0x00000000ba900000, 0x00000000baa00000|  0%| F|  |TAMS 0x00000000ba900000, 0x00000000ba900000| Untracked 
| 426|0x00000000baa00000, 0x00000000baa00000, 0x00000000bab00000|  0%| F|  |TAMS 0x00000000baa00000, 0x00000000baa00000| Untracked 
| 427|0x00000000bab00000, 0x00000000bab00000, 0x00000000bac00000|  0%| F|  |TAMS 0x00000000bab00000, 0x00000000bab00000| Untracked 
| 428|0x00000000bac00000, 0x00000000bac00000, 0x00000000bad00000|  0%| F|  |TAMS 0x00000000bac00000, 0x00000000bac00000| Untracked 
| 429|0x00000000bad00000, 0x00000000bad00000, 0x00000000bae00000|  0%| F|  |TAMS 0x00000000bad00000, 0x00000000bad00000| Untracked 
| 430|0x00000000bae00000, 0x00000000bae00000, 0x00000000baf00000|  0%| F|  |TAMS 0x00000000bae00000, 0x00000000bae00000| Untracked 
| 431|0x00000000baf00000, 0x00000000baf00000, 0x00000000bb000000|  0%| F|  |TAMS 0x00000000baf00000, 0x00000000baf00000| Untracked 
| 432|0x00000000bb000000, 0x00000000bb000000, 0x00000000bb100000|  0%| F|  |TAMS 0x00000000bb000000, 0x00000000bb000000| Untracked 
| 433|0x00000000bb100000, 0x00000000bb100000, 0x00000000bb200000|  0%| F|  |TAMS 0x00000000bb100000, 0x00000000bb100000| Untracked 
| 434|0x00000000bb200000, 0x00000000bb200000, 0x00000000bb300000|  0%| F|  |TAMS 0x00000000bb200000, 0x00000000bb200000| Untracked 
| 435|0x00000000bb300000, 0x00000000bb300000, 0x00000000bb400000|  0%| F|  |TAMS 0x00000000bb300000, 0x00000000bb300000| Untracked 
| 436|0x00000000bb400000, 0x00000000bb400000, 0x00000000bb500000|  0%| F|  |TAMS 0x00000000bb400000, 0x00000000bb400000| Untracked 
| 437|0x00000000bb500000, 0x00000000bb500000, 0x00000000bb600000|  0%| F|  |TAMS 0x00000000bb500000, 0x00000000bb500000| Untracked 
| 438|0x00000000bb600000, 0x00000000bb600000, 0x00000000bb700000|  0%| F|  |TAMS 0x00000000bb600000, 0x00000000bb600000| Untracked 
| 439|0x00000000bb700000, 0x00000000bb700000, 0x00000000bb800000|  0%| F|  |TAMS 0x00000000bb700000, 0x00000000bb700000| Untracked 
| 440|0x00000000bb800000, 0x00000000bb800000, 0x00000000bb900000|  0%| F|  |TAMS 0x00000000bb800000, 0x00000000bb800000| Untracked 
| 441|0x00000000bb900000, 0x00000000bb900000, 0x00000000bba00000|  0%| F|  |TAMS 0x00000000bb900000, 0x00000000bb900000| Untracked 
| 442|0x00000000bba00000, 0x00000000bba00000, 0x00000000bbb00000|  0%| F|  |TAMS 0x00000000bba00000, 0x00000000bba00000| Untracked 
| 443|0x00000000bbb00000, 0x00000000bbb00000, 0x00000000bbc00000|  0%| F|  |TAMS 0x00000000bbb00000, 0x00000000bbb00000| Untracked 
| 444|0x00000000bbc00000, 0x00000000bbc00000, 0x00000000bbd00000|  0%| F|  |TAMS 0x00000000bbc00000, 0x00000000bbc00000| Untracked 
| 445|0x00000000bbd00000, 0x00000000bbd00000, 0x00000000bbe00000|  0%| F|  |TAMS 0x00000000bbd00000, 0x00000000bbd00000| Untracked 
| 446|0x00000000bbe00000, 0x00000000bbe00000, 0x00000000bbf00000|  0%| F|  |TAMS 0x00000000bbe00000, 0x00000000bbe00000| Untracked 
| 447|0x00000000bbf00000, 0x00000000bbf00000, 0x00000000bc000000|  0%| F|  |TAMS 0x00000000bbf00000, 0x00000000bbf00000| Untracked 
| 448|0x00000000bc000000, 0x00000000bc000000, 0x00000000bc100000|  0%| F|  |TAMS 0x00000000bc000000, 0x00000000bc000000| Untracked 
| 449|0x00000000bc100000, 0x00000000bc100000, 0x00000000bc200000|  0%| F|  |TAMS 0x00000000bc100000, 0x00000000bc100000| Untracked 
| 450|0x00000000bc200000, 0x00000000bc200000, 0x00000000bc300000|  0%| F|  |TAMS 0x00000000bc200000, 0x00000000bc200000| Untracked 
| 451|0x00000000bc300000, 0x00000000bc300000, 0x00000000bc400000|  0%| F|  |TAMS 0x00000000bc300000, 0x00000000bc300000| Untracked 
| 452|0x00000000bc400000, 0x00000000bc400000, 0x00000000bc500000|  0%| F|  |TAMS 0x00000000bc400000, 0x00000000bc400000| Untracked 
| 453|0x00000000bc500000, 0x00000000bc500000, 0x00000000bc600000|  0%| F|  |TAMS 0x00000000bc500000, 0x00000000bc500000| Untracked 
| 454|0x00000000bc600000, 0x00000000bc600000, 0x00000000bc700000|  0%| F|  |TAMS 0x00000000bc600000, 0x00000000bc600000| Untracked 
| 455|0x00000000bc700000, 0x00000000bc700000, 0x00000000bc800000|  0%| F|  |TAMS 0x00000000bc700000, 0x00000000bc700000| Untracked 
| 456|0x00000000bc800000, 0x00000000bc800000, 0x00000000bc900000|  0%| F|  |TAMS 0x00000000bc800000, 0x00000000bc800000| Untracked 
| 457|0x00000000bc900000, 0x00000000bc900000, 0x00000000bca00000|  0%| F|  |TAMS 0x00000000bc900000, 0x00000000bc900000| Untracked 
| 458|0x00000000bca00000, 0x00000000bca00000, 0x00000000bcb00000|  0%| F|  |TAMS 0x00000000bca00000, 0x00000000bca00000| Untracked 
| 459|0x00000000bcb00000, 0x00000000bcb00000, 0x00000000bcc00000|  0%| F|  |TAMS 0x00000000bcb00000, 0x00000000bcb00000| Untracked 
| 460|0x00000000bcc00000, 0x00000000bcc00000, 0x00000000bcd00000|  0%| F|  |TAMS 0x00000000bcc00000, 0x00000000bcc00000| Untracked 
| 461|0x00000000bcd00000, 0x00000000bcd00000, 0x00000000bce00000|  0%| F|  |TAMS 0x00000000bcd00000, 0x00000000bcd00000| Untracked 
| 462|0x00000000bce00000, 0x00000000bce00000, 0x00000000bcf00000|  0%| F|  |TAMS 0x00000000bce00000, 0x00000000bce00000| Untracked 
| 463|0x00000000bcf00000, 0x00000000bcf00000, 0x00000000bd000000|  0%| F|  |TAMS 0x00000000bcf00000, 0x00000000bcf00000| Untracked 
| 464|0x00000000bd000000, 0x00000000bd000000, 0x00000000bd100000|  0%| F|  |TAMS 0x00000000bd000000, 0x00000000bd000000| Untracked 
| 465|0x00000000bd100000, 0x00000000bd100000, 0x00000000bd200000|  0%| F|  |TAMS 0x00000000bd100000, 0x00000000bd100000| Untracked 
| 466|0x00000000bd200000, 0x00000000bd200000, 0x00000000bd300000|  0%| F|  |TAMS 0x00000000bd200000, 0x00000000bd200000| Untracked 
| 467|0x00000000bd300000, 0x00000000bd300000, 0x00000000bd400000|  0%| F|  |TAMS 0x00000000bd300000, 0x00000000bd300000| Untracked 
| 468|0x00000000bd400000, 0x00000000bd400000, 0x00000000bd500000|  0%| F|  |TAMS 0x00000000bd400000, 0x00000000bd400000| Untracked 
| 469|0x00000000bd500000, 0x00000000bd500000, 0x00000000bd600000|  0%| F|  |TAMS 0x00000000bd500000, 0x00000000bd500000| Untracked 
| 470|0x00000000bd600000, 0x00000000bd600000, 0x00000000bd700000|  0%| F|  |TAMS 0x00000000bd600000, 0x00000000bd600000| Untracked 
| 471|0x00000000bd700000, 0x00000000bd700000, 0x00000000bd800000|  0%| F|  |TAMS 0x00000000bd700000, 0x00000000bd700000| Untracked 
| 472|0x00000000bd800000, 0x00000000bd900000, 0x00000000bd900000|100%| O|  |TAMS 0x00000000bd900000, 0x00000000bd800000| Untracked 
| 473|0x00000000bd900000, 0x00000000bd900000, 0x00000000bda00000|  0%| F|  |TAMS 0x00000000bd900000, 0x00000000bd900000| Untracked 
| 474|0x00000000bda00000, 0x00000000bda00000, 0x00000000bdb00000|  0%| F|  |TAMS 0x00000000bda00000, 0x00000000bda00000| Untracked 
| 475|0x00000000bdb00000, 0x00000000bdb00000, 0x00000000bdc00000|  0%| F|  |TAMS 0x00000000bdb00000, 0x00000000bdb00000| Untracked 
| 476|0x00000000bdc00000, 0x00000000bdc00000, 0x00000000bdd00000|  0%| F|  |TAMS 0x00000000bdc00000, 0x00000000bdc00000| Untracked 
| 477|0x00000000bdd00000, 0x00000000bdd00000, 0x00000000bde00000|  0%| F|  |TAMS 0x00000000bdd00000, 0x00000000bdd00000| Untracked 
| 478|0x00000000bde00000, 0x00000000bde00000, 0x00000000bdf00000|  0%| F|  |TAMS 0x00000000bde00000, 0x00000000bde00000| Untracked 
| 479|0x00000000bdf00000, 0x00000000bdf00000, 0x00000000be000000|  0%| F|  |TAMS 0x00000000bdf00000, 0x00000000bdf00000| Untracked 
| 480|0x00000000be000000, 0x00000000be000000, 0x00000000be100000|  0%| F|  |TAMS 0x00000000be000000, 0x00000000be000000| Untracked 
| 481|0x00000000be100000, 0x00000000be100000, 0x00000000be200000|  0%| F|  |TAMS 0x00000000be100000, 0x00000000be100000| Untracked 
| 482|0x00000000be200000, 0x00000000be200000, 0x00000000be300000|  0%| F|  |TAMS 0x00000000be200000, 0x00000000be200000| Untracked 
| 483|0x00000000be300000, 0x00000000be300000, 0x00000000be400000|  0%| F|  |TAMS 0x00000000be300000, 0x00000000be300000| Untracked 
| 484|0x00000000be400000, 0x00000000be400000, 0x00000000be500000|  0%| F|  |TAMS 0x00000000be400000, 0x00000000be400000| Untracked 
| 485|0x00000000be500000, 0x00000000be500000, 0x00000000be600000|  0%| F|  |TAMS 0x00000000be500000, 0x00000000be500000| Untracked 
| 486|0x00000000be600000, 0x00000000be600000, 0x00000000be700000|  0%| F|  |TAMS 0x00000000be600000, 0x00000000be600000| Untracked 
| 487|0x00000000be700000, 0x00000000be700000, 0x00000000be800000|  0%| F|  |TAMS 0x00000000be700000, 0x00000000be700000| Untracked 
| 488|0x00000000be800000, 0x00000000be800000, 0x00000000be900000|  0%| F|  |TAMS 0x00000000be800000, 0x00000000be800000| Untracked 
| 489|0x00000000be900000, 0x00000000be900000, 0x00000000bea00000|  0%| F|  |TAMS 0x00000000be900000, 0x00000000be900000| Untracked 
| 490|0x00000000bea00000, 0x00000000bea00000, 0x00000000beb00000|  0%| F|  |TAMS 0x00000000bea00000, 0x00000000bea00000| Untracked 
| 491|0x00000000beb00000, 0x00000000beb00000, 0x00000000bec00000|  0%| F|  |TAMS 0x00000000beb00000, 0x00000000beb00000| Untracked 
| 492|0x00000000bec00000, 0x00000000bec00000, 0x00000000bed00000|  0%| F|  |TAMS 0x00000000bec00000, 0x00000000bec00000| Untracked 
| 493|0x00000000bed00000, 0x00000000bed00000, 0x00000000bee00000|  0%| F|  |TAMS 0x00000000bed00000, 0x00000000bed00000| Untracked 
| 494|0x00000000bee00000, 0x00000000bee00000, 0x00000000bef00000|  0%| F|  |TAMS 0x00000000bee00000, 0x00000000bee00000| Untracked 
| 495|0x00000000bef00000, 0x00000000bef00000, 0x00000000bf000000|  0%| F|  |TAMS 0x00000000bef00000, 0x00000000bef00000| Untracked 
| 496|0x00000000bf000000, 0x00000000bf000000, 0x00000000bf100000|  0%| F|  |TAMS 0x00000000bf000000, 0x00000000bf000000| Untracked 
| 497|0x00000000bf100000, 0x00000000bf100000, 0x00000000bf200000|  0%| F|  |TAMS 0x00000000bf100000, 0x00000000bf100000| Untracked 
| 498|0x00000000bf200000, 0x00000000bf200000, 0x00000000bf300000|  0%| F|  |TAMS 0x00000000bf200000, 0x00000000bf200000| Untracked 
| 499|0x00000000bf300000, 0x00000000bf300000, 0x00000000bf400000|  0%| F|  |TAMS 0x00000000bf300000, 0x00000000bf300000| Untracked 
| 500|0x00000000bf400000, 0x00000000bf400000, 0x00000000bf500000|  0%| F|  |TAMS 0x00000000bf400000, 0x00000000bf400000| Untracked 
| 501|0x00000000bf500000, 0x00000000bf500000, 0x00000000bf600000|  0%| F|  |TAMS 0x00000000bf500000, 0x00000000bf500000| Untracked 
| 502|0x00000000bf600000, 0x00000000bf600000, 0x00000000bf700000|  0%| F|  |TAMS 0x00000000bf600000, 0x00000000bf600000| Untracked 
| 503|0x00000000bf700000, 0x00000000bf700000, 0x00000000bf800000|  0%| F|  |TAMS 0x00000000bf700000, 0x00000000bf700000| Untracked 
| 504|0x00000000bf800000, 0x00000000bf800000, 0x00000000bf900000|  0%| F|  |TAMS 0x00000000bf800000, 0x00000000bf800000| Untracked 
| 505|0x00000000bf900000, 0x00000000bf900000, 0x00000000bfa00000|  0%| F|  |TAMS 0x00000000bf900000, 0x00000000bf900000| Untracked 
| 506|0x00000000bfa00000, 0x00000000bfa00000, 0x00000000bfb00000|  0%| F|  |TAMS 0x00000000bfa00000, 0x00000000bfa00000| Untracked 
| 507|0x00000000bfb00000, 0x00000000bfb00000, 0x00000000bfc00000|  0%| F|  |TAMS 0x00000000bfb00000, 0x00000000bfb00000| Untracked 
| 508|0x00000000bfc00000, 0x00000000bfc00000, 0x00000000bfd00000|  0%| F|  |TAMS 0x00000000bfc00000, 0x00000000bfc00000| Untracked 
| 509|0x00000000bfd00000, 0x00000000bfd00000, 0x00000000bfe00000|  0%| F|  |TAMS 0x00000000bfd00000, 0x00000000bfd00000| Untracked 
| 510|0x00000000bfe00000, 0x00000000bfe00000, 0x00000000bff00000|  0%| F|  |TAMS 0x00000000bfe00000, 0x00000000bfe00000| Untracked 
| 511|0x00000000bff00000, 0x00000000bff00000, 0x00000000c0000000|  0%| F|  |TAMS 0x00000000bff00000, 0x00000000bff00000| Untracked 
| 512|0x00000000c0000000, 0x00000000c0000000, 0x00000000c0100000|  0%| F|  |TAMS 0x00000000c0000000, 0x00000000c0000000| Untracked 
| 513|0x00000000c0100000, 0x00000000c0100000, 0x00000000c0200000|  0%| F|  |TAMS 0x00000000c0100000, 0x00000000c0100000| Untracked 
| 514|0x00000000c0200000, 0x00000000c0200000, 0x00000000c0300000|  0%| F|  |TAMS 0x00000000c0200000, 0x00000000c0200000| Untracked 
| 515|0x00000000c0300000, 0x00000000c0300000, 0x00000000c0400000|  0%| F|  |TAMS 0x00000000c0300000, 0x00000000c0300000| Untracked 
| 516|0x00000000c0400000, 0x00000000c0400000, 0x00000000c0500000|  0%| F|  |TAMS 0x00000000c0400000, 0x00000000c0400000| Untracked 
| 517|0x00000000c0500000, 0x00000000c0500000, 0x00000000c0600000|  0%| F|  |TAMS 0x00000000c0500000, 0x00000000c0500000| Untracked 
| 518|0x00000000c0600000, 0x00000000c0600000, 0x00000000c0700000|  0%| F|  |TAMS 0x00000000c0600000, 0x00000000c0600000| Untracked 
| 519|0x00000000c0700000, 0x00000000c0700000, 0x00000000c0800000|  0%| F|  |TAMS 0x00000000c0700000, 0x00000000c0700000| Untracked 
| 520|0x00000000c0800000, 0x00000000c0800000, 0x00000000c0900000|  0%| F|  |TAMS 0x00000000c0800000, 0x00000000c0800000| Untracked 
| 521|0x00000000c0900000, 0x00000000c0900000, 0x00000000c0a00000|  0%| F|  |TAMS 0x00000000c0900000, 0x00000000c0900000| Untracked 
| 522|0x00000000c0a00000, 0x00000000c0a00000, 0x00000000c0b00000|  0%| F|  |TAMS 0x00000000c0a00000, 0x00000000c0a00000| Untracked 
| 523|0x00000000c0b00000, 0x00000000c0b00000, 0x00000000c0c00000|  0%| F|  |TAMS 0x00000000c0b00000, 0x00000000c0b00000| Untracked 
| 524|0x00000000c0c00000, 0x00000000c0c00000, 0x00000000c0d00000|  0%| F|  |TAMS 0x00000000c0c00000, 0x00000000c0c00000| Untracked 
| 525|0x00000000c0d00000, 0x00000000c0d00000, 0x00000000c0e00000|  0%| F|  |TAMS 0x00000000c0d00000, 0x00000000c0d00000| Untracked 
| 526|0x00000000c0e00000, 0x00000000c0e00000, 0x00000000c0f00000|  0%| F|  |TAMS 0x00000000c0e00000, 0x00000000c0e00000| Untracked 
| 527|0x00000000c0f00000, 0x00000000c0f00000, 0x00000000c1000000|  0%| F|  |TAMS 0x00000000c0f00000, 0x00000000c0f00000| Untracked 
| 528|0x00000000c1000000, 0x00000000c1000000, 0x00000000c1100000|  0%| F|  |TAMS 0x00000000c1000000, 0x00000000c1000000| Untracked 
| 529|0x00000000c1100000, 0x00000000c1100000, 0x00000000c1200000|  0%| F|  |TAMS 0x00000000c1100000, 0x00000000c1100000| Untracked 
| 530|0x00000000c1200000, 0x00000000c1200000, 0x00000000c1300000|  0%| F|  |TAMS 0x00000000c1200000, 0x00000000c1200000| Untracked 
| 531|0x00000000c1300000, 0x00000000c1300000, 0x00000000c1400000|  0%| F|  |TAMS 0x00000000c1300000, 0x00000000c1300000| Untracked 
| 532|0x00000000c1400000, 0x00000000c1400000, 0x00000000c1500000|  0%| F|  |TAMS 0x00000000c1400000, 0x00000000c1400000| Untracked 
| 533|0x00000000c1500000, 0x00000000c1500000, 0x00000000c1600000|  0%| F|  |TAMS 0x00000000c1500000, 0x00000000c1500000| Untracked 
| 534|0x00000000c1600000, 0x00000000c1600000, 0x00000000c1700000|  0%| F|  |TAMS 0x00000000c1600000, 0x00000000c1600000| Untracked 
| 535|0x00000000c1700000, 0x00000000c1700000, 0x00000000c1800000|  0%| F|  |TAMS 0x00000000c1700000, 0x00000000c1700000| Untracked 
| 536|0x00000000c1800000, 0x00000000c1800000, 0x00000000c1900000|  0%| F|  |TAMS 0x00000000c1800000, 0x00000000c1800000| Untracked 
| 537|0x00000000c1900000, 0x00000000c1900000, 0x00000000c1a00000|  0%| F|  |TAMS 0x00000000c1900000, 0x00000000c1900000| Untracked 
| 538|0x00000000c1a00000, 0x00000000c1a00000, 0x00000000c1b00000|  0%| F|  |TAMS 0x00000000c1a00000, 0x00000000c1a00000| Untracked 
| 539|0x00000000c1b00000, 0x00000000c1b00000, 0x00000000c1c00000|  0%| F|  |TAMS 0x00000000c1b00000, 0x00000000c1b00000| Untracked 
| 540|0x00000000c1c00000, 0x00000000c1c00000, 0x00000000c1d00000|  0%| F|  |TAMS 0x00000000c1c00000, 0x00000000c1c00000| Untracked 
| 541|0x00000000c1d00000, 0x00000000c1d00000, 0x00000000c1e00000|  0%| F|  |TAMS 0x00000000c1d00000, 0x00000000c1d00000| Untracked 
| 542|0x00000000c1e00000, 0x00000000c1e00000, 0x00000000c1f00000|  0%| F|  |TAMS 0x00000000c1e00000, 0x00000000c1e00000| Untracked 
| 543|0x00000000c1f00000, 0x00000000c1f00000, 0x00000000c2000000|  0%| F|  |TAMS 0x00000000c1f00000, 0x00000000c1f00000| Untracked 
| 544|0x00000000c2000000, 0x00000000c2000000, 0x00000000c2100000|  0%| F|  |TAMS 0x00000000c2000000, 0x00000000c2000000| Untracked 
| 545|0x00000000c2100000, 0x00000000c2100000, 0x00000000c2200000|  0%| F|  |TAMS 0x00000000c2100000, 0x00000000c2100000| Untracked 
| 546|0x00000000c2200000, 0x00000000c2200000, 0x00000000c2300000|  0%| F|  |TAMS 0x00000000c2200000, 0x00000000c2200000| Untracked 
| 547|0x00000000c2300000, 0x00000000c2300000, 0x00000000c2400000|  0%| F|  |TAMS 0x00000000c2300000, 0x00000000c2300000| Untracked 
| 548|0x00000000c2400000, 0x00000000c2400000, 0x00000000c2500000|  0%| F|  |TAMS 0x00000000c2400000, 0x00000000c2400000| Untracked 
| 549|0x00000000c2500000, 0x00000000c2500000, 0x00000000c2600000|  0%| F|  |TAMS 0x00000000c2500000, 0x00000000c2500000| Untracked 
| 550|0x00000000c2600000, 0x00000000c2600000, 0x00000000c2700000|  0%| F|  |TAMS 0x00000000c2600000, 0x00000000c2600000| Untracked 
| 551|0x00000000c2700000, 0x00000000c2700000, 0x00000000c2800000|  0%| F|  |TAMS 0x00000000c2700000, 0x00000000c2700000| Untracked 
| 552|0x00000000c2800000, 0x00000000c2800000, 0x00000000c2900000|  0%| F|  |TAMS 0x00000000c2800000, 0x00000000c2800000| Untracked 
| 553|0x00000000c2900000, 0x00000000c2900000, 0x00000000c2a00000|  0%| F|  |TAMS 0x00000000c2900000, 0x00000000c2900000| Untracked 
| 554|0x00000000c2a00000, 0x00000000c2a00000, 0x00000000c2b00000|  0%| F|  |TAMS 0x00000000c2a00000, 0x00000000c2a00000| Untracked 
| 555|0x00000000c2b00000, 0x00000000c2b00000, 0x00000000c2c00000|  0%| F|  |TAMS 0x00000000c2b00000, 0x00000000c2b00000| Untracked 
| 556|0x00000000c2c00000, 0x00000000c2c00000, 0x00000000c2d00000|  0%| F|  |TAMS 0x00000000c2c00000, 0x00000000c2c00000| Untracked 
| 557|0x00000000c2d00000, 0x00000000c2d00000, 0x00000000c2e00000|  0%| F|  |TAMS 0x00000000c2d00000, 0x00000000c2d00000| Untracked 
| 558|0x00000000c2e00000, 0x00000000c2e00000, 0x00000000c2f00000|  0%| F|  |TAMS 0x00000000c2e00000, 0x00000000c2e00000| Untracked 
| 559|0x00000000c2f00000, 0x00000000c2f00000, 0x00000000c3000000|  0%| F|  |TAMS 0x00000000c2f00000, 0x00000000c2f00000| Untracked 
| 560|0x00000000c3000000, 0x00000000c3000000, 0x00000000c3100000|  0%| F|  |TAMS 0x00000000c3000000, 0x00000000c3000000| Untracked 
| 561|0x00000000c3100000, 0x00000000c3100000, 0x00000000c3200000|  0%| F|  |TAMS 0x00000000c3100000, 0x00000000c3100000| Untracked 
| 562|0x00000000c3200000, 0x00000000c3200000, 0x00000000c3300000|  0%| F|  |TAMS 0x00000000c3200000, 0x00000000c3200000| Untracked 
| 563|0x00000000c3300000, 0x00000000c3300000, 0x00000000c3400000|  0%| F|  |TAMS 0x00000000c3300000, 0x00000000c3300000| Untracked 
| 564|0x00000000c3400000, 0x00000000c3400000, 0x00000000c3500000|  0%| F|  |TAMS 0x00000000c3400000, 0x00000000c3400000| Untracked 
| 565|0x00000000c3500000, 0x00000000c3500000, 0x00000000c3600000|  0%| F|  |TAMS 0x00000000c3500000, 0x00000000c3500000| Untracked 
| 566|0x00000000c3600000, 0x00000000c3600000, 0x00000000c3700000|  0%| F|  |TAMS 0x00000000c3600000, 0x00000000c3600000| Untracked 
| 567|0x00000000c3700000, 0x00000000c3700000, 0x00000000c3800000|  0%| F|  |TAMS 0x00000000c3700000, 0x00000000c3700000| Untracked 
| 568|0x00000000c3800000, 0x00000000c3800000, 0x00000000c3900000|  0%| F|  |TAMS 0x00000000c3800000, 0x00000000c3800000| Untracked 
| 569|0x00000000c3900000, 0x00000000c3900000, 0x00000000c3a00000|  0%| F|  |TAMS 0x00000000c3900000, 0x00000000c3900000| Untracked 
| 570|0x00000000c3a00000, 0x00000000c3a00000, 0x00000000c3b00000|  0%| F|  |TAMS 0x00000000c3a00000, 0x00000000c3a00000| Untracked 
| 571|0x00000000c3b00000, 0x00000000c3b00000, 0x00000000c3c00000|  0%| F|  |TAMS 0x00000000c3b00000, 0x00000000c3b00000| Untracked 
| 572|0x00000000c3c00000, 0x00000000c3c00000, 0x00000000c3d00000|  0%| F|  |TAMS 0x00000000c3c00000, 0x00000000c3c00000| Untracked 
| 573|0x00000000c3d00000, 0x00000000c3d00000, 0x00000000c3e00000|  0%| F|  |TAMS 0x00000000c3d00000, 0x00000000c3d00000| Untracked 
| 574|0x00000000c3e00000, 0x00000000c3e00000, 0x00000000c3f00000|  0%| F|  |TAMS 0x00000000c3e00000, 0x00000000c3e00000| Untracked 
| 575|0x00000000c3f00000, 0x00000000c3f00000, 0x00000000c4000000|  0%| F|  |TAMS 0x00000000c3f00000, 0x00000000c3f00000| Untracked 
| 576|0x00000000c4000000, 0x00000000c4000000, 0x00000000c4100000|  0%| F|  |TAMS 0x00000000c4000000, 0x00000000c4000000| Untracked 
| 577|0x00000000c4100000, 0x00000000c4100000, 0x00000000c4200000|  0%| F|  |TAMS 0x00000000c4100000, 0x00000000c4100000| Untracked 
| 578|0x00000000c4200000, 0x00000000c4200000, 0x00000000c4300000|  0%| F|  |TAMS 0x00000000c4200000, 0x00000000c4200000| Untracked 
| 579|0x00000000c4300000, 0x00000000c4300000, 0x00000000c4400000|  0%| F|  |TAMS 0x00000000c4300000, 0x00000000c4300000| Untracked 
| 580|0x00000000c4400000, 0x00000000c4400000, 0x00000000c4500000|  0%| F|  |TAMS 0x00000000c4400000, 0x00000000c4400000| Untracked 
| 581|0x00000000c4500000, 0x00000000c4500000, 0x00000000c4600000|  0%| F|  |TAMS 0x00000000c4500000, 0x00000000c4500000| Untracked 
| 582|0x00000000c4600000, 0x00000000c4600000, 0x00000000c4700000|  0%| F|  |TAMS 0x00000000c4600000, 0x00000000c4600000| Untracked 
| 583|0x00000000c4700000, 0x00000000c4700000, 0x00000000c4800000|  0%| F|  |TAMS 0x00000000c4700000, 0x00000000c4700000| Untracked 
| 584|0x00000000c4800000, 0x00000000c4800000, 0x00000000c4900000|  0%| F|  |TAMS 0x00000000c4800000, 0x00000000c4800000| Untracked 
| 585|0x00000000c4900000, 0x00000000c4900000, 0x00000000c4a00000|  0%| F|  |TAMS 0x00000000c4900000, 0x00000000c4900000| Untracked 
| 586|0x00000000c4a00000, 0x00000000c4a00000, 0x00000000c4b00000|  0%| F|  |TAMS 0x00000000c4a00000, 0x00000000c4a00000| Untracked 
| 587|0x00000000c4b00000, 0x00000000c4b00000, 0x00000000c4c00000|  0%| F|  |TAMS 0x00000000c4b00000, 0x00000000c4b00000| Untracked 
| 588|0x00000000c4c00000, 0x00000000c4c00000, 0x00000000c4d00000|  0%| F|  |TAMS 0x00000000c4c00000, 0x00000000c4c00000| Untracked 
| 589|0x00000000c4d00000, 0x00000000c4d00000, 0x00000000c4e00000|  0%| F|  |TAMS 0x00000000c4d00000, 0x00000000c4d00000| Untracked 
| 590|0x00000000c4e00000, 0x00000000c4e00000, 0x00000000c4f00000|  0%| F|  |TAMS 0x00000000c4e00000, 0x00000000c4e00000| Untracked 
| 591|0x00000000c4f00000, 0x00000000c4f00000, 0x00000000c5000000|  0%| F|  |TAMS 0x00000000c4f00000, 0x00000000c4f00000| Untracked 
| 592|0x00000000c5000000, 0x00000000c5000000, 0x00000000c5100000|  0%| F|  |TAMS 0x00000000c5000000, 0x00000000c5000000| Untracked 
| 593|0x00000000c5100000, 0x00000000c5100000, 0x00000000c5200000|  0%| F|  |TAMS 0x00000000c5100000, 0x00000000c5100000| Untracked 
| 594|0x00000000c5200000, 0x00000000c5200000, 0x00000000c5300000|  0%| F|  |TAMS 0x00000000c5200000, 0x00000000c5200000| Untracked 
| 595|0x00000000c5300000, 0x00000000c5300000, 0x00000000c5400000|  0%| F|  |TAMS 0x00000000c5300000, 0x00000000c5300000| Untracked 
| 596|0x00000000c5400000, 0x00000000c5400000, 0x00000000c5500000|  0%| F|  |TAMS 0x00000000c5400000, 0x00000000c5400000| Untracked 
| 597|0x00000000c5500000, 0x00000000c5500000, 0x00000000c5600000|  0%| F|  |TAMS 0x00000000c5500000, 0x00000000c5500000| Untracked 
| 598|0x00000000c5600000, 0x00000000c5600000, 0x00000000c5700000|  0%| F|  |TAMS 0x00000000c5600000, 0x00000000c5600000| Untracked 
| 599|0x00000000c5700000, 0x00000000c5700000, 0x00000000c5800000|  0%| F|  |TAMS 0x00000000c5700000, 0x00000000c5700000| Untracked 
| 600|0x00000000c5800000, 0x00000000c5800000, 0x00000000c5900000|  0%| F|  |TAMS 0x00000000c5800000, 0x00000000c5800000| Untracked 
| 601|0x00000000c5900000, 0x00000000c5900000, 0x00000000c5a00000|  0%| F|  |TAMS 0x00000000c5900000, 0x00000000c5900000| Untracked 
| 602|0x00000000c5a00000, 0x00000000c5a00000, 0x00000000c5b00000|  0%| F|  |TAMS 0x00000000c5a00000, 0x00000000c5a00000| Untracked 
| 603|0x00000000c5b00000, 0x00000000c5b00000, 0x00000000c5c00000|  0%| F|  |TAMS 0x00000000c5b00000, 0x00000000c5b00000| Untracked 
| 604|0x00000000c5c00000, 0x00000000c5c00000, 0x00000000c5d00000|  0%| F|  |TAMS 0x00000000c5c00000, 0x00000000c5c00000| Untracked 
| 605|0x00000000c5d00000, 0x00000000c5d00000, 0x00000000c5e00000|  0%| F|  |TAMS 0x00000000c5d00000, 0x00000000c5d00000| Untracked 
| 606|0x00000000c5e00000, 0x00000000c5e00000, 0x00000000c5f00000|  0%| F|  |TAMS 0x00000000c5e00000, 0x00000000c5e00000| Untracked 
| 607|0x00000000c5f00000, 0x00000000c5f00000, 0x00000000c6000000|  0%| F|  |TAMS 0x00000000c5f00000, 0x00000000c5f00000| Untracked 
| 608|0x00000000c6000000, 0x00000000c6000000, 0x00000000c6100000|  0%| F|  |TAMS 0x00000000c6000000, 0x00000000c6000000| Untracked 
| 609|0x00000000c6100000, 0x00000000c6100000, 0x00000000c6200000|  0%| F|  |TAMS 0x00000000c6100000, 0x00000000c6100000| Untracked 
| 610|0x00000000c6200000, 0x00000000c6200000, 0x00000000c6300000|  0%| F|  |TAMS 0x00000000c6200000, 0x00000000c6200000| Untracked 
| 611|0x00000000c6300000, 0x00000000c6300000, 0x00000000c6400000|  0%| F|  |TAMS 0x00000000c6300000, 0x00000000c6300000| Untracked 
| 612|0x00000000c6400000, 0x00000000c6400000, 0x00000000c6500000|  0%| F|  |TAMS 0x00000000c6400000, 0x00000000c6400000| Untracked 
| 613|0x00000000c6500000, 0x00000000c6500000, 0x00000000c6600000|  0%| F|  |TAMS 0x00000000c6500000, 0x00000000c6500000| Untracked 
| 614|0x00000000c6600000, 0x00000000c6600000, 0x00000000c6700000|  0%| F|  |TAMS 0x00000000c6600000, 0x00000000c6600000| Untracked 
| 615|0x00000000c6700000, 0x00000000c6700000, 0x00000000c6800000|  0%| F|  |TAMS 0x00000000c6700000, 0x00000000c6700000| Untracked 
| 616|0x00000000c6800000, 0x00000000c6800000, 0x00000000c6900000|  0%| F|  |TAMS 0x00000000c6800000, 0x00000000c6800000| Untracked 
| 617|0x00000000c6900000, 0x00000000c6900000, 0x00000000c6a00000|  0%| F|  |TAMS 0x00000000c6900000, 0x00000000c6900000| Untracked 
| 618|0x00000000c6a00000, 0x00000000c6a00000, 0x00000000c6b00000|  0%| F|  |TAMS 0x00000000c6a00000, 0x00000000c6a00000| Untracked 
| 619|0x00000000c6b00000, 0x00000000c6b00000, 0x00000000c6c00000|  0%| F|  |TAMS 0x00000000c6b00000, 0x00000000c6b00000| Untracked 
| 620|0x00000000c6c00000, 0x00000000c6c00000, 0x00000000c6d00000|  0%| F|  |TAMS 0x00000000c6c00000, 0x00000000c6c00000| Untracked 
| 621|0x00000000c6d00000, 0x00000000c6d00000, 0x00000000c6e00000|  0%| F|  |TAMS 0x00000000c6d00000, 0x00000000c6d00000| Untracked 
| 622|0x00000000c6e00000, 0x00000000c6e00000, 0x00000000c6f00000|  0%| F|  |TAMS 0x00000000c6e00000, 0x00000000c6e00000| Untracked 
| 623|0x00000000c6f00000, 0x00000000c6f00000, 0x00000000c7000000|  0%| F|  |TAMS 0x00000000c6f00000, 0x00000000c6f00000| Untracked 
| 624|0x00000000c7000000, 0x00000000c7000000, 0x00000000c7100000|  0%| F|  |TAMS 0x00000000c7000000, 0x00000000c7000000| Untracked 
| 625|0x00000000c7100000, 0x00000000c7100000, 0x00000000c7200000|  0%| F|  |TAMS 0x00000000c7100000, 0x00000000c7100000| Untracked 
| 626|0x00000000c7200000, 0x00000000c7200000, 0x00000000c7300000|  0%| F|  |TAMS 0x00000000c7200000, 0x00000000c7200000| Untracked 
| 627|0x00000000c7300000, 0x00000000c7300000, 0x00000000c7400000|  0%| F|  |TAMS 0x00000000c7300000, 0x00000000c7300000| Untracked 
| 628|0x00000000c7400000, 0x00000000c7400000, 0x00000000c7500000|  0%| F|  |TAMS 0x00000000c7400000, 0x00000000c7400000| Untracked 
| 629|0x00000000c7500000, 0x00000000c7500000, 0x00000000c7600000|  0%| F|  |TAMS 0x00000000c7500000, 0x00000000c7500000| Untracked 
| 630|0x00000000c7600000, 0x00000000c7600000, 0x00000000c7700000|  0%| F|  |TAMS 0x00000000c7600000, 0x00000000c7600000| Untracked 
| 631|0x00000000c7700000, 0x00000000c7700000, 0x00000000c7800000|  0%| F|  |TAMS 0x00000000c7700000, 0x00000000c7700000| Untracked 
| 632|0x00000000c7800000, 0x00000000c7800000, 0x00000000c7900000|  0%| F|  |TAMS 0x00000000c7800000, 0x00000000c7800000| Untracked 
| 633|0x00000000c7900000, 0x00000000c7900000, 0x00000000c7a00000|  0%| F|  |TAMS 0x00000000c7900000, 0x00000000c7900000| Untracked 
| 634|0x00000000c7a00000, 0x00000000c7a00000, 0x00000000c7b00000|  0%| F|  |TAMS 0x00000000c7a00000, 0x00000000c7a00000| Untracked 
| 635|0x00000000c7b00000, 0x00000000c7b00000, 0x00000000c7c00000|  0%| F|  |TAMS 0x00000000c7b00000, 0x00000000c7b00000| Untracked 
| 636|0x00000000c7c00000, 0x00000000c7c00000, 0x00000000c7d00000|  0%| F|  |TAMS 0x00000000c7c00000, 0x00000000c7c00000| Untracked 
| 637|0x00000000c7d00000, 0x00000000c7d00000, 0x00000000c7e00000|  0%| F|  |TAMS 0x00000000c7d00000, 0x00000000c7d00000| Untracked 
| 638|0x00000000c7e00000, 0x00000000c7e00000, 0x00000000c7f00000|  0%| F|  |TAMS 0x00000000c7e00000, 0x00000000c7e00000| Untracked 
| 639|0x00000000c7f00000, 0x00000000c7f00000, 0x00000000c8000000|  0%| F|  |TAMS 0x00000000c7f00000, 0x00000000c7f00000| Untracked 
| 640|0x00000000c8000000, 0x00000000c8000000, 0x00000000c8100000|  0%| F|  |TAMS 0x00000000c8000000, 0x00000000c8000000| Untracked 
| 641|0x00000000c8100000, 0x00000000c8100000, 0x00000000c8200000|  0%| F|  |TAMS 0x00000000c8100000, 0x00000000c8100000| Untracked 
| 642|0x00000000c8200000, 0x00000000c8200000, 0x00000000c8300000|  0%| F|  |TAMS 0x00000000c8200000, 0x00000000c8200000| Untracked 
| 643|0x00000000c8300000, 0x00000000c8300000, 0x00000000c8400000|  0%| F|  |TAMS 0x00000000c8300000, 0x00000000c8300000| Untracked 
| 644|0x00000000c8400000, 0x00000000c8400000, 0x00000000c8500000|  0%| F|  |TAMS 0x00000000c8400000, 0x00000000c8400000| Untracked 
| 645|0x00000000c8500000, 0x00000000c8500000, 0x00000000c8600000|  0%| F|  |TAMS 0x00000000c8500000, 0x00000000c8500000| Untracked 
| 646|0x00000000c8600000, 0x00000000c8600000, 0x00000000c8700000|  0%| F|  |TAMS 0x00000000c8600000, 0x00000000c8600000| Untracked 
| 647|0x00000000c8700000, 0x00000000c8700000, 0x00000000c8800000|  0%| F|  |TAMS 0x00000000c8700000, 0x00000000c8700000| Untracked 
| 648|0x00000000c8800000, 0x00000000c8800000, 0x00000000c8900000|  0%| F|  |TAMS 0x00000000c8800000, 0x00000000c8800000| Untracked 
| 649|0x00000000c8900000, 0x00000000c8900000, 0x00000000c8a00000|  0%| F|  |TAMS 0x00000000c8900000, 0x00000000c8900000| Untracked 
| 650|0x00000000c8a00000, 0x00000000c8a00000, 0x00000000c8b00000|  0%| F|  |TAMS 0x00000000c8a00000, 0x00000000c8a00000| Untracked 
| 651|0x00000000c8b00000, 0x00000000c8b00000, 0x00000000c8c00000|  0%| F|  |TAMS 0x00000000c8b00000, 0x00000000c8b00000| Untracked 
| 652|0x00000000c8c00000, 0x00000000c8c00000, 0x00000000c8d00000|  0%| F|  |TAMS 0x00000000c8c00000, 0x00000000c8c00000| Untracked 
| 653|0x00000000c8d00000, 0x00000000c8d00000, 0x00000000c8e00000|  0%| F|  |TAMS 0x00000000c8d00000, 0x00000000c8d00000| Untracked 
| 654|0x00000000c8e00000, 0x00000000c8e00000, 0x00000000c8f00000|  0%| F|  |TAMS 0x00000000c8e00000, 0x00000000c8e00000| Untracked 
| 655|0x00000000c8f00000, 0x00000000c8f00000, 0x00000000c9000000|  0%| F|  |TAMS 0x00000000c8f00000, 0x00000000c8f00000| Untracked 
| 656|0x00000000c9000000, 0x00000000c9000000, 0x00000000c9100000|  0%| F|  |TAMS 0x00000000c9000000, 0x00000000c9000000| Untracked 
| 657|0x00000000c9100000, 0x00000000c9100000, 0x00000000c9200000|  0%| F|  |TAMS 0x00000000c9100000, 0x00000000c9100000| Untracked 
| 658|0x00000000c9200000, 0x00000000c9200000, 0x00000000c9300000|  0%| F|  |TAMS 0x00000000c9200000, 0x00000000c9200000| Untracked 
| 659|0x00000000c9300000, 0x00000000c9300000, 0x00000000c9400000|  0%| F|  |TAMS 0x00000000c9300000, 0x00000000c9300000| Untracked 
| 660|0x00000000c9400000, 0x00000000c9400000, 0x00000000c9500000|  0%| F|  |TAMS 0x00000000c9400000, 0x00000000c9400000| Untracked 
| 661|0x00000000c9500000, 0x00000000c9500000, 0x00000000c9600000|  0%| F|  |TAMS 0x00000000c9500000, 0x00000000c9500000| Untracked 
| 662|0x00000000c9600000, 0x00000000c9600000, 0x00000000c9700000|  0%| F|  |TAMS 0x00000000c9600000, 0x00000000c9600000| Untracked 
| 663|0x00000000c9700000, 0x00000000c9700000, 0x00000000c9800000|  0%| F|  |TAMS 0x00000000c9700000, 0x00000000c9700000| Untracked 
| 664|0x00000000c9800000, 0x00000000c9800000, 0x00000000c9900000|  0%| F|  |TAMS 0x00000000c9800000, 0x00000000c9800000| Untracked 
| 665|0x00000000c9900000, 0x00000000c9900000, 0x00000000c9a00000|  0%| F|  |TAMS 0x00000000c9900000, 0x00000000c9900000| Untracked 
| 666|0x00000000c9a00000, 0x00000000c9a00000, 0x00000000c9b00000|  0%| F|  |TAMS 0x00000000c9a00000, 0x00000000c9a00000| Untracked 
| 667|0x00000000c9b00000, 0x00000000c9b00000, 0x00000000c9c00000|  0%| F|  |TAMS 0x00000000c9b00000, 0x00000000c9b00000| Untracked 
| 668|0x00000000c9c00000, 0x00000000c9c00000, 0x00000000c9d00000|  0%| F|  |TAMS 0x00000000c9c00000, 0x00000000c9c00000| Untracked 
| 669|0x00000000c9d00000, 0x00000000c9d00000, 0x00000000c9e00000|  0%| F|  |TAMS 0x00000000c9d00000, 0x00000000c9d00000| Untracked 
| 670|0x00000000c9e00000, 0x00000000c9e00000, 0x00000000c9f00000|  0%| F|  |TAMS 0x00000000c9e00000, 0x00000000c9e00000| Untracked 
| 671|0x00000000c9f00000, 0x00000000c9f00000, 0x00000000ca000000|  0%| F|  |TAMS 0x00000000c9f00000, 0x00000000c9f00000| Untracked 
| 672|0x00000000ca000000, 0x00000000ca000000, 0x00000000ca100000|  0%| F|  |TAMS 0x00000000ca000000, 0x00000000ca000000| Untracked 
| 673|0x00000000ca100000, 0x00000000ca100000, 0x00000000ca200000|  0%| F|  |TAMS 0x00000000ca100000, 0x00000000ca100000| Untracked 
| 674|0x00000000ca200000, 0x00000000ca200000, 0x00000000ca300000|  0%| F|  |TAMS 0x00000000ca200000, 0x00000000ca200000| Untracked 
| 675|0x00000000ca300000, 0x00000000ca300000, 0x00000000ca400000|  0%| F|  |TAMS 0x00000000ca300000, 0x00000000ca300000| Untracked 
| 676|0x00000000ca400000, 0x00000000ca400000, 0x00000000ca500000|  0%| F|  |TAMS 0x00000000ca400000, 0x00000000ca400000| Untracked 
| 677|0x00000000ca500000, 0x00000000ca500000, 0x00000000ca600000|  0%| F|  |TAMS 0x00000000ca500000, 0x00000000ca500000| Untracked 
| 678|0x00000000ca600000, 0x00000000ca600000, 0x00000000ca700000|  0%| F|  |TAMS 0x00000000ca600000, 0x00000000ca600000| Untracked 
| 679|0x00000000ca700000, 0x00000000ca700000, 0x00000000ca800000|  0%| F|  |TAMS 0x00000000ca700000, 0x00000000ca700000| Untracked 
| 680|0x00000000ca800000, 0x00000000ca800000, 0x00000000ca900000|  0%| F|  |TAMS 0x00000000ca800000, 0x00000000ca800000| Untracked 
| 681|0x00000000ca900000, 0x00000000ca900000, 0x00000000caa00000|  0%| F|  |TAMS 0x00000000ca900000, 0x00000000ca900000| Untracked 
| 682|0x00000000caa00000, 0x00000000caa00000, 0x00000000cab00000|  0%| F|  |TAMS 0x00000000caa00000, 0x00000000caa00000| Untracked 
| 683|0x00000000cab00000, 0x00000000cab00000, 0x00000000cac00000|  0%| F|  |TAMS 0x00000000cab00000, 0x00000000cab00000| Untracked 
| 684|0x00000000cac00000, 0x00000000cac00000, 0x00000000cad00000|  0%| F|  |TAMS 0x00000000cac00000, 0x00000000cac00000| Untracked 
| 685|0x00000000cad00000, 0x00000000cad00000, 0x00000000cae00000|  0%| F|  |TAMS 0x00000000cad00000, 0x00000000cad00000| Untracked 
| 686|0x00000000cae00000, 0x00000000cae00000, 0x00000000caf00000|  0%| F|  |TAMS 0x00000000cae00000, 0x00000000cae00000| Untracked 
| 687|0x00000000caf00000, 0x00000000caf00000, 0x00000000cb000000|  0%| F|  |TAMS 0x00000000caf00000, 0x00000000caf00000| Untracked 
| 688|0x00000000cb000000, 0x00000000cb000000, 0x00000000cb100000|  0%| F|  |TAMS 0x00000000cb000000, 0x00000000cb000000| Untracked 
| 689|0x00000000cb100000, 0x00000000cb100000, 0x00000000cb200000|  0%| F|  |TAMS 0x00000000cb100000, 0x00000000cb100000| Untracked 
| 690|0x00000000cb200000, 0x00000000cb200000, 0x00000000cb300000|  0%| F|  |TAMS 0x00000000cb200000, 0x00000000cb200000| Untracked 
| 691|0x00000000cb300000, 0x00000000cb300000, 0x00000000cb400000|  0%| F|  |TAMS 0x00000000cb300000, 0x00000000cb300000| Untracked 
| 692|0x00000000cb400000, 0x00000000cb400000, 0x00000000cb500000|  0%| F|  |TAMS 0x00000000cb400000, 0x00000000cb400000| Untracked 
| 693|0x00000000cb500000, 0x00000000cb500000, 0x00000000cb600000|  0%| F|  |TAMS 0x00000000cb500000, 0x00000000cb500000| Untracked 
| 694|0x00000000cb600000, 0x00000000cb600000, 0x00000000cb700000|  0%| F|  |TAMS 0x00000000cb600000, 0x00000000cb600000| Untracked 
| 695|0x00000000cb700000, 0x00000000cb700000, 0x00000000cb800000|  0%| F|  |TAMS 0x00000000cb700000, 0x00000000cb700000| Untracked 
| 696|0x00000000cb800000, 0x00000000cb800000, 0x00000000cb900000|  0%| F|  |TAMS 0x00000000cb800000, 0x00000000cb800000| Untracked 
| 697|0x00000000cb900000, 0x00000000cb900000, 0x00000000cba00000|  0%| F|  |TAMS 0x00000000cb900000, 0x00000000cb900000| Untracked 
| 698|0x00000000cba00000, 0x00000000cba00000, 0x00000000cbb00000|  0%| F|  |TAMS 0x00000000cba00000, 0x00000000cba00000| Untracked 
| 699|0x00000000cbb00000, 0x00000000cbb00000, 0x00000000cbc00000|  0%| F|  |TAMS 0x00000000cbb00000, 0x00000000cbb00000| Untracked 
| 700|0x00000000cbc00000, 0x00000000cbc00000, 0x00000000cbd00000|  0%| F|  |TAMS 0x00000000cbc00000, 0x00000000cbc00000| Untracked 
| 701|0x00000000cbd00000, 0x00000000cbd00000, 0x00000000cbe00000|  0%| F|  |TAMS 0x00000000cbd00000, 0x00000000cbd00000| Untracked 
| 702|0x00000000cbe00000, 0x00000000cbe00000, 0x00000000cbf00000|  0%| F|  |TAMS 0x00000000cbe00000, 0x00000000cbe00000| Untracked 
| 703|0x00000000cbf00000, 0x00000000cbf00000, 0x00000000cc000000|  0%| F|  |TAMS 0x00000000cbf00000, 0x00000000cbf00000| Untracked 
| 704|0x00000000cc000000, 0x00000000cc000000, 0x00000000cc100000|  0%| F|  |TAMS 0x00000000cc000000, 0x00000000cc000000| Untracked 
| 705|0x00000000cc100000, 0x00000000cc100000, 0x00000000cc200000|  0%| F|  |TAMS 0x00000000cc100000, 0x00000000cc100000| Untracked 
| 706|0x00000000cc200000, 0x00000000cc200000, 0x00000000cc300000|  0%| F|  |TAMS 0x00000000cc200000, 0x00000000cc200000| Untracked 
| 707|0x00000000cc300000, 0x00000000cc300000, 0x00000000cc400000|  0%| F|  |TAMS 0x00000000cc300000, 0x00000000cc300000| Untracked 
| 708|0x00000000cc400000, 0x00000000cc400000, 0x00000000cc500000|  0%| F|  |TAMS 0x00000000cc400000, 0x00000000cc400000| Untracked 
| 709|0x00000000cc500000, 0x00000000cc500000, 0x00000000cc600000|  0%| F|  |TAMS 0x00000000cc500000, 0x00000000cc500000| Untracked 
| 710|0x00000000cc600000, 0x00000000cc600000, 0x00000000cc700000|  0%| F|  |TAMS 0x00000000cc600000, 0x00000000cc600000| Untracked 
| 711|0x00000000cc700000, 0x00000000cc700000, 0x00000000cc800000|  0%| F|  |TAMS 0x00000000cc700000, 0x00000000cc700000| Untracked 
| 712|0x00000000cc800000, 0x00000000cc800000, 0x00000000cc900000|  0%| F|  |TAMS 0x00000000cc800000, 0x00000000cc800000| Untracked 
| 713|0x00000000cc900000, 0x00000000cc900000, 0x00000000cca00000|  0%| F|  |TAMS 0x00000000cc900000, 0x00000000cc900000| Untracked 
| 714|0x00000000cca00000, 0x00000000cca00000, 0x00000000ccb00000|  0%| F|  |TAMS 0x00000000cca00000, 0x00000000cca00000| Untracked 
| 715|0x00000000ccb00000, 0x00000000ccb00000, 0x00000000ccc00000|  0%| F|  |TAMS 0x00000000ccb00000, 0x00000000ccb00000| Untracked 
| 716|0x00000000ccc00000, 0x00000000ccc00000, 0x00000000ccd00000|  0%| F|  |TAMS 0x00000000ccc00000, 0x00000000ccc00000| Untracked 
| 717|0x00000000ccd00000, 0x00000000ccd00000, 0x00000000cce00000|  0%| F|  |TAMS 0x00000000ccd00000, 0x00000000ccd00000| Untracked 
| 718|0x00000000cce00000, 0x00000000cce00000, 0x00000000ccf00000|  0%| F|  |TAMS 0x00000000cce00000, 0x00000000cce00000| Untracked 
| 719|0x00000000ccf00000, 0x00000000ccf00000, 0x00000000cd000000|  0%| F|  |TAMS 0x00000000ccf00000, 0x00000000ccf00000| Untracked 
| 720|0x00000000cd000000, 0x00000000cd000000, 0x00000000cd100000|  0%| F|  |TAMS 0x00000000cd000000, 0x00000000cd000000| Untracked 
| 721|0x00000000cd100000, 0x00000000cd100000, 0x00000000cd200000|  0%| F|  |TAMS 0x00000000cd100000, 0x00000000cd100000| Untracked 
| 722|0x00000000cd200000, 0x00000000cd200000, 0x00000000cd300000|  0%| F|  |TAMS 0x00000000cd200000, 0x00000000cd200000| Untracked 
| 723|0x00000000cd300000, 0x00000000cd300000, 0x00000000cd400000|  0%| F|  |TAMS 0x00000000cd300000, 0x00000000cd300000| Untracked 
| 724|0x00000000cd400000, 0x00000000cd400000, 0x00000000cd500000|  0%| F|  |TAMS 0x00000000cd400000, 0x00000000cd400000| Untracked 
| 725|0x00000000cd500000, 0x00000000cd500000, 0x00000000cd600000|  0%| F|  |TAMS 0x00000000cd500000, 0x00000000cd500000| Untracked 
| 726|0x00000000cd600000, 0x00000000cd600000, 0x00000000cd700000|  0%| F|  |TAMS 0x00000000cd600000, 0x00000000cd600000| Untracked 
| 727|0x00000000cd700000, 0x00000000cd700000, 0x00000000cd800000|  0%| F|  |TAMS 0x00000000cd700000, 0x00000000cd700000| Untracked 
| 728|0x00000000cd800000, 0x00000000cd800000, 0x00000000cd900000|  0%| F|  |TAMS 0x00000000cd800000, 0x00000000cd800000| Untracked 
| 729|0x00000000cd900000, 0x00000000cd900000, 0x00000000cda00000|  0%| F|  |TAMS 0x00000000cd900000, 0x00000000cd900000| Untracked 
| 730|0x00000000cda00000, 0x00000000cda00000, 0x00000000cdb00000|  0%| F|  |TAMS 0x00000000cda00000, 0x00000000cda00000| Untracked 
| 731|0x00000000cdb00000, 0x00000000cdb00000, 0x00000000cdc00000|  0%| F|  |TAMS 0x00000000cdb00000, 0x00000000cdb00000| Untracked 
| 732|0x00000000cdc00000, 0x00000000cdc00000, 0x00000000cdd00000|  0%| F|  |TAMS 0x00000000cdc00000, 0x00000000cdc00000| Untracked 
| 733|0x00000000cdd00000, 0x00000000cdd00000, 0x00000000cde00000|  0%| F|  |TAMS 0x00000000cdd00000, 0x00000000cdd00000| Untracked 
| 734|0x00000000cde00000, 0x00000000cde00000, 0x00000000cdf00000|  0%| F|  |TAMS 0x00000000cde00000, 0x00000000cde00000| Untracked 
| 735|0x00000000cdf00000, 0x00000000cdf00000, 0x00000000ce000000|  0%| F|  |TAMS 0x00000000cdf00000, 0x00000000cdf00000| Untracked 
| 736|0x00000000ce000000, 0x00000000ce000000, 0x00000000ce100000|  0%| F|  |TAMS 0x00000000ce000000, 0x00000000ce000000| Untracked 
| 737|0x00000000ce100000, 0x00000000ce100000, 0x00000000ce200000|  0%| F|  |TAMS 0x00000000ce100000, 0x00000000ce100000| Untracked 
| 738|0x00000000ce200000, 0x00000000ce200000, 0x00000000ce300000|  0%| F|  |TAMS 0x00000000ce200000, 0x00000000ce200000| Untracked 
| 739|0x00000000ce300000, 0x00000000ce300000, 0x00000000ce400000|  0%| F|  |TAMS 0x00000000ce300000, 0x00000000ce300000| Untracked 
| 740|0x00000000ce400000, 0x00000000ce400000, 0x00000000ce500000|  0%| F|  |TAMS 0x00000000ce400000, 0x00000000ce400000| Untracked 
| 741|0x00000000ce500000, 0x00000000ce500000, 0x00000000ce600000|  0%| F|  |TAMS 0x00000000ce500000, 0x00000000ce500000| Untracked 
| 742|0x00000000ce600000, 0x00000000ce600000, 0x00000000ce700000|  0%| F|  |TAMS 0x00000000ce600000, 0x00000000ce600000| Untracked 
| 743|0x00000000ce700000, 0x00000000ce700000, 0x00000000ce800000|  0%| F|  |TAMS 0x00000000ce700000, 0x00000000ce700000| Untracked 
| 744|0x00000000ce800000, 0x00000000ce800000, 0x00000000ce900000|  0%| F|  |TAMS 0x00000000ce800000, 0x00000000ce800000| Untracked 
| 745|0x00000000ce900000, 0x00000000ce900000, 0x00000000cea00000|  0%| F|  |TAMS 0x00000000ce900000, 0x00000000ce900000| Untracked 
| 746|0x00000000cea00000, 0x00000000cea00000, 0x00000000ceb00000|  0%| F|  |TAMS 0x00000000cea00000, 0x00000000cea00000| Untracked 
| 747|0x00000000ceb00000, 0x00000000ceb00000, 0x00000000cec00000|  0%| F|  |TAMS 0x00000000ceb00000, 0x00000000ceb00000| Untracked 
| 748|0x00000000cec00000, 0x00000000cec00000, 0x00000000ced00000|  0%| F|  |TAMS 0x00000000cec00000, 0x00000000cec00000| Untracked 
| 749|0x00000000ced00000, 0x00000000ced00000, 0x00000000cee00000|  0%| F|  |TAMS 0x00000000ced00000, 0x00000000ced00000| Untracked 
| 750|0x00000000cee00000, 0x00000000cee00000, 0x00000000cef00000|  0%| F|  |TAMS 0x00000000cee00000, 0x00000000cee00000| Untracked 
| 751|0x00000000cef00000, 0x00000000cef00000, 0x00000000cf000000|  0%| F|  |TAMS 0x00000000cef00000, 0x00000000cef00000| Untracked 
| 752|0x00000000cf000000, 0x00000000cf000000, 0x00000000cf100000|  0%| F|  |TAMS 0x00000000cf000000, 0x00000000cf000000| Untracked 
| 753|0x00000000cf100000, 0x00000000cf100000, 0x00000000cf200000|  0%| F|  |TAMS 0x00000000cf100000, 0x00000000cf100000| Untracked 
| 754|0x00000000cf200000, 0x00000000cf200000, 0x00000000cf300000|  0%| F|  |TAMS 0x00000000cf200000, 0x00000000cf200000| Untracked 
| 755|0x00000000cf300000, 0x00000000cf300000, 0x00000000cf400000|  0%| F|  |TAMS 0x00000000cf300000, 0x00000000cf300000| Untracked 
| 756|0x00000000cf400000, 0x00000000cf400000, 0x00000000cf500000|  0%| F|  |TAMS 0x00000000cf400000, 0x00000000cf400000| Untracked 
| 757|0x00000000cf500000, 0x00000000cf500000, 0x00000000cf600000|  0%| F|  |TAMS 0x00000000cf500000, 0x00000000cf500000| Untracked 
| 758|0x00000000cf600000, 0x00000000cf600000, 0x00000000cf700000|  0%| F|  |TAMS 0x00000000cf600000, 0x00000000cf600000| Untracked 
| 759|0x00000000cf700000, 0x00000000cf700000, 0x00000000cf800000|  0%| F|  |TAMS 0x00000000cf700000, 0x00000000cf700000| Untracked 
| 760|0x00000000cf800000, 0x00000000cf800000, 0x00000000cf900000|  0%| F|  |TAMS 0x00000000cf800000, 0x00000000cf800000| Untracked 
| 761|0x00000000cf900000, 0x00000000cf900000, 0x00000000cfa00000|  0%| F|  |TAMS 0x00000000cf900000, 0x00000000cf900000| Untracked 
| 762|0x00000000cfa00000, 0x00000000cfa00000, 0x00000000cfb00000|  0%| F|  |TAMS 0x00000000cfa00000, 0x00000000cfa00000| Untracked 
| 763|0x00000000cfb00000, 0x00000000cfb00000, 0x00000000cfc00000|  0%| F|  |TAMS 0x00000000cfb00000, 0x00000000cfb00000| Untracked 
| 764|0x00000000cfc00000, 0x00000000cfc00000, 0x00000000cfd00000|  0%| F|  |TAMS 0x00000000cfc00000, 0x00000000cfc00000| Untracked 
| 765|0x00000000cfd00000, 0x00000000cfd00000, 0x00000000cfe00000|  0%| F|  |TAMS 0x00000000cfd00000, 0x00000000cfd00000| Untracked 
| 766|0x00000000cfe00000, 0x00000000cfe00000, 0x00000000cff00000|  0%| F|  |TAMS 0x00000000cfe00000, 0x00000000cfe00000| Untracked 
| 767|0x00000000cff00000, 0x00000000cff00000, 0x00000000d0000000|  0%| F|  |TAMS 0x00000000cff00000, 0x00000000cff00000| Untracked 
| 768|0x00000000d0000000, 0x00000000d0000000, 0x00000000d0100000|  0%| F|  |TAMS 0x00000000d0000000, 0x00000000d0000000| Untracked 
| 769|0x00000000d0100000, 0x00000000d0100000, 0x00000000d0200000|  0%| F|  |TAMS 0x00000000d0100000, 0x00000000d0100000| Untracked 
| 770|0x00000000d0200000, 0x00000000d0200000, 0x00000000d0300000|  0%| F|  |TAMS 0x00000000d0200000, 0x00000000d0200000| Untracked 
| 771|0x00000000d0300000, 0x00000000d0300000, 0x00000000d0400000|  0%| F|  |TAMS 0x00000000d0300000, 0x00000000d0300000| Untracked 
| 772|0x00000000d0400000, 0x00000000d0400000, 0x00000000d0500000|  0%| F|  |TAMS 0x00000000d0400000, 0x00000000d0400000| Untracked 
| 773|0x00000000d0500000, 0x00000000d0500000, 0x00000000d0600000|  0%| F|  |TAMS 0x00000000d0500000, 0x00000000d0500000| Untracked 
| 774|0x00000000d0600000, 0x00000000d0600000, 0x00000000d0700000|  0%| F|  |TAMS 0x00000000d0600000, 0x00000000d0600000| Untracked 
| 775|0x00000000d0700000, 0x00000000d0700000, 0x00000000d0800000|  0%| F|  |TAMS 0x00000000d0700000, 0x00000000d0700000| Untracked 
| 776|0x00000000d0800000, 0x00000000d0800000, 0x00000000d0900000|  0%| F|  |TAMS 0x00000000d0800000, 0x00000000d0800000| Untracked 
| 777|0x00000000d0900000, 0x00000000d0900000, 0x00000000d0a00000|  0%| F|  |TAMS 0x00000000d0900000, 0x00000000d0900000| Untracked 
| 778|0x00000000d0a00000, 0x00000000d0a00000, 0x00000000d0b00000|  0%| F|  |TAMS 0x00000000d0a00000, 0x00000000d0a00000| Untracked 
| 779|0x00000000d0b00000, 0x00000000d0b00000, 0x00000000d0c00000|  0%| F|  |TAMS 0x00000000d0b00000, 0x00000000d0b00000| Untracked 
| 780|0x00000000d0c00000, 0x00000000d0c00000, 0x00000000d0d00000|  0%| F|  |TAMS 0x00000000d0c00000, 0x00000000d0c00000| Untracked 
| 781|0x00000000d0d00000, 0x00000000d0d00000, 0x00000000d0e00000|  0%| F|  |TAMS 0x00000000d0d00000, 0x00000000d0d00000| Untracked 
| 782|0x00000000d0e00000, 0x00000000d0e00000, 0x00000000d0f00000|  0%| F|  |TAMS 0x00000000d0e00000, 0x00000000d0e00000| Untracked 
| 783|0x00000000d0f00000, 0x00000000d0f00000, 0x00000000d1000000|  0%| F|  |TAMS 0x00000000d0f00000, 0x00000000d0f00000| Untracked 
| 784|0x00000000d1000000, 0x00000000d1000000, 0x00000000d1100000|  0%| F|  |TAMS 0x00000000d1000000, 0x00000000d1000000| Untracked 
| 785|0x00000000d1100000, 0x00000000d1100000, 0x00000000d1200000|  0%| F|  |TAMS 0x00000000d1100000, 0x00000000d1100000| Untracked 
| 786|0x00000000d1200000, 0x00000000d1200000, 0x00000000d1300000|  0%| F|  |TAMS 0x00000000d1200000, 0x00000000d1200000| Untracked 
| 787|0x00000000d1300000, 0x00000000d1300000, 0x00000000d1400000|  0%| F|  |TAMS 0x00000000d1300000, 0x00000000d1300000| Untracked 
| 788|0x00000000d1400000, 0x00000000d1400000, 0x00000000d1500000|  0%| F|  |TAMS 0x00000000d1400000, 0x00000000d1400000| Untracked 
| 789|0x00000000d1500000, 0x00000000d1500000, 0x00000000d1600000|  0%| F|  |TAMS 0x00000000d1500000, 0x00000000d1500000| Untracked 
| 790|0x00000000d1600000, 0x00000000d1600000, 0x00000000d1700000|  0%| F|  |TAMS 0x00000000d1600000, 0x00000000d1600000| Untracked 
| 791|0x00000000d1700000, 0x00000000d1700000, 0x00000000d1800000|  0%| F|  |TAMS 0x00000000d1700000, 0x00000000d1700000| Untracked 
| 792|0x00000000d1800000, 0x00000000d1800000, 0x00000000d1900000|  0%| F|  |TAMS 0x00000000d1800000, 0x00000000d1800000| Untracked 
| 793|0x00000000d1900000, 0x00000000d1900000, 0x00000000d1a00000|  0%| F|  |TAMS 0x00000000d1900000, 0x00000000d1900000| Untracked 
| 794|0x00000000d1a00000, 0x00000000d1a00000, 0x00000000d1b00000|  0%| F|  |TAMS 0x00000000d1a00000, 0x00000000d1a00000| Untracked 
| 795|0x00000000d1b00000, 0x00000000d1b00000, 0x00000000d1c00000|  0%| F|  |TAMS 0x00000000d1b00000, 0x00000000d1b00000| Untracked 
| 796|0x00000000d1c00000, 0x00000000d1c00000, 0x00000000d1d00000|  0%| F|  |TAMS 0x00000000d1c00000, 0x00000000d1c00000| Untracked 
| 797|0x00000000d1d00000, 0x00000000d1d00000, 0x00000000d1e00000|  0%| F|  |TAMS 0x00000000d1d00000, 0x00000000d1d00000| Untracked 
| 798|0x00000000d1e00000, 0x00000000d1e00000, 0x00000000d1f00000|  0%| F|  |TAMS 0x00000000d1e00000, 0x00000000d1e00000| Untracked 
| 799|0x00000000d1f00000, 0x00000000d1f00000, 0x00000000d2000000|  0%| F|  |TAMS 0x00000000d1f00000, 0x00000000d1f00000| Untracked 
| 800|0x00000000d2000000, 0x00000000d2000000, 0x00000000d2100000|  0%| F|  |TAMS 0x00000000d2000000, 0x00000000d2000000| Untracked 
| 801|0x00000000d2100000, 0x00000000d2100000, 0x00000000d2200000|  0%| F|  |TAMS 0x00000000d2100000, 0x00000000d2100000| Untracked 
| 802|0x00000000d2200000, 0x00000000d2200000, 0x00000000d2300000|  0%| F|  |TAMS 0x00000000d2200000, 0x00000000d2200000| Untracked 
| 803|0x00000000d2300000, 0x00000000d2300000, 0x00000000d2400000|  0%| F|  |TAMS 0x00000000d2300000, 0x00000000d2300000| Untracked 
| 804|0x00000000d2400000, 0x00000000d2400000, 0x00000000d2500000|  0%| F|  |TAMS 0x00000000d2400000, 0x00000000d2400000| Untracked 
| 805|0x00000000d2500000, 0x00000000d2500000, 0x00000000d2600000|  0%| F|  |TAMS 0x00000000d2500000, 0x00000000d2500000| Untracked 
| 806|0x00000000d2600000, 0x00000000d2600000, 0x00000000d2700000|  0%| F|  |TAMS 0x00000000d2600000, 0x00000000d2600000| Untracked 
| 807|0x00000000d2700000, 0x00000000d2700000, 0x00000000d2800000|  0%| F|  |TAMS 0x00000000d2700000, 0x00000000d2700000| Untracked 
| 808|0x00000000d2800000, 0x00000000d2800000, 0x00000000d2900000|  0%| F|  |TAMS 0x00000000d2800000, 0x00000000d2800000| Untracked 
| 809|0x00000000d2900000, 0x00000000d2900000, 0x00000000d2a00000|  0%| F|  |TAMS 0x00000000d2900000, 0x00000000d2900000| Untracked 
| 810|0x00000000d2a00000, 0x00000000d2a00000, 0x00000000d2b00000|  0%| F|  |TAMS 0x00000000d2a00000, 0x00000000d2a00000| Untracked 
| 811|0x00000000d2b00000, 0x00000000d2b00000, 0x00000000d2c00000|  0%| F|  |TAMS 0x00000000d2b00000, 0x00000000d2b00000| Untracked 
| 812|0x00000000d2c00000, 0x00000000d2c00000, 0x00000000d2d00000|  0%| F|  |TAMS 0x00000000d2c00000, 0x00000000d2c00000| Untracked 
| 813|0x00000000d2d00000, 0x00000000d2d00000, 0x00000000d2e00000|  0%| F|  |TAMS 0x00000000d2d00000, 0x00000000d2d00000| Untracked 
| 814|0x00000000d2e00000, 0x00000000d2e00000, 0x00000000d2f00000|  0%| F|  |TAMS 0x00000000d2e00000, 0x00000000d2e00000| Untracked 
| 815|0x00000000d2f00000, 0x00000000d2f00000, 0x00000000d3000000|  0%| F|  |TAMS 0x00000000d2f00000, 0x00000000d2f00000| Untracked 
| 816|0x00000000d3000000, 0x00000000d3000000, 0x00000000d3100000|  0%| F|  |TAMS 0x00000000d3000000, 0x00000000d3000000| Untracked 
| 817|0x00000000d3100000, 0x00000000d3100000, 0x00000000d3200000|  0%| F|  |TAMS 0x00000000d3100000, 0x00000000d3100000| Untracked 
| 818|0x00000000d3200000, 0x00000000d3200000, 0x00000000d3300000|  0%| F|  |TAMS 0x00000000d3200000, 0x00000000d3200000| Untracked 
| 819|0x00000000d3300000, 0x00000000d3300000, 0x00000000d3400000|  0%| F|  |TAMS 0x00000000d3300000, 0x00000000d3300000| Untracked 
| 820|0x00000000d3400000, 0x00000000d3400000, 0x00000000d3500000|  0%| F|  |TAMS 0x00000000d3400000, 0x00000000d3400000| Untracked 
| 821|0x00000000d3500000, 0x00000000d3500000, 0x00000000d3600000|  0%| F|  |TAMS 0x00000000d3500000, 0x00000000d3500000| Untracked 
| 822|0x00000000d3600000, 0x00000000d3600000, 0x00000000d3700000|  0%| F|  |TAMS 0x00000000d3600000, 0x00000000d3600000| Untracked 
| 823|0x00000000d3700000, 0x00000000d3700000, 0x00000000d3800000|  0%| F|  |TAMS 0x00000000d3700000, 0x00000000d3700000| Untracked 
| 824|0x00000000d3800000, 0x00000000d3800000, 0x00000000d3900000|  0%| F|  |TAMS 0x00000000d3800000, 0x00000000d3800000| Untracked 
| 825|0x00000000d3900000, 0x00000000d3900000, 0x00000000d3a00000|  0%| F|  |TAMS 0x00000000d3900000, 0x00000000d3900000| Untracked 
| 826|0x00000000d3a00000, 0x00000000d3a00000, 0x00000000d3b00000|  0%| F|  |TAMS 0x00000000d3a00000, 0x00000000d3a00000| Untracked 
| 827|0x00000000d3b00000, 0x00000000d3b00000, 0x00000000d3c00000|  0%| F|  |TAMS 0x00000000d3b00000, 0x00000000d3b00000| Untracked 
| 828|0x00000000d3c00000, 0x00000000d3c00000, 0x00000000d3d00000|  0%| F|  |TAMS 0x00000000d3c00000, 0x00000000d3c00000| Untracked 
| 829|0x00000000d3d00000, 0x00000000d3d00000, 0x00000000d3e00000|  0%| F|  |TAMS 0x00000000d3d00000, 0x00000000d3d00000| Untracked 
| 830|0x00000000d3e00000, 0x00000000d3e00000, 0x00000000d3f00000|  0%| F|  |TAMS 0x00000000d3e00000, 0x00000000d3e00000| Untracked 
| 831|0x00000000d3f00000, 0x00000000d3f00000, 0x00000000d4000000|  0%| F|  |TAMS 0x00000000d3f00000, 0x00000000d3f00000| Untracked 
| 832|0x00000000d4000000, 0x00000000d4000000, 0x00000000d4100000|  0%| F|  |TAMS 0x00000000d4000000, 0x00000000d4000000| Untracked 
| 833|0x00000000d4100000, 0x00000000d4100000, 0x00000000d4200000|  0%| F|  |TAMS 0x00000000d4100000, 0x00000000d4100000| Untracked 
| 834|0x00000000d4200000, 0x00000000d4200000, 0x00000000d4300000|  0%| F|  |TAMS 0x00000000d4200000, 0x00000000d4200000| Untracked 
| 835|0x00000000d4300000, 0x00000000d4300000, 0x00000000d4400000|  0%| F|  |TAMS 0x00000000d4300000, 0x00000000d4300000| Untracked 
| 836|0x00000000d4400000, 0x00000000d4400000, 0x00000000d4500000|  0%| F|  |TAMS 0x00000000d4400000, 0x00000000d4400000| Untracked 
| 837|0x00000000d4500000, 0x00000000d4500000, 0x00000000d4600000|  0%| F|  |TAMS 0x00000000d4500000, 0x00000000d4500000| Untracked 
| 838|0x00000000d4600000, 0x00000000d4600000, 0x00000000d4700000|  0%| F|  |TAMS 0x00000000d4600000, 0x00000000d4600000| Untracked 
| 839|0x00000000d4700000, 0x00000000d4700000, 0x00000000d4800000|  0%| F|  |TAMS 0x00000000d4700000, 0x00000000d4700000| Untracked 
| 840|0x00000000d4800000, 0x00000000d4800000, 0x00000000d4900000|  0%| F|  |TAMS 0x00000000d4800000, 0x00000000d4800000| Untracked 
| 841|0x00000000d4900000, 0x00000000d4900000, 0x00000000d4a00000|  0%| F|  |TAMS 0x00000000d4900000, 0x00000000d4900000| Untracked 
| 842|0x00000000d4a00000, 0x00000000d4a00000, 0x00000000d4b00000|  0%| F|  |TAMS 0x00000000d4a00000, 0x00000000d4a00000| Untracked 
| 843|0x00000000d4b00000, 0x00000000d4b00000, 0x00000000d4c00000|  0%| F|  |TAMS 0x00000000d4b00000, 0x00000000d4b00000| Untracked 
| 844|0x00000000d4c00000, 0x00000000d4c00000, 0x00000000d4d00000|  0%| F|  |TAMS 0x00000000d4c00000, 0x00000000d4c00000| Untracked 
| 845|0x00000000d4d00000, 0x00000000d4d00000, 0x00000000d4e00000|  0%| F|  |TAMS 0x00000000d4d00000, 0x00000000d4d00000| Untracked 
| 846|0x00000000d4e00000, 0x00000000d4e00000, 0x00000000d4f00000|  0%| F|  |TAMS 0x00000000d4e00000, 0x00000000d4e00000| Untracked 
| 847|0x00000000d4f00000, 0x00000000d4f00000, 0x00000000d5000000|  0%| F|  |TAMS 0x00000000d4f00000, 0x00000000d4f00000| Untracked 
| 848|0x00000000d5000000, 0x00000000d5000000, 0x00000000d5100000|  0%| F|  |TAMS 0x00000000d5000000, 0x00000000d5000000| Untracked 
| 849|0x00000000d5100000, 0x00000000d5100000, 0x00000000d5200000|  0%| F|  |TAMS 0x00000000d5100000, 0x00000000d5100000| Untracked 
| 850|0x00000000d5200000, 0x00000000d5200000, 0x00000000d5300000|  0%| F|  |TAMS 0x00000000d5200000, 0x00000000d5200000| Untracked 
| 851|0x00000000d5300000, 0x00000000d5300000, 0x00000000d5400000|  0%| F|  |TAMS 0x00000000d5300000, 0x00000000d5300000| Untracked 
| 852|0x00000000d5400000, 0x00000000d5400000, 0x00000000d5500000|  0%| F|  |TAMS 0x00000000d5400000, 0x00000000d5400000| Untracked 
| 853|0x00000000d5500000, 0x00000000d5500000, 0x00000000d5600000|  0%| F|  |TAMS 0x00000000d5500000, 0x00000000d5500000| Untracked 
| 854|0x00000000d5600000, 0x00000000d5600000, 0x00000000d5700000|  0%| F|  |TAMS 0x00000000d5600000, 0x00000000d5600000| Untracked 
| 855|0x00000000d5700000, 0x00000000d5700000, 0x00000000d5800000|  0%| F|  |TAMS 0x00000000d5700000, 0x00000000d5700000| Untracked 
| 856|0x00000000d5800000, 0x00000000d5800000, 0x00000000d5900000|  0%| F|  |TAMS 0x00000000d5800000, 0x00000000d5800000| Untracked 
| 857|0x00000000d5900000, 0x00000000d5900000, 0x00000000d5a00000|  0%| F|  |TAMS 0x00000000d5900000, 0x00000000d5900000| Untracked 
| 858|0x00000000d5a00000, 0x00000000d5a00000, 0x00000000d5b00000|  0%| F|  |TAMS 0x00000000d5a00000, 0x00000000d5a00000| Untracked 
| 859|0x00000000d5b00000, 0x00000000d5b00000, 0x00000000d5c00000|  0%| F|  |TAMS 0x00000000d5b00000, 0x00000000d5b00000| Untracked 
| 860|0x00000000d5c00000, 0x00000000d5c00000, 0x00000000d5d00000|  0%| F|  |TAMS 0x00000000d5c00000, 0x00000000d5c00000| Untracked 
| 861|0x00000000d5d00000, 0x00000000d5d00000, 0x00000000d5e00000|  0%| F|  |TAMS 0x00000000d5d00000, 0x00000000d5d00000| Untracked 
| 862|0x00000000d5e00000, 0x00000000d5e00000, 0x00000000d5f00000|  0%| F|  |TAMS 0x00000000d5e00000, 0x00000000d5e00000| Untracked 
| 863|0x00000000d5f00000, 0x00000000d5f00000, 0x00000000d6000000|  0%| F|  |TAMS 0x00000000d5f00000, 0x00000000d5f00000| Untracked 
| 864|0x00000000d6000000, 0x00000000d6000000, 0x00000000d6100000|  0%| F|  |TAMS 0x00000000d6000000, 0x00000000d6000000| Untracked 
| 865|0x00000000d6100000, 0x00000000d6100000, 0x00000000d6200000|  0%| F|  |TAMS 0x00000000d6100000, 0x00000000d6100000| Untracked 
| 866|0x00000000d6200000, 0x00000000d6200000, 0x00000000d6300000|  0%| F|  |TAMS 0x00000000d6200000, 0x00000000d6200000| Untracked 
| 867|0x00000000d6300000, 0x00000000d6300000, 0x00000000d6400000|  0%| F|  |TAMS 0x00000000d6300000, 0x00000000d6300000| Untracked 
| 868|0x00000000d6400000, 0x00000000d6400000, 0x00000000d6500000|  0%| F|  |TAMS 0x00000000d6400000, 0x00000000d6400000| Untracked 
| 869|0x00000000d6500000, 0x00000000d6500000, 0x00000000d6600000|  0%| F|  |TAMS 0x00000000d6500000, 0x00000000d6500000| Untracked 
| 870|0x00000000d6600000, 0x00000000d6600000, 0x00000000d6700000|  0%| F|  |TAMS 0x00000000d6600000, 0x00000000d6600000| Untracked 
| 871|0x00000000d6700000, 0x00000000d6700000, 0x00000000d6800000|  0%| F|  |TAMS 0x00000000d6700000, 0x00000000d6700000| Untracked 
| 872|0x00000000d6800000, 0x00000000d6800000, 0x00000000d6900000|  0%| F|  |TAMS 0x00000000d6800000, 0x00000000d6800000| Untracked 
| 873|0x00000000d6900000, 0x00000000d6900000, 0x00000000d6a00000|  0%| F|  |TAMS 0x00000000d6900000, 0x00000000d6900000| Untracked 
| 874|0x00000000d6a00000, 0x00000000d6a00000, 0x00000000d6b00000|  0%| F|  |TAMS 0x00000000d6a00000, 0x00000000d6a00000| Untracked 
| 875|0x00000000d6b00000, 0x00000000d6b00000, 0x00000000d6c00000|  0%| F|  |TAMS 0x00000000d6b00000, 0x00000000d6b00000| Untracked 
| 876|0x00000000d6c00000, 0x00000000d6c00000, 0x00000000d6d00000|  0%| F|  |TAMS 0x00000000d6c00000, 0x00000000d6c00000| Untracked 
| 877|0x00000000d6d00000, 0x00000000d6d00000, 0x00000000d6e00000|  0%| F|  |TAMS 0x00000000d6d00000, 0x00000000d6d00000| Untracked 
| 878|0x00000000d6e00000, 0x00000000d6e00000, 0x00000000d6f00000|  0%| F|  |TAMS 0x00000000d6e00000, 0x00000000d6e00000| Untracked 
| 879|0x00000000d6f00000, 0x00000000d6f00000, 0x00000000d7000000|  0%| F|  |TAMS 0x00000000d6f00000, 0x00000000d6f00000| Untracked 
| 880|0x00000000d7000000, 0x00000000d7000000, 0x00000000d7100000|  0%| F|  |TAMS 0x00000000d7000000, 0x00000000d7000000| Untracked 
| 881|0x00000000d7100000, 0x00000000d7100000, 0x00000000d7200000|  0%| F|  |TAMS 0x00000000d7100000, 0x00000000d7100000| Untracked 
| 882|0x00000000d7200000, 0x00000000d7200000, 0x00000000d7300000|  0%| F|  |TAMS 0x00000000d7200000, 0x00000000d7200000| Untracked 
| 883|0x00000000d7300000, 0x00000000d7300000, 0x00000000d7400000|  0%| F|  |TAMS 0x00000000d7300000, 0x00000000d7300000| Untracked 
| 884|0x00000000d7400000, 0x00000000d7400000, 0x00000000d7500000|  0%| F|  |TAMS 0x00000000d7400000, 0x00000000d7400000| Untracked 
| 885|0x00000000d7500000, 0x00000000d7500000, 0x00000000d7600000|  0%| F|  |TAMS 0x00000000d7500000, 0x00000000d7500000| Untracked 
| 886|0x00000000d7600000, 0x00000000d7600000, 0x00000000d7700000|  0%| F|  |TAMS 0x00000000d7600000, 0x00000000d7600000| Untracked 
| 887|0x00000000d7700000, 0x00000000d7700000, 0x00000000d7800000|  0%| F|  |TAMS 0x00000000d7700000, 0x00000000d7700000| Untracked 
| 888|0x00000000d7800000, 0x00000000d7800000, 0x00000000d7900000|  0%| F|  |TAMS 0x00000000d7800000, 0x00000000d7800000| Untracked 
| 889|0x00000000d7900000, 0x00000000d7900000, 0x00000000d7a00000|  0%| F|  |TAMS 0x00000000d7900000, 0x00000000d7900000| Untracked 
| 890|0x00000000d7a00000, 0x00000000d7a00000, 0x00000000d7b00000|  0%| F|  |TAMS 0x00000000d7a00000, 0x00000000d7a00000| Untracked 
| 891|0x00000000d7b00000, 0x00000000d7b00000, 0x00000000d7c00000|  0%| F|  |TAMS 0x00000000d7b00000, 0x00000000d7b00000| Untracked 
| 892|0x00000000d7c00000, 0x00000000d7c00000, 0x00000000d7d00000|  0%| F|  |TAMS 0x00000000d7c00000, 0x00000000d7c00000| Untracked 
| 893|0x00000000d7d00000, 0x00000000d7d00000, 0x00000000d7e00000|  0%| F|  |TAMS 0x00000000d7d00000, 0x00000000d7d00000| Untracked 
| 894|0x00000000d7e00000, 0x00000000d7e00000, 0x00000000d7f00000|  0%| F|  |TAMS 0x00000000d7e00000, 0x00000000d7e00000| Untracked 
| 895|0x00000000d7f00000, 0x00000000d7f00000, 0x00000000d8000000|  0%| F|  |TAMS 0x00000000d7f00000, 0x00000000d7f00000| Untracked 
| 896|0x00000000d8000000, 0x00000000d8000000, 0x00000000d8100000|  0%| F|  |TAMS 0x00000000d8000000, 0x00000000d8000000| Untracked 
| 897|0x00000000d8100000, 0x00000000d8100000, 0x00000000d8200000|  0%| F|  |TAMS 0x00000000d8100000, 0x00000000d8100000| Untracked 
| 898|0x00000000d8200000, 0x00000000d8200000, 0x00000000d8300000|  0%| F|  |TAMS 0x00000000d8200000, 0x00000000d8200000| Untracked 
| 899|0x00000000d8300000, 0x00000000d8300000, 0x00000000d8400000|  0%| F|  |TAMS 0x00000000d8300000, 0x00000000d8300000| Untracked 
| 900|0x00000000d8400000, 0x00000000d8400000, 0x00000000d8500000|  0%| F|  |TAMS 0x00000000d8400000, 0x00000000d8400000| Untracked 
| 901|0x00000000d8500000, 0x00000000d8500000, 0x00000000d8600000|  0%| F|  |TAMS 0x00000000d8500000, 0x00000000d8500000| Untracked 
| 902|0x00000000d8600000, 0x00000000d8600000, 0x00000000d8700000|  0%| F|  |TAMS 0x00000000d8600000, 0x00000000d8600000| Untracked 
| 903|0x00000000d8700000, 0x00000000d8700000, 0x00000000d8800000|  0%| F|  |TAMS 0x00000000d8700000, 0x00000000d8700000| Untracked 
| 904|0x00000000d8800000, 0x00000000d8800000, 0x00000000d8900000|  0%| F|  |TAMS 0x00000000d8800000, 0x00000000d8800000| Untracked 
| 905|0x00000000d8900000, 0x00000000d8900000, 0x00000000d8a00000|  0%| F|  |TAMS 0x00000000d8900000, 0x00000000d8900000| Untracked 
| 906|0x00000000d8a00000, 0x00000000d8a00000, 0x00000000d8b00000|  0%| F|  |TAMS 0x00000000d8a00000, 0x00000000d8a00000| Untracked 
| 907|0x00000000d8b00000, 0x00000000d8b00000, 0x00000000d8c00000|  0%| F|  |TAMS 0x00000000d8b00000, 0x00000000d8b00000| Untracked 
| 908|0x00000000d8c00000, 0x00000000d8c00000, 0x00000000d8d00000|  0%| F|  |TAMS 0x00000000d8c00000, 0x00000000d8c00000| Untracked 
| 909|0x00000000d8d00000, 0x00000000d8d00000, 0x00000000d8e00000|  0%| F|  |TAMS 0x00000000d8d00000, 0x00000000d8d00000| Untracked 
| 910|0x00000000d8e00000, 0x00000000d8e00000, 0x00000000d8f00000|  0%| F|  |TAMS 0x00000000d8e00000, 0x00000000d8e00000| Untracked 
| 911|0x00000000d8f00000, 0x00000000d8f00000, 0x00000000d9000000|  0%| F|  |TAMS 0x00000000d8f00000, 0x00000000d8f00000| Untracked 
| 912|0x00000000d9000000, 0x00000000d9000000, 0x00000000d9100000|  0%| F|  |TAMS 0x00000000d9000000, 0x00000000d9000000| Untracked 
| 913|0x00000000d9100000, 0x00000000d9100000, 0x00000000d9200000|  0%| F|  |TAMS 0x00000000d9100000, 0x00000000d9100000| Untracked 
| 914|0x00000000d9200000, 0x00000000d9200000, 0x00000000d9300000|  0%| F|  |TAMS 0x00000000d9200000, 0x00000000d9200000| Untracked 
| 915|0x00000000d9300000, 0x00000000d9300000, 0x00000000d9400000|  0%| F|  |TAMS 0x00000000d9300000, 0x00000000d9300000| Untracked 
| 916|0x00000000d9400000, 0x00000000d9400000, 0x00000000d9500000|  0%| F|  |TAMS 0x00000000d9400000, 0x00000000d9400000| Untracked 
| 917|0x00000000d9500000, 0x00000000d9500000, 0x00000000d9600000|  0%| F|  |TAMS 0x00000000d9500000, 0x00000000d9500000| Untracked 
| 918|0x00000000d9600000, 0x00000000d9600000, 0x00000000d9700000|  0%| F|  |TAMS 0x00000000d9600000, 0x00000000d9600000| Untracked 
| 919|0x00000000d9700000, 0x00000000d9700000, 0x00000000d9800000|  0%| F|  |TAMS 0x00000000d9700000, 0x00000000d9700000| Untracked 
| 920|0x00000000d9800000, 0x00000000d9800000, 0x00000000d9900000|  0%| F|  |TAMS 0x00000000d9800000, 0x00000000d9800000| Untracked 
| 921|0x00000000d9900000, 0x00000000d9900000, 0x00000000d9a00000|  0%| F|  |TAMS 0x00000000d9900000, 0x00000000d9900000| Untracked 
| 922|0x00000000d9a00000, 0x00000000d9a00000, 0x00000000d9b00000|  0%| F|  |TAMS 0x00000000d9a00000, 0x00000000d9a00000| Untracked 
| 923|0x00000000d9b00000, 0x00000000d9b00000, 0x00000000d9c00000|  0%| F|  |TAMS 0x00000000d9b00000, 0x00000000d9b00000| Untracked 
| 924|0x00000000d9c00000, 0x00000000d9c00000, 0x00000000d9d00000|  0%| F|  |TAMS 0x00000000d9c00000, 0x00000000d9c00000| Untracked 
| 925|0x00000000d9d00000, 0x00000000d9d00000, 0x00000000d9e00000|  0%| F|  |TAMS 0x00000000d9d00000, 0x00000000d9d00000| Untracked 
| 926|0x00000000d9e00000, 0x00000000d9e00000, 0x00000000d9f00000|  0%| F|  |TAMS 0x00000000d9e00000, 0x00000000d9e00000| Untracked 
| 927|0x00000000d9f00000, 0x00000000d9f00000, 0x00000000da000000|  0%| F|  |TAMS 0x00000000d9f00000, 0x00000000d9f00000| Untracked 
| 928|0x00000000da000000, 0x00000000da000000, 0x00000000da100000|  0%| F|  |TAMS 0x00000000da000000, 0x00000000da000000| Untracked 
| 929|0x00000000da100000, 0x00000000da100000, 0x00000000da200000|  0%| F|  |TAMS 0x00000000da100000, 0x00000000da100000| Untracked 
| 930|0x00000000da200000, 0x00000000da200000, 0x00000000da300000|  0%| F|  |TAMS 0x00000000da200000, 0x00000000da200000| Untracked 
| 931|0x00000000da300000, 0x00000000da300000, 0x00000000da400000|  0%| F|  |TAMS 0x00000000da300000, 0x00000000da300000| Untracked 
| 932|0x00000000da400000, 0x00000000da400000, 0x00000000da500000|  0%| F|  |TAMS 0x00000000da400000, 0x00000000da400000| Untracked 
| 933|0x00000000da500000, 0x00000000da500000, 0x00000000da600000|  0%| F|  |TAMS 0x00000000da500000, 0x00000000da500000| Untracked 
| 934|0x00000000da600000, 0x00000000da600000, 0x00000000da700000|  0%| F|  |TAMS 0x00000000da600000, 0x00000000da600000| Untracked 
| 935|0x00000000da700000, 0x00000000da700000, 0x00000000da800000|  0%| F|  |TAMS 0x00000000da700000, 0x00000000da700000| Untracked 
| 936|0x00000000da800000, 0x00000000da800000, 0x00000000da900000|  0%| F|  |TAMS 0x00000000da800000, 0x00000000da800000| Untracked 
| 937|0x00000000da900000, 0x00000000da900000, 0x00000000daa00000|  0%| F|  |TAMS 0x00000000da900000, 0x00000000da900000| Untracked 
| 938|0x00000000daa00000, 0x00000000daa00000, 0x00000000dab00000|  0%| F|  |TAMS 0x00000000daa00000, 0x00000000daa00000| Untracked 
| 939|0x00000000dab00000, 0x00000000dab00000, 0x00000000dac00000|  0%| F|  |TAMS 0x00000000dab00000, 0x00000000dab00000| Untracked 
| 940|0x00000000dac00000, 0x00000000dac00000, 0x00000000dad00000|  0%| F|  |TAMS 0x00000000dac00000, 0x00000000dac00000| Untracked 
| 941|0x00000000dad00000, 0x00000000dad00000, 0x00000000dae00000|  0%| F|  |TAMS 0x00000000dad00000, 0x00000000dad00000| Untracked 
| 942|0x00000000dae00000, 0x00000000dae00000, 0x00000000daf00000|  0%| F|  |TAMS 0x00000000dae00000, 0x00000000dae00000| Untracked 
| 943|0x00000000daf00000, 0x00000000daf00000, 0x00000000db000000|  0%| F|  |TAMS 0x00000000daf00000, 0x00000000daf00000| Untracked 
| 944|0x00000000db000000, 0x00000000db000000, 0x00000000db100000|  0%| F|  |TAMS 0x00000000db000000, 0x00000000db000000| Untracked 
| 945|0x00000000db100000, 0x00000000db100000, 0x00000000db200000|  0%| F|  |TAMS 0x00000000db100000, 0x00000000db100000| Untracked 
| 946|0x00000000db200000, 0x00000000db200000, 0x00000000db300000|  0%| F|  |TAMS 0x00000000db200000, 0x00000000db200000| Untracked 
| 947|0x00000000db300000, 0x00000000db300000, 0x00000000db400000|  0%| F|  |TAMS 0x00000000db300000, 0x00000000db300000| Untracked 
| 948|0x00000000db400000, 0x00000000db400000, 0x00000000db500000|  0%| F|  |TAMS 0x00000000db400000, 0x00000000db400000| Untracked 
| 949|0x00000000db500000, 0x00000000db500000, 0x00000000db600000|  0%| F|  |TAMS 0x00000000db500000, 0x00000000db500000| Untracked 
| 950|0x00000000db600000, 0x00000000db600000, 0x00000000db700000|  0%| F|  |TAMS 0x00000000db600000, 0x00000000db600000| Untracked 
| 951|0x00000000db700000, 0x00000000db700000, 0x00000000db800000|  0%| F|  |TAMS 0x00000000db700000, 0x00000000db700000| Untracked 
| 952|0x00000000db800000, 0x00000000db800000, 0x00000000db900000|  0%| F|  |TAMS 0x00000000db800000, 0x00000000db800000| Untracked 
| 953|0x00000000db900000, 0x00000000db900000, 0x00000000dba00000|  0%| F|  |TAMS 0x00000000db900000, 0x00000000db900000| Untracked 
| 954|0x00000000dba00000, 0x00000000dba00000, 0x00000000dbb00000|  0%| F|  |TAMS 0x00000000dba00000, 0x00000000dba00000| Untracked 
| 955|0x00000000dbb00000, 0x00000000dbb00000, 0x00000000dbc00000|  0%| F|  |TAMS 0x00000000dbb00000, 0x00000000dbb00000| Untracked 
| 956|0x00000000dbc00000, 0x00000000dbc00000, 0x00000000dbd00000|  0%| F|  |TAMS 0x00000000dbc00000, 0x00000000dbc00000| Untracked 
| 957|0x00000000dbd00000, 0x00000000dbe00000, 0x00000000dbe00000|100%| E|  |TAMS 0x00000000dbd00000, 0x00000000dbd00000| Complete 
| 958|0x00000000dbe00000, 0x00000000dbf00000, 0x00000000dbf00000|100%| E|CS|TAMS 0x00000000dbe00000, 0x00000000dbe00000| Complete 
| 959|0x00000000dbf00000, 0x00000000dc000000, 0x00000000dc000000|100%| E|CS|TAMS 0x00000000dbf00000, 0x00000000dbf00000| Complete 
| 960|0x00000000dc000000, 0x00000000dc100000, 0x00000000dc100000|100%| E|CS|TAMS 0x00000000dc000000, 0x00000000dc000000| Complete 
| 961|0x00000000dc100000, 0x00000000dc200000, 0x00000000dc200000|100%| E|CS|TAMS 0x00000000dc100000, 0x00000000dc100000| Complete 
| 962|0x00000000dc200000, 0x00000000dc300000, 0x00000000dc300000|100%| E|CS|TAMS 0x00000000dc200000, 0x00000000dc200000| Complete 
| 963|0x00000000dc300000, 0x00000000dc400000, 0x00000000dc400000|100%| E|CS|TAMS 0x00000000dc300000, 0x00000000dc300000| Complete 
| 964|0x00000000dc400000, 0x00000000dc500000, 0x00000000dc500000|100%| E|CS|TAMS 0x00000000dc400000, 0x00000000dc400000| Complete 
| 965|0x00000000dc500000, 0x00000000dc600000, 0x00000000dc600000|100%| E|CS|TAMS 0x00000000dc500000, 0x00000000dc500000| Complete 
| 966|0x00000000dc600000, 0x00000000dc700000, 0x00000000dc700000|100%| E|CS|TAMS 0x00000000dc600000, 0x00000000dc600000| Complete 
| 967|0x00000000dc700000, 0x00000000dc800000, 0x00000000dc800000|100%| E|CS|TAMS 0x00000000dc700000, 0x00000000dc700000| Complete 
| 968|0x00000000dc800000, 0x00000000dc900000, 0x00000000dc900000|100%| E|CS|TAMS 0x00000000dc800000, 0x00000000dc800000| Complete 
| 969|0x00000000dc900000, 0x00000000dca00000, 0x00000000dca00000|100%| E|  |TAMS 0x00000000dc900000, 0x00000000dc900000| Complete 
| 970|0x00000000dca00000, 0x00000000dcb00000, 0x00000000dcb00000|100%| E|CS|TAMS 0x00000000dca00000, 0x00000000dca00000| Complete 
| 971|0x00000000dcb00000, 0x00000000dcc00000, 0x00000000dcc00000|100%| E|CS|TAMS 0x00000000dcb00000, 0x00000000dcb00000| Complete 
| 972|0x00000000dcc00000, 0x00000000dcd00000, 0x00000000dcd00000|100%| E|CS|TAMS 0x00000000dcc00000, 0x00000000dcc00000| Complete 
| 973|0x00000000dcd00000, 0x00000000dce00000, 0x00000000dce00000|100%| E|CS|TAMS 0x00000000dcd00000, 0x00000000dcd00000| Complete 
| 974|0x00000000dce00000, 0x00000000dcf00000, 0x00000000dcf00000|100%| E|CS|TAMS 0x00000000dce00000, 0x00000000dce00000| Complete 
| 975|0x00000000dcf00000, 0x00000000dd000000, 0x00000000dd000000|100%| E|CS|TAMS 0x00000000dcf00000, 0x00000000dcf00000| Complete 
| 976|0x00000000dd000000, 0x00000000dd100000, 0x00000000dd100000|100%| E|CS|TAMS 0x00000000dd000000, 0x00000000dd000000| Complete 
| 977|0x00000000dd100000, 0x00000000dd200000, 0x00000000dd200000|100%| E|CS|TAMS 0x00000000dd100000, 0x00000000dd100000| Complete 
| 978|0x00000000dd200000, 0x00000000dd300000, 0x00000000dd300000|100%| E|CS|TAMS 0x00000000dd200000, 0x00000000dd200000| Complete 
| 979|0x00000000dd300000, 0x00000000dd400000, 0x00000000dd400000|100%| E|CS|TAMS 0x00000000dd300000, 0x00000000dd300000| Complete 
| 980|0x00000000dd400000, 0x00000000dd500000, 0x00000000dd500000|100%| E|CS|TAMS 0x00000000dd400000, 0x00000000dd400000| Complete 
| 981|0x00000000dd500000, 0x00000000dd600000, 0x00000000dd600000|100%| E|CS|TAMS 0x00000000dd500000, 0x00000000dd500000| Complete 
| 982|0x00000000dd600000, 0x00000000dd700000, 0x00000000dd700000|100%| E|CS|TAMS 0x00000000dd600000, 0x00000000dd600000| Complete 
| 983|0x00000000dd700000, 0x00000000dd800000, 0x00000000dd800000|100%| E|CS|TAMS 0x00000000dd700000, 0x00000000dd700000| Complete 
| 984|0x00000000dd800000, 0x00000000dd900000, 0x00000000dd900000|100%| E|CS|TAMS 0x00000000dd800000, 0x00000000dd800000| Complete 
| 985|0x00000000dd900000, 0x00000000dda00000, 0x00000000dda00000|100%| E|CS|TAMS 0x00000000dd900000, 0x00000000dd900000| Complete 
| 986|0x00000000dda00000, 0x00000000ddb00000, 0x00000000ddb00000|100%| E|CS|TAMS 0x00000000dda00000, 0x00000000dda00000| Complete 
| 987|0x00000000ddb00000, 0x00000000ddc00000, 0x00000000ddc00000|100%| E|CS|TAMS 0x00000000ddb00000, 0x00000000ddb00000| Complete 
| 988|0x00000000ddc00000, 0x00000000ddd00000, 0x00000000ddd00000|100%| E|CS|TAMS 0x00000000ddc00000, 0x00000000ddc00000| Complete 
| 989|0x00000000ddd00000, 0x00000000dde00000, 0x00000000dde00000|100%| E|CS|TAMS 0x00000000ddd00000, 0x00000000ddd00000| Complete 
| 990|0x00000000dde00000, 0x00000000ddf00000, 0x00000000ddf00000|100%| E|CS|TAMS 0x00000000dde00000, 0x00000000dde00000| Complete 
| 991|0x00000000ddf00000, 0x00000000de000000, 0x00000000de000000|100%| E|CS|TAMS 0x00000000ddf00000, 0x00000000ddf00000| Complete 
| 992|0x00000000de000000, 0x00000000de100000, 0x00000000de100000|100%| E|CS|TAMS 0x00000000de000000, 0x00000000de000000| Complete 
| 993|0x00000000de100000, 0x00000000de200000, 0x00000000de200000|100%| E|CS|TAMS 0x00000000de100000, 0x00000000de100000| Complete 
| 994|0x00000000de200000, 0x00000000de300000, 0x00000000de300000|100%| E|CS|TAMS 0x00000000de200000, 0x00000000de200000| Complete 
| 995|0x00000000de300000, 0x00000000de400000, 0x00000000de400000|100%| E|CS|TAMS 0x00000000de300000, 0x00000000de300000| Complete 
| 996|0x00000000de400000, 0x00000000de500000, 0x00000000de500000|100%| E|CS|TAMS 0x00000000de400000, 0x00000000de400000| Complete 
| 997|0x00000000de500000, 0x00000000de600000, 0x00000000de600000|100%| E|CS|TAMS 0x00000000de500000, 0x00000000de500000| Complete 
| 998|0x00000000de600000, 0x00000000de700000, 0x00000000de700000|100%| E|CS|TAMS 0x00000000de600000, 0x00000000de600000| Complete 
| 999|0x00000000de700000, 0x00000000de800000, 0x00000000de800000|100%| E|CS|TAMS 0x00000000de700000, 0x00000000de700000| Complete 
|1000|0x00000000de800000, 0x00000000de900000, 0x00000000de900000|100%| E|CS|TAMS 0x00000000de800000, 0x00000000de800000| Complete 
|1001|0x00000000de900000, 0x00000000dea00000, 0x00000000dea00000|100%| E|CS|TAMS 0x00000000de900000, 0x00000000de900000| Complete 
|1002|0x00000000dea00000, 0x00000000deb00000, 0x00000000deb00000|100%| E|CS|TAMS 0x00000000dea00000, 0x00000000dea00000| Complete 
|1003|0x00000000deb00000, 0x00000000dec00000, 0x00000000dec00000|100%| E|CS|TAMS 0x00000000deb00000, 0x00000000deb00000| Complete 
|1004|0x00000000dec00000, 0x00000000ded00000, 0x00000000ded00000|100%| E|CS|TAMS 0x00000000dec00000, 0x00000000dec00000| Complete 
|1005|0x00000000ded00000, 0x00000000dee00000, 0x00000000dee00000|100%| E|CS|TAMS 0x00000000ded00000, 0x00000000ded00000| Complete 
|1006|0x00000000dee00000, 0x00000000def00000, 0x00000000def00000|100%| E|CS|TAMS 0x00000000dee00000, 0x00000000dee00000| Complete 
|1007|0x00000000def00000, 0x00000000df000000, 0x00000000df000000|100%| E|CS|TAMS 0x00000000def00000, 0x00000000def00000| Complete 
|1008|0x00000000df000000, 0x00000000df100000, 0x00000000df100000|100%| E|CS|TAMS 0x00000000df000000, 0x00000000df000000| Complete 
|1009|0x00000000df100000, 0x00000000df200000, 0x00000000df200000|100%| E|CS|TAMS 0x00000000df100000, 0x00000000df100000| Complete 
|1010|0x00000000df200000, 0x00000000df300000, 0x00000000df300000|100%| E|CS|TAMS 0x00000000df200000, 0x00000000df200000| Complete 
|1011|0x00000000df300000, 0x00000000df400000, 0x00000000df400000|100%| E|CS|TAMS 0x00000000df300000, 0x00000000df300000| Complete 
|1012|0x00000000df400000, 0x00000000df500000, 0x00000000df500000|100%| E|CS|TAMS 0x00000000df400000, 0x00000000df400000| Complete 
|1013|0x00000000df500000, 0x00000000df600000, 0x00000000df600000|100%| E|CS|TAMS 0x00000000df500000, 0x00000000df500000| Complete 
|1014|0x00000000df600000, 0x00000000df700000, 0x00000000df700000|100%| E|CS|TAMS 0x00000000df600000, 0x00000000df600000| Complete 
|1015|0x00000000df700000, 0x00000000df800000, 0x00000000df800000|100%| E|CS|TAMS 0x00000000df700000, 0x00000000df700000| Complete 
|1016|0x00000000df800000, 0x00000000df900000, 0x00000000df900000|100%| E|CS|TAMS 0x00000000df800000, 0x00000000df800000| Complete 
|1017|0x00000000df900000, 0x00000000dfa00000, 0x00000000dfa00000|100%| E|CS|TAMS 0x00000000df900000, 0x00000000df900000| Complete 
|1018|0x00000000dfa00000, 0x00000000dfb00000, 0x00000000dfb00000|100%| E|CS|TAMS 0x00000000dfa00000, 0x00000000dfa00000| Complete 
|1019|0x00000000dfb00000, 0x00000000dfc00000, 0x00000000dfc00000|100%| E|CS|TAMS 0x00000000dfb00000, 0x00000000dfb00000| Complete 
|1020|0x00000000dfc00000, 0x00000000dfd00000, 0x00000000dfd00000|100%| E|CS|TAMS 0x00000000dfc00000, 0x00000000dfc00000| Complete 
|1021|0x00000000dfd00000, 0x00000000dfe00000, 0x00000000dfe00000|100%| E|CS|TAMS 0x00000000dfd00000, 0x00000000dfd00000| Complete 
|1022|0x00000000dfe00000, 0x00000000dff00000, 0x00000000dff00000|100%| E|CS|TAMS 0x00000000dfe00000, 0x00000000dfe00000| Complete 
|1023|0x00000000dff00000, 0x00000000e0000000, 0x00000000e0000000|100%| E|CS|TAMS 0x00000000dff00000, 0x00000000dff00000| Complete 
|1024|0x00000000e0000000, 0x00000000e0100000, 0x00000000e0100000|100%| E|CS|TAMS 0x00000000e0000000, 0x00000000e0000000| Complete 
|1025|0x00000000e0100000, 0x00000000e0200000, 0x00000000e0200000|100%| E|CS|TAMS 0x00000000e0100000, 0x00000000e0100000| Complete 
|1026|0x00000000e0200000, 0x00000000e0300000, 0x00000000e0300000|100%| E|CS|TAMS 0x00000000e0200000, 0x00000000e0200000| Complete 
|1027|0x00000000e0300000, 0x00000000e0400000, 0x00000000e0400000|100%| E|CS|TAMS 0x00000000e0300000, 0x00000000e0300000| Complete 
|1028|0x00000000e0400000, 0x00000000e0500000, 0x00000000e0500000|100%| E|CS|TAMS 0x00000000e0400000, 0x00000000e0400000| Complete 
|1029|0x00000000e0500000, 0x00000000e0600000, 0x00000000e0600000|100%| E|CS|TAMS 0x00000000e0500000, 0x00000000e0500000| Complete 
|1030|0x00000000e0600000, 0x00000000e0700000, 0x00000000e0700000|100%| E|CS|TAMS 0x00000000e0600000, 0x00000000e0600000| Complete 
|1031|0x00000000e0700000, 0x00000000e0800000, 0x00000000e0800000|100%| E|CS|TAMS 0x00000000e0700000, 0x00000000e0700000| Complete 
|1032|0x00000000e0800000, 0x00000000e0900000, 0x00000000e0900000|100%| E|CS|TAMS 0x00000000e0800000, 0x00000000e0800000| Complete 
|1033|0x00000000e0900000, 0x00000000e0a00000, 0x00000000e0a00000|100%| E|CS|TAMS 0x00000000e0900000, 0x00000000e0900000| Complete 
|1034|0x00000000e0a00000, 0x00000000e0b00000, 0x00000000e0b00000|100%| E|CS|TAMS 0x00000000e0a00000, 0x00000000e0a00000| Complete 
|1035|0x00000000e0b00000, 0x00000000e0c00000, 0x00000000e0c00000|100%| E|CS|TAMS 0x00000000e0b00000, 0x00000000e0b00000| Complete 
|1036|0x00000000e0c00000, 0x00000000e0d00000, 0x00000000e0d00000|100%| E|CS|TAMS 0x00000000e0c00000, 0x00000000e0c00000| Complete 
|1037|0x00000000e0d00000, 0x00000000e0e00000, 0x00000000e0e00000|100%| E|CS|TAMS 0x00000000e0d00000, 0x00000000e0d00000| Complete 
|1038|0x00000000e0e00000, 0x00000000e0f00000, 0x00000000e0f00000|100%| E|CS|TAMS 0x00000000e0e00000, 0x00000000e0e00000| Complete 
|1039|0x00000000e0f00000, 0x00000000e1000000, 0x00000000e1000000|100%| E|CS|TAMS 0x00000000e0f00000, 0x00000000e0f00000| Complete 
|1040|0x00000000e1000000, 0x00000000e1100000, 0x00000000e1100000|100%| E|CS|TAMS 0x00000000e1000000, 0x00000000e1000000| Complete 
|1041|0x00000000e1100000, 0x00000000e1200000, 0x00000000e1200000|100%| E|CS|TAMS 0x00000000e1100000, 0x00000000e1100000| Complete 
|1042|0x00000000e1200000, 0x00000000e1300000, 0x00000000e1300000|100%| E|CS|TAMS 0x00000000e1200000, 0x00000000e1200000| Complete 
|1043|0x00000000e1300000, 0x00000000e1400000, 0x00000000e1400000|100%| E|CS|TAMS 0x00000000e1300000, 0x00000000e1300000| Complete 
|1044|0x00000000e1400000, 0x00000000e1500000, 0x00000000e1500000|100%| E|CS|TAMS 0x00000000e1400000, 0x00000000e1400000| Complete 
|1045|0x00000000e1500000, 0x00000000e1600000, 0x00000000e1600000|100%| E|CS|TAMS 0x00000000e1500000, 0x00000000e1500000| Complete 
|1046|0x00000000e1600000, 0x00000000e1700000, 0x00000000e1700000|100%| E|CS|TAMS 0x00000000e1600000, 0x00000000e1600000| Complete 
|1047|0x00000000e1700000, 0x00000000e1800000, 0x00000000e1800000|100%| E|CS|TAMS 0x00000000e1700000, 0x00000000e1700000| Complete 
|1048|0x00000000e1800000, 0x00000000e1900000, 0x00000000e1900000|100%| E|CS|TAMS 0x00000000e1800000, 0x00000000e1800000| Complete 
|1049|0x00000000e1900000, 0x00000000e1a00000, 0x00000000e1a00000|100%| E|CS|TAMS 0x00000000e1900000, 0x00000000e1900000| Complete 
|1050|0x00000000e1a00000, 0x00000000e1b00000, 0x00000000e1b00000|100%| E|CS|TAMS 0x00000000e1a00000, 0x00000000e1a00000| Complete 
|1051|0x00000000e1b00000, 0x00000000e1c00000, 0x00000000e1c00000|100%| E|CS|TAMS 0x00000000e1b00000, 0x00000000e1b00000| Complete 
|1052|0x00000000e1c00000, 0x00000000e1d00000, 0x00000000e1d00000|100%| E|CS|TAMS 0x00000000e1c00000, 0x00000000e1c00000| Complete 
|1053|0x00000000e1d00000, 0x00000000e1e00000, 0x00000000e1e00000|100%| E|CS|TAMS 0x00000000e1d00000, 0x00000000e1d00000| Complete 
|1054|0x00000000e1e00000, 0x00000000e1f00000, 0x00000000e1f00000|100%| E|CS|TAMS 0x00000000e1e00000, 0x00000000e1e00000| Complete 
|1055|0x00000000e1f00000, 0x00000000e2000000, 0x00000000e2000000|100%| E|CS|TAMS 0x00000000e1f00000, 0x00000000e1f00000| Complete 
|1056|0x00000000e2000000, 0x00000000e2100000, 0x00000000e2100000|100%| E|CS|TAMS 0x00000000e2000000, 0x00000000e2000000| Complete 
|1057|0x00000000e2100000, 0x00000000e2200000, 0x00000000e2200000|100%| E|CS|TAMS 0x00000000e2100000, 0x00000000e2100000| Complete 
|1058|0x00000000e2200000, 0x00000000e2300000, 0x00000000e2300000|100%| E|CS|TAMS 0x00000000e2200000, 0x00000000e2200000| Complete 
|1059|0x00000000e2300000, 0x00000000e2400000, 0x00000000e2400000|100%| E|CS|TAMS 0x00000000e2300000, 0x00000000e2300000| Complete 
|1060|0x00000000e2400000, 0x00000000e2500000, 0x00000000e2500000|100%| E|CS|TAMS 0x00000000e2400000, 0x00000000e2400000| Complete 
|1061|0x00000000e2500000, 0x00000000e2600000, 0x00000000e2600000|100%| E|CS|TAMS 0x00000000e2500000, 0x00000000e2500000| Complete 
|1062|0x00000000e2600000, 0x00000000e2700000, 0x00000000e2700000|100%| E|CS|TAMS 0x00000000e2600000, 0x00000000e2600000| Complete 
|1063|0x00000000e2700000, 0x00000000e2800000, 0x00000000e2800000|100%| E|CS|TAMS 0x00000000e2700000, 0x00000000e2700000| Complete 
|1064|0x00000000e2800000, 0x00000000e2900000, 0x00000000e2900000|100%| E|CS|TAMS 0x00000000e2800000, 0x00000000e2800000| Complete 
|1065|0x00000000e2900000, 0x00000000e2a00000, 0x00000000e2a00000|100%| E|CS|TAMS 0x00000000e2900000, 0x00000000e2900000| Complete 
|1066|0x00000000e2a00000, 0x00000000e2b00000, 0x00000000e2b00000|100%| E|CS|TAMS 0x00000000e2a00000, 0x00000000e2a00000| Complete 
|1067|0x00000000e2b00000, 0x00000000e2c00000, 0x00000000e2c00000|100%| E|CS|TAMS 0x00000000e2b00000, 0x00000000e2b00000| Complete 
|1068|0x00000000e2c00000, 0x00000000e2d00000, 0x00000000e2d00000|100%| E|CS|TAMS 0x00000000e2c00000, 0x00000000e2c00000| Complete 
|1069|0x00000000e2d00000, 0x00000000e2e00000, 0x00000000e2e00000|100%| E|CS|TAMS 0x00000000e2d00000, 0x00000000e2d00000| Complete 
|1070|0x00000000e2e00000, 0x00000000e2f00000, 0x00000000e2f00000|100%| E|CS|TAMS 0x00000000e2e00000, 0x00000000e2e00000| Complete 
|1071|0x00000000e2f00000, 0x00000000e3000000, 0x00000000e3000000|100%| E|CS|TAMS 0x00000000e2f00000, 0x00000000e2f00000| Complete 
|1072|0x00000000e3000000, 0x00000000e3100000, 0x00000000e3100000|100%| E|CS|TAMS 0x00000000e3000000, 0x00000000e3000000| Complete 
|1073|0x00000000e3100000, 0x00000000e3200000, 0x00000000e3200000|100%| E|CS|TAMS 0x00000000e3100000, 0x00000000e3100000| Complete 
|1074|0x00000000e3200000, 0x00000000e3300000, 0x00000000e3300000|100%| E|CS|TAMS 0x00000000e3200000, 0x00000000e3200000| Complete 
|1075|0x00000000e3300000, 0x00000000e3400000, 0x00000000e3400000|100%| E|CS|TAMS 0x00000000e3300000, 0x00000000e3300000| Complete 
|1076|0x00000000e3400000, 0x00000000e3500000, 0x00000000e3500000|100%| E|CS|TAMS 0x00000000e3400000, 0x00000000e3400000| Complete 
|1077|0x00000000e3500000, 0x00000000e3600000, 0x00000000e3600000|100%| E|CS|TAMS 0x00000000e3500000, 0x00000000e3500000| Complete 
|1078|0x00000000e3600000, 0x00000000e3700000, 0x00000000e3700000|100%| E|CS|TAMS 0x00000000e3600000, 0x00000000e3600000| Complete 
|1079|0x00000000e3700000, 0x00000000e3800000, 0x00000000e3800000|100%| E|CS|TAMS 0x00000000e3700000, 0x00000000e3700000| Complete 
|1080|0x00000000e3800000, 0x00000000e3900000, 0x00000000e3900000|100%| E|CS|TAMS 0x00000000e3800000, 0x00000000e3800000| Complete 
|1081|0x00000000e3900000, 0x00000000e3a00000, 0x00000000e3a00000|100%| E|CS|TAMS 0x00000000e3900000, 0x00000000e3900000| Complete 
|1082|0x00000000e3a00000, 0x00000000e3b00000, 0x00000000e3b00000|100%| E|CS|TAMS 0x00000000e3a00000, 0x00000000e3a00000| Complete 
|1083|0x00000000e3b00000, 0x00000000e3c00000, 0x00000000e3c00000|100%| E|CS|TAMS 0x00000000e3b00000, 0x00000000e3b00000| Complete 
|1084|0x00000000e3c00000, 0x00000000e3d00000, 0x00000000e3d00000|100%| E|CS|TAMS 0x00000000e3c00000, 0x00000000e3c00000| Complete 
|1085|0x00000000e3d00000, 0x00000000e3e00000, 0x00000000e3e00000|100%| E|CS|TAMS 0x00000000e3d00000, 0x00000000e3d00000| Complete 
|1086|0x00000000e3e00000, 0x00000000e3f00000, 0x00000000e3f00000|100%| E|CS|TAMS 0x00000000e3e00000, 0x00000000e3e00000| Complete 
|1087|0x00000000e3f00000, 0x00000000e4000000, 0x00000000e4000000|100%| E|CS|TAMS 0x00000000e3f00000, 0x00000000e3f00000| Complete 
|1088|0x00000000e4000000, 0x00000000e4100000, 0x00000000e4100000|100%| E|CS|TAMS 0x00000000e4000000, 0x00000000e4000000| Complete 
|1089|0x00000000e4100000, 0x00000000e4200000, 0x00000000e4200000|100%| E|CS|TAMS 0x00000000e4100000, 0x00000000e4100000| Complete 
|1090|0x00000000e4200000, 0x00000000e4300000, 0x00000000e4300000|100%| E|CS|TAMS 0x00000000e4200000, 0x00000000e4200000| Complete 
|1091|0x00000000e4300000, 0x00000000e4400000, 0x00000000e4400000|100%| E|CS|TAMS 0x00000000e4300000, 0x00000000e4300000| Complete 
|1092|0x00000000e4400000, 0x00000000e4500000, 0x00000000e4500000|100%| E|CS|TAMS 0x00000000e4400000, 0x00000000e4400000| Complete 
|1093|0x00000000e4500000, 0x00000000e4600000, 0x00000000e4600000|100%| E|CS|TAMS 0x00000000e4500000, 0x00000000e4500000| Complete 
|1094|0x00000000e4600000, 0x00000000e4700000, 0x00000000e4700000|100%| E|CS|TAMS 0x00000000e4600000, 0x00000000e4600000| Complete 
|1095|0x00000000e4700000, 0x00000000e4800000, 0x00000000e4800000|100%| E|CS|TAMS 0x00000000e4700000, 0x00000000e4700000| Complete 
|1096|0x00000000e4800000, 0x00000000e4900000, 0x00000000e4900000|100%| E|CS|TAMS 0x00000000e4800000, 0x00000000e4800000| Complete 
|1097|0x00000000e4900000, 0x00000000e4a00000, 0x00000000e4a00000|100%| E|CS|TAMS 0x00000000e4900000, 0x00000000e4900000| Complete 
|1098|0x00000000e4a00000, 0x00000000e4b00000, 0x00000000e4b00000|100%| E|CS|TAMS 0x00000000e4a00000, 0x00000000e4a00000| Complete 
|1099|0x00000000e4b00000, 0x00000000e4c00000, 0x00000000e4c00000|100%| E|CS|TAMS 0x00000000e4b00000, 0x00000000e4b00000| Complete 
|1100|0x00000000e4c00000, 0x00000000e4d00000, 0x00000000e4d00000|100%| E|CS|TAMS 0x00000000e4c00000, 0x00000000e4c00000| Complete 
|1101|0x00000000e4d00000, 0x00000000e4e00000, 0x00000000e4e00000|100%| E|CS|TAMS 0x00000000e4d00000, 0x00000000e4d00000| Complete 
|1102|0x00000000e4e00000, 0x00000000e4f00000, 0x00000000e4f00000|100%| E|CS|TAMS 0x00000000e4e00000, 0x00000000e4e00000| Complete 
|1103|0x00000000e4f00000, 0x00000000e5000000, 0x00000000e5000000|100%| E|CS|TAMS 0x00000000e4f00000, 0x00000000e4f00000| Complete 
|1104|0x00000000e5000000, 0x00000000e5100000, 0x00000000e5100000|100%| E|CS|TAMS 0x00000000e5000000, 0x00000000e5000000| Complete 
|1105|0x00000000e5100000, 0x00000000e5200000, 0x00000000e5200000|100%| E|CS|TAMS 0x00000000e5100000, 0x00000000e5100000| Complete 
|1106|0x00000000e5200000, 0x00000000e5300000, 0x00000000e5300000|100%| E|CS|TAMS 0x00000000e5200000, 0x00000000e5200000| Complete 
|1107|0x00000000e5300000, 0x00000000e5400000, 0x00000000e5400000|100%| E|CS|TAMS 0x00000000e5300000, 0x00000000e5300000| Complete 
|1108|0x00000000e5400000, 0x00000000e5500000, 0x00000000e5500000|100%| E|CS|TAMS 0x00000000e5400000, 0x00000000e5400000| Complete 
|1109|0x00000000e5500000, 0x00000000e5600000, 0x00000000e5600000|100%| E|CS|TAMS 0x00000000e5500000, 0x00000000e5500000| Complete 
|1110|0x00000000e5600000, 0x00000000e5700000, 0x00000000e5700000|100%| E|CS|TAMS 0x00000000e5600000, 0x00000000e5600000| Complete 
|1111|0x00000000e5700000, 0x00000000e5800000, 0x00000000e5800000|100%| E|CS|TAMS 0x00000000e5700000, 0x00000000e5700000| Complete 
|1112|0x00000000e5800000, 0x00000000e5900000, 0x00000000e5900000|100%| E|CS|TAMS 0x00000000e5800000, 0x00000000e5800000| Complete 
|1113|0x00000000e5900000, 0x00000000e5a00000, 0x00000000e5a00000|100%| E|CS|TAMS 0x00000000e5900000, 0x00000000e5900000| Complete 
|1114|0x00000000e5a00000, 0x00000000e5b00000, 0x00000000e5b00000|100%| E|CS|TAMS 0x00000000e5a00000, 0x00000000e5a00000| Complete 
|1115|0x00000000e5b00000, 0x00000000e5c00000, 0x00000000e5c00000|100%| E|CS|TAMS 0x00000000e5b00000, 0x00000000e5b00000| Complete 
|1116|0x00000000e5c00000, 0x00000000e5d00000, 0x00000000e5d00000|100%| E|CS|TAMS 0x00000000e5c00000, 0x00000000e5c00000| Complete 
|1117|0x00000000e5d00000, 0x00000000e5e00000, 0x00000000e5e00000|100%| E|CS|TAMS 0x00000000e5d00000, 0x00000000e5d00000| Complete 
|1118|0x00000000e5e00000, 0x00000000e5f00000, 0x00000000e5f00000|100%| E|CS|TAMS 0x00000000e5e00000, 0x00000000e5e00000| Complete 
|1119|0x00000000e5f00000, 0x00000000e6000000, 0x00000000e6000000|100%| E|CS|TAMS 0x00000000e5f00000, 0x00000000e5f00000| Complete 
|1120|0x00000000e6000000, 0x00000000e6100000, 0x00000000e6100000|100%| E|CS|TAMS 0x00000000e6000000, 0x00000000e6000000| Complete 
|1121|0x00000000e6100000, 0x00000000e6200000, 0x00000000e6200000|100%| E|CS|TAMS 0x00000000e6100000, 0x00000000e6100000| Complete 
|1122|0x00000000e6200000, 0x00000000e6300000, 0x00000000e6300000|100%| E|CS|TAMS 0x00000000e6200000, 0x00000000e6200000| Complete 
|1123|0x00000000e6300000, 0x00000000e6400000, 0x00000000e6400000|100%| E|CS|TAMS 0x00000000e6300000, 0x00000000e6300000| Complete 
|1124|0x00000000e6400000, 0x00000000e6500000, 0x00000000e6500000|100%| E|CS|TAMS 0x00000000e6400000, 0x00000000e6400000| Complete 
|1125|0x00000000e6500000, 0x00000000e6600000, 0x00000000e6600000|100%| E|CS|TAMS 0x00000000e6500000, 0x00000000e6500000| Complete 
|1126|0x00000000e6600000, 0x00000000e6700000, 0x00000000e6700000|100%| E|CS|TAMS 0x00000000e6600000, 0x00000000e6600000| Complete 
|1127|0x00000000e6700000, 0x00000000e6800000, 0x00000000e6800000|100%| E|CS|TAMS 0x00000000e6700000, 0x00000000e6700000| Complete 
|1128|0x00000000e6800000, 0x00000000e6900000, 0x00000000e6900000|100%| E|CS|TAMS 0x00000000e6800000, 0x00000000e6800000| Complete 
|1129|0x00000000e6900000, 0x00000000e6a00000, 0x00000000e6a00000|100%| E|CS|TAMS 0x00000000e6900000, 0x00000000e6900000| Complete 
|1130|0x00000000e6a00000, 0x00000000e6b00000, 0x00000000e6b00000|100%| E|CS|TAMS 0x00000000e6a00000, 0x00000000e6a00000| Complete 
|1131|0x00000000e6b00000, 0x00000000e6c00000, 0x00000000e6c00000|100%| E|CS|TAMS 0x00000000e6b00000, 0x00000000e6b00000| Complete 
|1132|0x00000000e6c00000, 0x00000000e6d00000, 0x00000000e6d00000|100%| E|CS|TAMS 0x00000000e6c00000, 0x00000000e6c00000| Complete 
|1133|0x00000000e6d00000, 0x00000000e6e00000, 0x00000000e6e00000|100%| E|CS|TAMS 0x00000000e6d00000, 0x00000000e6d00000| Complete 
|1134|0x00000000e6e00000, 0x00000000e6f00000, 0x00000000e6f00000|100%| E|CS|TAMS 0x00000000e6e00000, 0x00000000e6e00000| Complete 
|1135|0x00000000e6f00000, 0x00000000e7000000, 0x00000000e7000000|100%| E|CS|TAMS 0x00000000e6f00000, 0x00000000e6f00000| Complete 
|1136|0x00000000e7000000, 0x00000000e7100000, 0x00000000e7100000|100%| E|CS|TAMS 0x00000000e7000000, 0x00000000e7000000| Complete 
|1137|0x00000000e7100000, 0x00000000e7200000, 0x00000000e7200000|100%| E|CS|TAMS 0x00000000e7100000, 0x00000000e7100000| Complete 
|1138|0x00000000e7200000, 0x00000000e7300000, 0x00000000e7300000|100%| E|CS|TAMS 0x00000000e7200000, 0x00000000e7200000| Complete 
|1139|0x00000000e7300000, 0x00000000e7400000, 0x00000000e7400000|100%| E|CS|TAMS 0x00000000e7300000, 0x00000000e7300000| Complete 
|1140|0x00000000e7400000, 0x00000000e7500000, 0x00000000e7500000|100%| E|CS|TAMS 0x00000000e7400000, 0x00000000e7400000| Complete 
|1141|0x00000000e7500000, 0x00000000e7600000, 0x00000000e7600000|100%| E|CS|TAMS 0x00000000e7500000, 0x00000000e7500000| Complete 
|1142|0x00000000e7600000, 0x00000000e7700000, 0x00000000e7700000|100%| E|CS|TAMS 0x00000000e7600000, 0x00000000e7600000| Complete 
|1143|0x00000000e7700000, 0x00000000e7800000, 0x00000000e7800000|100%| E|CS|TAMS 0x00000000e7700000, 0x00000000e7700000| Complete 
|1144|0x00000000e7800000, 0x00000000e7900000, 0x00000000e7900000|100%| E|CS|TAMS 0x00000000e7800000, 0x00000000e7800000| Complete 
|1145|0x00000000e7900000, 0x00000000e7a00000, 0x00000000e7a00000|100%| E|CS|TAMS 0x00000000e7900000, 0x00000000e7900000| Complete 
|1146|0x00000000e7a00000, 0x00000000e7b00000, 0x00000000e7b00000|100%| E|CS|TAMS 0x00000000e7a00000, 0x00000000e7a00000| Complete 
|1147|0x00000000e7b00000, 0x00000000e7c00000, 0x00000000e7c00000|100%| E|CS|TAMS 0x00000000e7b00000, 0x00000000e7b00000| Complete 
|1148|0x00000000e7c00000, 0x00000000e7d00000, 0x00000000e7d00000|100%| E|CS|TAMS 0x00000000e7c00000, 0x00000000e7c00000| Complete 
|1149|0x00000000e7d00000, 0x00000000e7e00000, 0x00000000e7e00000|100%| E|CS|TAMS 0x00000000e7d00000, 0x00000000e7d00000| Complete 
|1150|0x00000000e7e00000, 0x00000000e7f00000, 0x00000000e7f00000|100%| E|CS|TAMS 0x00000000e7e00000, 0x00000000e7e00000| Complete 
|1151|0x00000000e7f00000, 0x00000000e8000000, 0x00000000e8000000|100%| E|CS|TAMS 0x00000000e7f00000, 0x00000000e7f00000| Complete 
|1152|0x00000000e8000000, 0x00000000e8100000, 0x00000000e8100000|100%| E|CS|TAMS 0x00000000e8000000, 0x00000000e8000000| Complete 
|1153|0x00000000e8100000, 0x00000000e8200000, 0x00000000e8200000|100%| E|CS|TAMS 0x00000000e8100000, 0x00000000e8100000| Complete 
|1154|0x00000000e8200000, 0x00000000e8300000, 0x00000000e8300000|100%| E|CS|TAMS 0x00000000e8200000, 0x00000000e8200000| Complete 
|1155|0x00000000e8300000, 0x00000000e8400000, 0x00000000e8400000|100%| E|CS|TAMS 0x00000000e8300000, 0x00000000e8300000| Complete 
|1156|0x00000000e8400000, 0x00000000e8500000, 0x00000000e8500000|100%| E|CS|TAMS 0x00000000e8400000, 0x00000000e8400000| Complete 
|1157|0x00000000e8500000, 0x00000000e8600000, 0x00000000e8600000|100%| E|CS|TAMS 0x00000000e8500000, 0x00000000e8500000| Complete 
|1158|0x00000000e8600000, 0x00000000e8700000, 0x00000000e8700000|100%| E|CS|TAMS 0x00000000e8600000, 0x00000000e8600000| Complete 
|1159|0x00000000e8700000, 0x00000000e8800000, 0x00000000e8800000|100%| E|CS|TAMS 0x00000000e8700000, 0x00000000e8700000| Complete 
|1160|0x00000000e8800000, 0x00000000e8900000, 0x00000000e8900000|100%| E|CS|TAMS 0x00000000e8800000, 0x00000000e8800000| Complete 
|1161|0x00000000e8900000, 0x00000000e8a00000, 0x00000000e8a00000|100%| E|CS|TAMS 0x00000000e8900000, 0x00000000e8900000| Complete 
|1162|0x00000000e8a00000, 0x00000000e8b00000, 0x00000000e8b00000|100%| E|CS|TAMS 0x00000000e8a00000, 0x00000000e8a00000| Complete 
|1163|0x00000000e8b00000, 0x00000000e8c00000, 0x00000000e8c00000|100%| E|CS|TAMS 0x00000000e8b00000, 0x00000000e8b00000| Complete 
|1164|0x00000000e8c00000, 0x00000000e8d00000, 0x00000000e8d00000|100%| E|CS|TAMS 0x00000000e8c00000, 0x00000000e8c00000| Complete 
|1165|0x00000000e8d00000, 0x00000000e8e00000, 0x00000000e8e00000|100%| E|CS|TAMS 0x00000000e8d00000, 0x00000000e8d00000| Complete 
|1166|0x00000000e8e00000, 0x00000000e8f00000, 0x00000000e8f00000|100%| E|CS|TAMS 0x00000000e8e00000, 0x00000000e8e00000| Complete 
|1167|0x00000000e8f00000, 0x00000000e9000000, 0x00000000e9000000|100%| E|CS|TAMS 0x00000000e8f00000, 0x00000000e8f00000| Complete 
|1168|0x00000000e9000000, 0x00000000e9100000, 0x00000000e9100000|100%| E|CS|TAMS 0x00000000e9000000, 0x00000000e9000000| Complete 
|1169|0x00000000e9100000, 0x00000000e9200000, 0x00000000e9200000|100%| E|CS|TAMS 0x00000000e9100000, 0x00000000e9100000| Complete 
|1170|0x00000000e9200000, 0x00000000e9300000, 0x00000000e9300000|100%| E|CS|TAMS 0x00000000e9200000, 0x00000000e9200000| Complete 
|1171|0x00000000e9300000, 0x00000000e9400000, 0x00000000e9400000|100%| E|CS|TAMS 0x00000000e9300000, 0x00000000e9300000| Complete 
|1172|0x00000000e9400000, 0x00000000e9500000, 0x00000000e9500000|100%| E|CS|TAMS 0x00000000e9400000, 0x00000000e9400000| Complete 
|1173|0x00000000e9500000, 0x00000000e9600000, 0x00000000e9600000|100%| E|CS|TAMS 0x00000000e9500000, 0x00000000e9500000| Complete 
|1174|0x00000000e9600000, 0x00000000e9700000, 0x00000000e9700000|100%| E|CS|TAMS 0x00000000e9600000, 0x00000000e9600000| Complete 
|1175|0x00000000e9700000, 0x00000000e9800000, 0x00000000e9800000|100%| E|CS|TAMS 0x00000000e9700000, 0x00000000e9700000| Complete 
|1176|0x00000000e9800000, 0x00000000e9900000, 0x00000000e9900000|100%| E|CS|TAMS 0x00000000e9800000, 0x00000000e9800000| Complete 
|1177|0x00000000e9900000, 0x00000000e9a00000, 0x00000000e9a00000|100%| E|CS|TAMS 0x00000000e9900000, 0x00000000e9900000| Complete 
|1178|0x00000000e9a00000, 0x00000000e9b00000, 0x00000000e9b00000|100%| E|CS|TAMS 0x00000000e9a00000, 0x00000000e9a00000| Complete 
|1179|0x00000000e9b00000, 0x00000000e9c00000, 0x00000000e9c00000|100%| E|CS|TAMS 0x00000000e9b00000, 0x00000000e9b00000| Complete 
|1180|0x00000000e9c00000, 0x00000000e9d00000, 0x00000000e9d00000|100%| E|CS|TAMS 0x00000000e9c00000, 0x00000000e9c00000| Complete 
|1181|0x00000000e9d00000, 0x00000000e9e00000, 0x00000000e9e00000|100%| E|CS|TAMS 0x00000000e9d00000, 0x00000000e9d00000| Complete 
|1182|0x00000000e9e00000, 0x00000000e9f00000, 0x00000000e9f00000|100%| E|CS|TAMS 0x00000000e9e00000, 0x00000000e9e00000| Complete 
|1183|0x00000000e9f00000, 0x00000000ea000000, 0x00000000ea000000|100%| E|CS|TAMS 0x00000000e9f00000, 0x00000000e9f00000| Complete 
|1184|0x00000000ea000000, 0x00000000ea100000, 0x00000000ea100000|100%| E|CS|TAMS 0x00000000ea000000, 0x00000000ea000000| Complete 
|1185|0x00000000ea100000, 0x00000000ea200000, 0x00000000ea200000|100%| E|CS|TAMS 0x00000000ea100000, 0x00000000ea100000| Complete 
|1186|0x00000000ea200000, 0x00000000ea300000, 0x00000000ea300000|100%| E|CS|TAMS 0x00000000ea200000, 0x00000000ea200000| Complete 
|1187|0x00000000ea300000, 0x00000000ea400000, 0x00000000ea400000|100%| E|CS|TAMS 0x00000000ea300000, 0x00000000ea300000| Complete 
|1188|0x00000000ea400000, 0x00000000ea4f91e0, 0x00000000ea500000| 97%| S|CS|TAMS 0x00000000ea400000, 0x00000000ea400000| Complete 
|1189|0x00000000ea500000, 0x00000000ea600000, 0x00000000ea600000|100%| S|CS|TAMS 0x00000000ea500000, 0x00000000ea500000| Complete 
|1190|0x00000000ea600000, 0x00000000ea700000, 0x00000000ea700000|100%| E|CS|TAMS 0x00000000ea600000, 0x00000000ea600000| Complete 
|1191|0x00000000ea700000, 0x00000000ea800000, 0x00000000ea800000|100%| E|CS|TAMS 0x00000000ea700000, 0x00000000ea700000| Complete 
|1192|0x00000000ea800000, 0x00000000ea900000, 0x00000000ea900000|100%| E|CS|TAMS 0x00000000ea800000, 0x00000000ea800000| Complete 
|1193|0x00000000ea900000, 0x00000000eaa00000, 0x00000000eaa00000|100%| E|CS|TAMS 0x00000000ea900000, 0x00000000ea900000| Complete 
|1194|0x00000000eaa00000, 0x00000000eab00000, 0x00000000eab00000|100%| E|CS|TAMS 0x00000000eaa00000, 0x00000000eaa00000| Complete 
|1195|0x00000000eab00000, 0x00000000eac00000, 0x00000000eac00000|100%| E|CS|TAMS 0x00000000eab00000, 0x00000000eab00000| Complete 
|1196|0x00000000eac00000, 0x00000000ead00000, 0x00000000ead00000|100%| E|CS|TAMS 0x00000000eac00000, 0x00000000eac00000| Complete 
|1197|0x00000000ead00000, 0x00000000eae00000, 0x00000000eae00000|100%| E|CS|TAMS 0x00000000ead00000, 0x00000000ead00000| Complete 
|1198|0x00000000eae00000, 0x00000000eaf00000, 0x00000000eaf00000|100%| E|CS|TAMS 0x00000000eae00000, 0x00000000eae00000| Complete 
|1199|0x00000000eaf00000, 0x00000000eb000000, 0x00000000eb000000|100%| E|CS|TAMS 0x00000000eaf00000, 0x00000000eaf00000| Complete 
|1200|0x00000000eb000000, 0x00000000eb100000, 0x00000000eb100000|100%| E|CS|TAMS 0x00000000eb000000, 0x00000000eb000000| Complete 
|1201|0x00000000eb100000, 0x00000000eb200000, 0x00000000eb200000|100%| E|CS|TAMS 0x00000000eb100000, 0x00000000eb100000| Complete 
|1202|0x00000000eb200000, 0x00000000eb300000, 0x00000000eb300000|100%| E|CS|TAMS 0x00000000eb200000, 0x00000000eb200000| Complete 
|1203|0x00000000eb300000, 0x00000000eb400000, 0x00000000eb400000|100%| E|CS|TAMS 0x00000000eb300000, 0x00000000eb300000| Complete 
|1204|0x00000000eb400000, 0x00000000eb500000, 0x00000000eb500000|100%| E|CS|TAMS 0x00000000eb400000, 0x00000000eb400000| Complete 
|1205|0x00000000eb500000, 0x00000000eb600000, 0x00000000eb600000|100%| E|CS|TAMS 0x00000000eb500000, 0x00000000eb500000| Complete 
|1206|0x00000000eb600000, 0x00000000eb700000, 0x00000000eb700000|100%| E|CS|TAMS 0x00000000eb600000, 0x00000000eb600000| Complete 
|1207|0x00000000eb700000, 0x00000000eb800000, 0x00000000eb800000|100%| E|CS|TAMS 0x00000000eb700000, 0x00000000eb700000| Complete 
|1208|0x00000000eb800000, 0x00000000eb900000, 0x00000000eb900000|100%| E|CS|TAMS 0x00000000eb800000, 0x00000000eb800000| Complete 
|1209|0x00000000eb900000, 0x00000000eba00000, 0x00000000eba00000|100%| E|CS|TAMS 0x00000000eb900000, 0x00000000eb900000| Complete 
|1210|0x00000000eba00000, 0x00000000ebb00000, 0x00000000ebb00000|100%| E|CS|TAMS 0x00000000eba00000, 0x00000000eba00000| Complete 
|1211|0x00000000ebb00000, 0x00000000ebc00000, 0x00000000ebc00000|100%| E|CS|TAMS 0x00000000ebb00000, 0x00000000ebb00000| Complete 
|1212|0x00000000ebc00000, 0x00000000ebd00000, 0x00000000ebd00000|100%| E|CS|TAMS 0x00000000ebc00000, 0x00000000ebc00000| Complete 
|1213|0x00000000ebd00000, 0x00000000ebe00000, 0x00000000ebe00000|100%| E|CS|TAMS 0x00000000ebd00000, 0x00000000ebd00000| Complete 
|1214|0x00000000ebe00000, 0x00000000ebf00000, 0x00000000ebf00000|100%| E|CS|TAMS 0x00000000ebe00000, 0x00000000ebe00000| Complete 
|1215|0x00000000ebf00000, 0x00000000ec000000, 0x00000000ec000000|100%| E|CS|TAMS 0x00000000ebf00000, 0x00000000ebf00000| Complete 
|1216|0x00000000ec000000, 0x00000000ec100000, 0x00000000ec100000|100%| E|CS|TAMS 0x00000000ec000000, 0x00000000ec000000| Complete 
|1217|0x00000000ec100000, 0x00000000ec200000, 0x00000000ec200000|100%| E|CS|TAMS 0x00000000ec100000, 0x00000000ec100000| Complete 
|1218|0x00000000ec200000, 0x00000000ec300000, 0x00000000ec300000|100%| E|CS|TAMS 0x00000000ec200000, 0x00000000ec200000| Complete 
|1219|0x00000000ec300000, 0x00000000ec400000, 0x00000000ec400000|100%| E|CS|TAMS 0x00000000ec300000, 0x00000000ec300000| Complete 
|1220|0x00000000ec400000, 0x00000000ec500000, 0x00000000ec500000|100%| E|CS|TAMS 0x00000000ec400000, 0x00000000ec400000| Complete 
|1221|0x00000000ec500000, 0x00000000ec600000, 0x00000000ec600000|100%| E|CS|TAMS 0x00000000ec500000, 0x00000000ec500000| Complete 
|1222|0x00000000ec600000, 0x00000000ec700000, 0x00000000ec700000|100%| E|CS|TAMS 0x00000000ec600000, 0x00000000ec600000| Complete 
|1223|0x00000000ec700000, 0x00000000ec800000, 0x00000000ec800000|100%| E|CS|TAMS 0x00000000ec700000, 0x00000000ec700000| Complete 
|1224|0x00000000ec800000, 0x00000000ec900000, 0x00000000ec900000|100%| E|CS|TAMS 0x00000000ec800000, 0x00000000ec800000| Complete 
|1225|0x00000000ec900000, 0x00000000eca00000, 0x00000000eca00000|100%| E|CS|TAMS 0x00000000ec900000, 0x00000000ec900000| Complete 
|1226|0x00000000eca00000, 0x00000000ecb00000, 0x00000000ecb00000|100%| E|CS|TAMS 0x00000000eca00000, 0x00000000eca00000| Complete 
|1227|0x00000000ecb00000, 0x00000000ecc00000, 0x00000000ecc00000|100%| E|CS|TAMS 0x00000000ecb00000, 0x00000000ecb00000| Complete 
|1228|0x00000000ecc00000, 0x00000000ecd00000, 0x00000000ecd00000|100%| E|CS|TAMS 0x00000000ecc00000, 0x00000000ecc00000| Complete 
|1229|0x00000000ecd00000, 0x00000000ece00000, 0x00000000ece00000|100%| E|CS|TAMS 0x00000000ecd00000, 0x00000000ecd00000| Complete 
|1230|0x00000000ece00000, 0x00000000ecf00000, 0x00000000ecf00000|100%| E|CS|TAMS 0x00000000ece00000, 0x00000000ece00000| Complete 
|1231|0x00000000ecf00000, 0x00000000ed000000, 0x00000000ed000000|100%| E|CS|TAMS 0x00000000ecf00000, 0x00000000ecf00000| Complete 
|1232|0x00000000ed000000, 0x00000000ed100000, 0x00000000ed100000|100%| E|CS|TAMS 0x00000000ed000000, 0x00000000ed000000| Complete 
|1233|0x00000000ed100000, 0x00000000ed200000, 0x00000000ed200000|100%| E|CS|TAMS 0x00000000ed100000, 0x00000000ed100000| Complete 
|1234|0x00000000ed200000, 0x00000000ed300000, 0x00000000ed300000|100%| E|CS|TAMS 0x00000000ed200000, 0x00000000ed200000| Complete 
|1235|0x00000000ed300000, 0x00000000ed400000, 0x00000000ed400000|100%| E|CS|TAMS 0x00000000ed300000, 0x00000000ed300000| Complete 
|1236|0x00000000ed400000, 0x00000000ed500000, 0x00000000ed500000|100%| E|CS|TAMS 0x00000000ed400000, 0x00000000ed400000| Complete 
|1237|0x00000000ed500000, 0x00000000ed600000, 0x00000000ed600000|100%| E|CS|TAMS 0x00000000ed500000, 0x00000000ed500000| Complete 
|1238|0x00000000ed600000, 0x00000000ed700000, 0x00000000ed700000|100%| E|CS|TAMS 0x00000000ed600000, 0x00000000ed600000| Complete 
|1239|0x00000000ed700000, 0x00000000ed800000, 0x00000000ed800000|100%| E|CS|TAMS 0x00000000ed700000, 0x00000000ed700000| Complete 
|1240|0x00000000ed800000, 0x00000000ed900000, 0x00000000ed900000|100%| E|CS|TAMS 0x00000000ed800000, 0x00000000ed800000| Complete 
|1241|0x00000000ed900000, 0x00000000eda00000, 0x00000000eda00000|100%| E|CS|TAMS 0x00000000ed900000, 0x00000000ed900000| Complete 
|1242|0x00000000eda00000, 0x00000000edb00000, 0x00000000edb00000|100%| E|CS|TAMS 0x00000000eda00000, 0x00000000eda00000| Complete 
|1243|0x00000000edb00000, 0x00000000edc00000, 0x00000000edc00000|100%| E|CS|TAMS 0x00000000edb00000, 0x00000000edb00000| Complete 
|1244|0x00000000edc00000, 0x00000000edd00000, 0x00000000edd00000|100%| E|CS|TAMS 0x00000000edc00000, 0x00000000edc00000| Complete 
|1245|0x00000000edd00000, 0x00000000ede00000, 0x00000000ede00000|100%| E|CS|TAMS 0x00000000edd00000, 0x00000000edd00000| Complete 
|1246|0x00000000ede00000, 0x00000000edf00000, 0x00000000edf00000|100%| E|CS|TAMS 0x00000000ede00000, 0x00000000ede00000| Complete 
|1247|0x00000000edf00000, 0x00000000ee000000, 0x00000000ee000000|100%| E|CS|TAMS 0x00000000edf00000, 0x00000000edf00000| Complete 
|1248|0x00000000ee000000, 0x00000000ee100000, 0x00000000ee100000|100%| E|CS|TAMS 0x00000000ee000000, 0x00000000ee000000| Complete 
|1249|0x00000000ee100000, 0x00000000ee200000, 0x00000000ee200000|100%| E|CS|TAMS 0x00000000ee100000, 0x00000000ee100000| Complete 
|1250|0x00000000ee200000, 0x00000000ee300000, 0x00000000ee300000|100%| E|CS|TAMS 0x00000000ee200000, 0x00000000ee200000| Complete 
|1251|0x00000000ee300000, 0x00000000ee400000, 0x00000000ee400000|100%| E|CS|TAMS 0x00000000ee300000, 0x00000000ee300000| Complete 
|1252|0x00000000ee400000, 0x00000000ee500000, 0x00000000ee500000|100%| E|CS|TAMS 0x00000000ee400000, 0x00000000ee400000| Complete 
|1253|0x00000000ee500000, 0x00000000ee600000, 0x00000000ee600000|100%| E|CS|TAMS 0x00000000ee500000, 0x00000000ee500000| Complete 
|1254|0x00000000ee600000, 0x00000000ee700000, 0x00000000ee700000|100%| E|CS|TAMS 0x00000000ee600000, 0x00000000ee600000| Complete 
|1255|0x00000000ee700000, 0x00000000ee800000, 0x00000000ee800000|100%| E|CS|TAMS 0x00000000ee700000, 0x00000000ee700000| Complete 
|1256|0x00000000ee800000, 0x00000000ee900000, 0x00000000ee900000|100%| E|CS|TAMS 0x00000000ee800000, 0x00000000ee800000| Complete 
|1257|0x00000000ee900000, 0x00000000eea00000, 0x00000000eea00000|100%| E|CS|TAMS 0x00000000ee900000, 0x00000000ee900000| Complete 
|1258|0x00000000eea00000, 0x00000000eeb00000, 0x00000000eeb00000|100%| E|CS|TAMS 0x00000000eea00000, 0x00000000eea00000| Complete 
|1259|0x00000000eeb00000, 0x00000000eec00000, 0x00000000eec00000|100%| E|CS|TAMS 0x00000000eeb00000, 0x00000000eeb00000| Complete 
|1260|0x00000000eec00000, 0x00000000eed00000, 0x00000000eed00000|100%| E|CS|TAMS 0x00000000eec00000, 0x00000000eec00000| Complete 
|1261|0x00000000eed00000, 0x00000000eee00000, 0x00000000eee00000|100%| E|CS|TAMS 0x00000000eed00000, 0x00000000eed00000| Complete 
|1262|0x00000000eee00000, 0x00000000eef00000, 0x00000000eef00000|100%| E|CS|TAMS 0x00000000eee00000, 0x00000000eee00000| Complete 
|1263|0x00000000eef00000, 0x00000000ef000000, 0x00000000ef000000|100%| E|CS|TAMS 0x00000000eef00000, 0x00000000eef00000| Complete 
|1264|0x00000000ef000000, 0x00000000ef100000, 0x00000000ef100000|100%| E|CS|TAMS 0x00000000ef000000, 0x00000000ef000000| Complete 
|1265|0x00000000ef100000, 0x00000000ef200000, 0x00000000ef200000|100%| E|CS|TAMS 0x00000000ef100000, 0x00000000ef100000| Complete 
|1266|0x00000000ef200000, 0x00000000ef300000, 0x00000000ef300000|100%| E|CS|TAMS 0x00000000ef200000, 0x00000000ef200000| Complete 

Card table byte_map: [0x0000025531b00000,0x0000025531e00000] _byte_map_base: 0x0000025531600000

Marking Bits (Prev, Next): (CMBitMap*) 0x000002551cf15be0, (CMBitMap*) 0x000002551cf15ba0
 Prev Bits: [0x0000025533900000, 0x0000025535100000)
 Next Bits: [0x0000025532100000, 0x0000025533900000)

Polling page: 0x000002551ccf0000

Metaspace:

Usage:
  Non-class:    157.48 MB used.
      Class:     22.73 MB used.
       Both:    180.21 MB used.

Virtual space:
  Non-class space:      160.00 MB reserved,     158.06 MB ( 99%) committed,  20 nodes.
      Class space:        1.00 GB reserved,      23.25 MB (  2%) committed,  1 nodes.
             Both:        1.16 GB reserved,     181.31 MB ( 15%) committed. 

Chunk freelists:
   Non-Class:  1.61 MB
       Class:  688.00 KB
        Both:  2.28 MB

MaxMetaspaceSize: unlimited
CompressedClassSpaceSize: 1.00 GB
Initial GC threshold: 21.00 MB
Current GC threshold: 301.88 MB
CDS: off
MetaspaceReclaimPolicy: balanced
 - commit_granule_bytes: 65536.
 - commit_granule_words: 8192.
 - virtual_space_node_default_size: 1048576.
 - enlarge_chunks_in_place: 1.
 - new_chunks_are_fully_committed: 0.
 - uncommit_free_chunks: 1.
 - use_allocation_guard: 0.
 - handle_deallocations: 1.


Internal statistics:

num_allocs_failed_limit: 8.
num_arena_births: 1486.
num_arena_deaths: 22.
num_vsnodes_births: 21.
num_vsnodes_deaths: 0.
num_space_committed: 2900.
num_space_uncommitted: 0.
num_chunks_returned_to_freelist: 40.
num_chunks_taken_from_freelist: 8446.
num_chunk_merges: 15.
num_chunk_splits: 5841.
num_chunks_enlarged: 4198.
num_purges: 6.
num_inconsistent_stats: 0.

CodeHeap 'non-profiled nmethods': size=120000Kb used=28884Kb max_used=28884Kb free=91115Kb
 bounds [0x0000025529630000, 0x000002552b2d0000, 0x0000025530b60000]
CodeHeap 'profiled nmethods': size=120000Kb used=70196Kb max_used=70196Kb free=49803Kb
 bounds [0x0000025521b60000, 0x0000025526000000, 0x0000025529090000]
CodeHeap 'non-nmethods': size=5760Kb used=2607Kb max_used=2721Kb free=3152Kb
 bounds [0x0000025529090000, 0x0000025529360000, 0x0000025529630000]
 total_blobs=35694 nmethods=34511 adapters=1092
 compilation: enabled
              stopped_count=0, restarted_count=0
 full_count=0

Compilation events (20 events):
Event: 277.897 Thread 0x00000255388b08f0 46073       3       com.android.tools.r8.dex.j::j (377 bytes)
Event: 277.899 Thread 0x00000255388b08f0 nmethod 46073 0x0000025525fc8f90 code [0x0000025525fc9400, 0x0000025525fcb548]
Event: 277.905 Thread 0x00000255388b08f0 46074       2       com.android.tools.r8.graph.G$a::a (10 bytes)
Event: 277.905 Thread 0x00000255388b08f0 nmethod 46074 0x0000025525fcc410 code [0x0000025525fcc5c0, 0x0000025525fcc828]
Event: 277.905 Thread 0x00000255388b08f0 46075       2       com.android.tools.r8.graph.G$a::b (16 bytes)
Event: 277.906 Thread 0x00000255388b08f0 nmethod 46075 0x0000025525fcc990 code [0x0000025525fccb20, 0x0000025525fcccb8]
Event: 277.970 Thread 0x00000255388b08f0 46078       2       com.android.tools.r8.dex.o::h (10 bytes)
Event: 277.971 Thread 0x00000255388b08f0 nmethod 46078 0x0000025525fcce10 code [0x0000025525fccfa0, 0x0000025525fcd0c8]
Event: 277.980 Thread 0x00000255388b08f0 46079       2       java.nio.MappedByteBuffer::<init> (22 bytes)
Event: 277.980 Thread 0x00000255388b08f0 nmethod 46079 0x0000025525fcd190 code [0x0000025525fcd320, 0x0000025525fcd488]
Event: 277.980 Thread 0x00000255388b08f0 46080       2       jdk.internal.misc.Unsafe::setMemory (10 bytes)
Event: 277.981 Thread 0x00000255388b08f0 nmethod 46080 0x0000025525fcd590 code [0x0000025525fcd720, 0x0000025525fcd868]
Event: 277.981 Thread 0x00000255388b08f0 46081 %     3       com.android.tools.r8.dex.j::a @ 216 (884 bytes)
Event: 277.994 Thread 0x00000255388b08f0 nmethod 46081% 0x0000025525fcd910 code [0x0000025525fce180, 0x0000025525fd3748]
Event: 277.995 Thread 0x00000255388b08f0 46083       3       com.android.tools.r8.dex.j::a (884 bytes)
Event: 278.005 Thread 0x00000255388b08f0 nmethod 46083 0x0000025525fd6a90 code [0x0000025525fd72c0, 0x0000025525fdc4e8]
Event: 278.021 Thread 0x00000255388b08f0 46086   !   2       com.android.tools.r8.utils.V::a (115 bytes)
Event: 278.021 Thread 0x00000255388b08f0 nmethod 46086 0x0000025525fdf590 code [0x0000025525fdf800, 0x0000025525fdfe48]
Event: 278.021 Thread 0x00000255388b08f0 46087       2       com.android.tools.r8.internal.Xo$$Lambda$1522/0x0000000100fd77c0::<init> (10 bytes)
Event: 278.022 Thread 0x00000255388b08f0 nmethod 46087 0x0000025525fe0290 code [0x0000025525fe0420, 0x0000025525fe0578]

GC Heap History (20 events):
Event: 270.759 GC heap before
{Heap before GC invocations=173 (full 0):
 garbage-first heap   total 874496K, used 359402K [0x00000000a0000000, 0x0000000100000000)
  region size 1024K, 26 young (26624K), 5 survivors (5120K)
 Metaspace       used 184097K, committed 185152K, reserved 1212416K
  class space    used 23249K, committed 23744K, reserved 1048576K
}
Event: 270.799 GC heap after
{Heap after GC invocations=174 (full 0):
 garbage-first heap   total 874496K, used 336770K [0x00000000a0000000, 0x0000000100000000)
  region size 1024K, 3 young (3072K), 3 survivors (3072K)
 Metaspace       used 184097K, committed 185152K, reserved 1212416K
  class space    used 23249K, committed 23744K, reserved 1048576K
}
Event: 271.248 GC heap before
{Heap before GC invocations=174 (full 0):
 garbage-first heap   total 874496K, used 695170K [0x00000000a0000000, 0x0000000100000000)
  region size 1024K, 352 young (360448K), 3 survivors (3072K)
 Metaspace       used 184150K, committed 185152K, reserved 1212416K
  class space    used 23249K, committed 23744K, reserved 1048576K
}
Event: 271.257 GC heap after
{Heap after GC invocations=175 (full 0):
 garbage-first heap   total 874496K, used 346686K [0x00000000a0000000, 0x0000000100000000)
  region size 1024K, 13 young (13312K), 13 survivors (13312K)
 Metaspace       used 184150K, committed 185152K, reserved 1212416K
  class space    used 23249K, committed 23744K, reserved 1048576K
}
Event: 271.735 GC heap before
{Heap before GC invocations=175 (full 0):
 garbage-first heap   total 1113088K, used 704062K [0x00000000a0000000, 0x0000000100000000)
  region size 1024K, 364 young (372736K), 13 survivors (13312K)
 Metaspace       used 184174K, committed 185216K, reserved 1212416K
  class space    used 23251K, committed 23744K, reserved 1048576K
}
Event: 271.750 GC heap after
{Heap after GC invocations=176 (full 0):
 garbage-first heap   total 1113088K, used 355209K [0x00000000a0000000, 0x0000000100000000)
  region size 1024K, 22 young (22528K), 22 survivors (22528K)
 Metaspace       used 184174K, committed 185216K, reserved 1212416K
  class space    used 23251K, committed 23744K, reserved 1048576K
}
Event: 272.891 GC heap before
{Heap before GC invocations=177 (full 0):
 garbage-first heap   total 1113088K, used 874377K [0x00000000a0000000, 0x0000000100000000)
  region size 1024K, 530 young (542720K), 22 survivors (22528K)
 Metaspace       used 184180K, committed 185216K, reserved 1212416K
  class space    used 23251K, committed 23744K, reserved 1048576K
}
Event: 272.920 GC heap after
{Heap after GC invocations=178 (full 0):
 garbage-first heap   total 1113088K, used 367594K [0x00000000a0000000, 0x0000000100000000)
  region size 1024K, 34 young (34816K), 34 survivors (34816K)
 Metaspace       used 184180K, committed 185216K, reserved 1212416K
  class space    used 23251K, committed 23744K, reserved 1048576K
}
Event: 272.938 GC heap before
{Heap before GC invocations=178 (full 0):
 garbage-first heap   total 1113088K, used 387050K [0x00000000a0000000, 0x0000000100000000)
  region size 1024K, 54 young (55296K), 34 survivors (34816K)
 Metaspace       used 184180K, committed 185216K, reserved 1212416K
  class space    used 23251K, committed 23744K, reserved 1048576K
}
Event: 273.044 GC heap after
{Heap after GC invocations=179 (full 0):
 garbage-first heap   total 1113088K, used 359660K [0x00000000a0000000, 0x0000000100000000)
  region size 1024K, 5 young (5120K), 5 survivors (5120K)
 Metaspace       used 184180K, committed 185216K, reserved 1212416K
  class space    used 23251K, committed 23744K, reserved 1048576K
}
Event: 273.635 GC heap before
{Heap before GC invocations=179 (full 0):
 garbage-first heap   total 1113088K, used 892140K [0x00000000a0000000, 0x0000000100000000)
  region size 1024K, 525 young (537600K), 5 survivors (5120K)
 Metaspace       used 184290K, committed 185280K, reserved 1212416K
  class space    used 23270K, committed 23744K, reserved 1048576K
}
Event: 273.687 GC heap after
{Heap after GC invocations=180 (full 0):
 garbage-first heap   total 1113088K, used 366112K [0x00000000a0000000, 0x0000000100000000)
  region size 1024K, 12 young (12288K), 12 survivors (12288K)
 Metaspace       used 184290K, committed 185280K, reserved 1212416K
  class space    used 23270K, committed 23744K, reserved 1048576K
}
Event: 274.742 GC heap before
{Heap before GC invocations=180 (full 0):
 garbage-first heap   total 1113088K, used 905760K [0x00000000a0000000, 0x0000000100000000)
  region size 1024K, 540 young (552960K), 12 survivors (12288K)
 Metaspace       used 184418K, committed 185472K, reserved 1212416K
  class space    used 23274K, committed 23808K, reserved 1048576K
}
Event: 274.763 GC heap after
{Heap after GC invocations=181 (full 0):
 garbage-first heap   total 1297408K, used 382588K [0x00000000a0000000, 0x0000000100000000)
  region size 1024K, 28 young (28672K), 28 survivors (28672K)
 Metaspace       used 184418K, committed 185472K, reserved 1212416K
  class space    used 23274K, committed 23808K, reserved 1048576K
}
Event: 276.379 GC heap before
{Heap before GC invocations=182 (full 0):
 garbage-first heap   total 1297408K, used 1049212K [0x00000000a0000000, 0x0000000100000000)
  region size 1024K, 680 young (696320K), 28 survivors (28672K)
 Metaspace       used 184436K, committed 185472K, reserved 1212416K
  class space    used 23274K, committed 23808K, reserved 1048576K
}
Event: 276.411 GC heap after
{Heap after GC invocations=183 (full 0):
 garbage-first heap   total 1297408K, used 378525K [0x00000000a0000000, 0x0000000100000000)
  region size 1024K, 24 young (24576K), 24 survivors (24576K)
 Metaspace       used 184436K, committed 185472K, reserved 1212416K
  class space    used 23274K, committed 23808K, reserved 1048576K
}
Event: 276.481 GC heap before
{Heap before GC invocations=183 (full 0):
 garbage-first heap   total 1297408K, used 417437K [0x00000000a0000000, 0x0000000100000000)
  region size 1024K, 63 young (64512K), 24 survivors (24576K)
 Metaspace       used 184436K, committed 185472K, reserved 1212416K
  class space    used 23274K, committed 23808K, reserved 1048576K
}
Event: 276.556 GC heap after
{Heap after GC invocations=184 (full 0):
 garbage-first heap   total 1297408K, used 362194K [0x00000000a0000000, 0x0000000100000000)
  region size 1024K, 3 young (3072K), 3 survivors (3072K)
 Metaspace       used 184436K, committed 185472K, reserved 1212416K
  class space    used 23274K, committed 23808K, reserved 1048576K
}
Event: 277.029 GC heap before
{Heap before GC invocations=184 (full 0):
 garbage-first heap   total 1297408K, used 435922K [0x00000000a0000000, 0x0000000100000000)
  region size 1024K, 77 young (78848K), 3 survivors (3072K)
 Metaspace       used 184436K, committed 185472K, reserved 1212416K
  class space    used 23274K, committed 23808K, reserved 1048576K
}
Event: 277.053 GC heap after
{Heap after GC invocations=185 (full 0):
 garbage-first heap   total 1297408K, used 359094K [0x00000000a0000000, 0x0000000100000000)
  region size 1024K, 2 young (2048K), 2 survivors (2048K)
 Metaspace       used 184436K, committed 185472K, reserved 1212416K
  class space    used 23274K, committed 23808K, reserved 1048576K
}

Dll operation events (2 events):
Event: 0.006 Loaded shared library H:\andr\jbr\bin\java.dll
Event: 0.344 Loaded shared library H:\andr\jbr\bin\verify.dll

Deoptimization events (20 events):
Event: 277.215 Thread 0x000002553c43fa40 DEOPT PACKING pc=0x000002552b136cd8 sp=0x000000f43c8fdb10
Event: 277.215 Thread 0x000002553c43fa40 DEOPT UNPACKING pc=0x00000255290e69a3 sp=0x000000f43c8fd9a8 mode 2
Event: 277.295 Thread 0x000002553c43fa40 Uncommon trap: trap_request=0xffffff45 fr.pc=0x000002552b16a604 relative=0x00000000000005e4
Event: 277.295 Thread 0x000002553c43fa40 Uncommon trap: reason=unstable_if action=reinterpret pc=0x000002552b16a604 method=java.util.zip.ZipEntry.setExtra0([BZZ)V @ 406 c2
Event: 277.295 Thread 0x000002553c43fa40 DEOPT PACKING pc=0x000002552b16a604 sp=0x000000f43c8fddd0
Event: 277.295 Thread 0x000002553c43fa40 DEOPT UNPACKING pc=0x00000255290e69a3 sp=0x000000f43c8fdd88 mode 2
Event: 277.348 Thread 0x000002553c43f570 DEOPT PACKING pc=0x0000025524561d81 sp=0x000000f43c5fd1f0
Event: 277.348 Thread 0x000002553c43f570 DEOPT UNPACKING pc=0x00000255290e7143 sp=0x000000f43c5fcca0 mode 0
Event: 277.451 Thread 0x00000255446f9c70 DEOPT PACKING pc=0x0000025524561d81 sp=0x000000f43c3fca40
Event: 277.452 Thread 0x00000255446f9c70 DEOPT UNPACKING pc=0x00000255290e7143 sp=0x000000f43c3fc4f0 mode 0
Event: 277.464 Thread 0x00000255446fa140 DEOPT PACKING pc=0x0000025524561d81 sp=0x000000f43bbfcb30
Event: 277.604 Thread 0x00000255446fa140 DEOPT UNPACKING pc=0x00000255290e7143 sp=0x000000f43bbfc5e0 mode 0
Event: 277.729 Thread 0x000002553c43f570 DEOPT PACKING pc=0x0000025524561d81 sp=0x000000f43c5fd1f0
Event: 277.730 Thread 0x000002553c43f570 DEOPT UNPACKING pc=0x00000255290e7143 sp=0x000000f43c5fcca0 mode 0
Event: 277.897 Thread 0x00000255420e40a0 DEOPT PACKING pc=0x0000025523c60390 sp=0x000000f43c1fd9f0
Event: 277.897 Thread 0x00000255420e40a0 DEOPT UNPACKING pc=0x00000255290e7143 sp=0x000000f43c1fcf00 mode 0
Event: 277.920 Thread 0x000002553c43e700 DEOPT PACKING pc=0x0000025524561d81 sp=0x000000f43c7fcff0
Event: 277.920 Thread 0x000002553c43e700 DEOPT UNPACKING pc=0x00000255290e7143 sp=0x000000f43c7fcaa0 mode 0
Event: 278.015 Thread 0x00000255420e40a0 DEOPT PACKING pc=0x0000025523babfa9 sp=0x000000f43c1fd010
Event: 278.015 Thread 0x00000255420e40a0 DEOPT UNPACKING pc=0x00000255290e7143 sp=0x000000f43c1fc640 mode 0

Classes unloaded (15 events):
Event: 14.081 Thread 0x000002553880b6f0 Unloading class 0x0000000100d7a800 'java/lang/invoke/LambdaForm$DMH+0x0000000100d7a800'
Event: 14.081 Thread 0x000002553880b6f0 Unloading class 0x0000000100d7a400 'java/lang/invoke/LambdaForm$DMH+0x0000000100d7a400'
Event: 14.081 Thread 0x000002553880b6f0 Unloading class 0x0000000100d7a000 'java/lang/invoke/LambdaForm$DMH+0x0000000100d7a000'
Event: 14.081 Thread 0x000002553880b6f0 Unloading class 0x0000000100d79c00 'java/lang/invoke/LambdaForm$DMH+0x0000000100d79c00'
Event: 14.081 Thread 0x000002553880b6f0 Unloading class 0x0000000100d79800 'java/lang/invoke/LambdaForm$DMH+0x0000000100d79800'
Event: 14.081 Thread 0x000002553880b6f0 Unloading class 0x0000000100d78c00 'java/lang/invoke/LambdaForm$DMH+0x0000000100d78c00'
Event: 14.081 Thread 0x000002553880b6f0 Unloading class 0x0000000100d79400 'java/lang/invoke/LambdaForm$DMH+0x0000000100d79400'
Event: 14.081 Thread 0x000002553880b6f0 Unloading class 0x0000000100d78400 'java/lang/invoke/LambdaForm$DMH+0x0000000100d78400'
Event: 14.081 Thread 0x000002553880b6f0 Unloading class 0x0000000100d78800 'java/lang/invoke/LambdaForm$DMH+0x0000000100d78800'
Event: 14.081 Thread 0x000002553880b6f0 Unloading class 0x0000000100d79000 'java/lang/invoke/LambdaForm$DMH+0x0000000100d79000'
Event: 267.417 Thread 0x000002553880b6f0 Unloading class 0x00000001016ae6a8 'javax/xml/bind/JAXBException'
Event: 267.417 Thread 0x000002553880b6f0 Unloading class 0x00000001016ae460 'android/databinding/tool/writer/AnnotationJavaFileWriter'
Event: 267.417 Thread 0x000002553880b6f0 Unloading class 0x00000001016ae220 'android/databinding/tool/writer/JavaFileWriter'
Event: 267.417 Thread 0x000002553880b6f0 Unloading class 0x00000001016ae000 'android/databinding/annotationprocessor/ProcessDataBinding$Callback'
Event: 267.417 Thread 0x000002553880b6f0 Unloading class 0x00000001016ad400 'android/databinding/annotationprocessor/ProcessDataBinding'

Classes redefined (0 events):
No events

Internal exceptions (20 events):
Event: 277.351 Thread 0x000002553c43e230 Exception <a 'sun/nio/fs/WindowsException'{0x00000000eb181db8}> (0x00000000eb181db8) 
thrown [s\src\hotspot\share\prims\jni.cpp, line 517]
Event: 277.354 Thread 0x000002553c43f570 Exception <a 'sun/nio/fs/WindowsException'{0x00000000eb4cca98}> (0x00000000eb4cca98) 
thrown [s\src\hotspot\share\prims\jni.cpp, line 517]
Event: 277.359 Thread 0x000002553c43e700 Exception <a 'sun/nio/fs/WindowsException'{0x00000000ea965b98}> (0x00000000ea965b98) 
thrown [s\src\hotspot\share\prims\jni.cpp, line 517]
Event: 277.360 Thread 0x00000255446f9c70 Exception <a 'sun/nio/fs/WindowsException'{0x00000000ececd4b8}> (0x00000000ececd4b8) 
thrown [s\src\hotspot\share\prims\jni.cpp, line 517]
Event: 277.364 Thread 0x000002553c847540 Exception <a 'sun/nio/fs/WindowsException'{0x00000000ea9ff5b8}> (0x00000000ea9ff5b8) 
thrown [s\src\hotspot\share\prims\jni.cpp, line 517]
Event: 277.365 Thread 0x000002554629eaf0 Exception <a 'sun/nio/fs/WindowsException'{0x00000000ebc478d8}> (0x00000000ebc478d8) 
thrown [s\src\hotspot\share\prims\jni.cpp, line 517]
Event: 277.370 Thread 0x00000255422245c0 Exception <a 'sun/nio/fs/WindowsException'{0x00000000ea189030}> (0x00000000ea189030) 
thrown [s\src\hotspot\share\prims\jni.cpp, line 517]
Event: 277.403 Thread 0x00000255425be250 Exception <a 'sun/nio/fs/WindowsException'{0x00000000e9a469a0}> (0x00000000e9a469a0) 
thrown [s\src\hotspot\share\prims\jni.cpp, line 517]
Event: 277.421 Thread 0x000002553c43f570 Exception <a 'sun/nio/fs/WindowsException'{0x00000000e98bab08}> (0x00000000e98bab08) 
thrown [s\src\hotspot\share\prims\jni.cpp, line 517]
Event: 277.460 Thread 0x00000255446f9c70 Exception <a 'sun/nio/fs/WindowsException'{0x00000000e8be0490}> (0x00000000e8be0490) 
thrown [s\src\hotspot\share\prims\jni.cpp, line 517]
Event: 277.471 Thread 0x00000255446f8e00 Exception <a 'sun/nio/fs/WindowsException'{0x00000000e899c110}> (0x00000000e899c110) 
thrown [s\src\hotspot\share\prims\jni.cpp, line 517]
Event: 277.548 Thread 0x000002553c43e700 Exception <a 'sun/nio/fs/WindowsException'{0x00000000e774fc90}> (0x00000000e774fc90) 
thrown [s\src\hotspot\share\prims\jni.cpp, line 517]
Event: 277.569 Thread 0x00000255422245c0 Exception <a 'sun/nio/fs/WindowsException'{0x00000000e7129250}> (0x00000000e7129250) 
thrown [s\src\hotspot\share\prims\jni.cpp, line 517]
Event: 277.581 Thread 0x00000255446fa610 Exception <a 'sun/nio/fs/WindowsException'{0x00000000e7e91250}> (0x00000000e7e91250) 
thrown [s\src\hotspot\share\prims\jni.cpp, line 517]
Event: 277.619 Thread 0x000002554629eaf0 Exception <a 'sun/nio/fs/WindowsException'{0x00000000e67b37e8}> (0x00000000e67b37e8) 
thrown [s\src\hotspot\share\prims\jni.cpp, line 517]
Event: 277.652 Thread 0x00000255446fa140 Exception <a 'sun/nio/fs/WindowsException'{0x00000000e5e20ff8}> (0x00000000e5e20ff8) 
thrown [s\src\hotspot\share\prims\jni.cpp, line 517]
Event: 277.675 Thread 0x00000255425be250 Exception <a 'sun/nio/fs/WindowsException'{0x00000000e4a28de0}> (0x00000000e4a28de0) 
thrown [s\src\hotspot\share\prims\jni.cpp, line 517]
Event: 277.760 Thread 0x000002553c43f570 Exception <a 'sun/nio/fs/WindowsException'{0x00000000e34bb300}> (0x00000000e34bb300) 
thrown [s\src\hotspot\share\prims\jni.cpp, line 517]
Event: 277.895 Thread 0x00000255420e40a0 Exception <a 'sun/nio/fs/WindowsException'{0x00000000e24c34e8}> (0x00000000e24c34e8) 
thrown [s\src\hotspot\share\prims\jni.cpp, line 517]
Event: 277.979 Thread 0x000002553c43e700 Exception <a 'sun/nio/fs/WindowsException'{0x00000000def32ae8}> (0x00000000def32ae8) 
thrown [s\src\hotspot\share\prims\jni.cpp, line 517]

VM Operations (20 events):
Event: 274.803 Executing VM operation: G1Concurrent
Event: 274.830 Executing VM operation: G1Concurrent done
Event: 274.957 Executing VM operation: G1Concurrent
Event: 274.958 Executing VM operation: G1Concurrent done
Event: 276.207 Executing VM operation: HandshakeAllThreads
Event: 276.213 Executing VM operation: HandshakeAllThreads done
Event: 276.213 Executing VM operation: Cleanup
Event: 276.214 Executing VM operation: Cleanup done
Event: 276.379 Executing VM operation: G1CollectForAllocation
Event: 276.411 Executing VM operation: G1CollectForAllocation done
Event: 276.480 Executing VM operation: G1CollectForAllocation
Event: 276.556 Executing VM operation: G1CollectForAllocation done
Event: 277.029 Executing VM operation: G1TryInitiateConcMark
Event: 277.053 Executing VM operation: G1TryInitiateConcMark done
Event: 277.259 Executing VM operation: HandshakeAllThreads
Event: 277.260 Executing VM operation: HandshakeAllThreads done
Event: 277.829 Executing VM operation: G1Concurrent
Event: 277.862 Executing VM operation: G1Concurrent done
Event: 277.964 Executing VM operation: G1Concurrent
Event: 277.964 Executing VM operation: G1Concurrent done

Events (20 events):
Event: 276.223 Thread 0x00000255388b5210 flushing nmethod 0x000002552a8cea90
Event: 276.226 Thread 0x00000255388b5210 flushing nmethod 0x000002552b191e10
Event: 276.226 Thread 0x00000255388b5210 flushing nmethod 0x000002552b196690
Event: 276.241 Thread 0x00000255388b5210 flushing nmethod 0x00000255222afd90
Event: 276.252 Thread 0x00000255388b5210 flushing nmethod 0x0000025522c08a90
Event: 276.255 Thread 0x00000255388b5210 flushing nmethod 0x0000025522e4b310
Event: 276.260 Thread 0x00000255388b5210 flushing nmethod 0x0000025523425510
Event: 276.264 Thread 0x00000255388b5210 flushing nmethod 0x0000025523a5a610
Event: 276.265 Thread 0x00000255388b5210 flushing nmethod 0x0000025523b53710
Event: 276.265 Thread 0x00000255388b5210 flushing nmethod 0x0000025523befd10
Event: 276.271 Thread 0x00000255388b5210 flushing nmethod 0x000002552459bb10
Event: 276.272 Thread 0x00000255388b5210 flushing nmethod 0x00000255247b4090
Event: 276.272 Thread 0x00000255388b5210 flushing nmethod 0x00000255247b5810
Event: 276.278 Thread 0x00000255388b5210 flushing nmethod 0x0000025525220210
Event: 276.283 Thread 0x00000255388b5210 flushing nmethod 0x0000025525a53b90
Event: 276.285 Thread 0x00000255388b5210 flushing nmethod 0x0000025525e37990
Event: 276.285 Thread 0x00000255388b5210 flushing nmethod 0x0000025525f03210
Event: 277.260 loading class java/io/PushbackInputStream
Event: 277.294 loading class java/io/PushbackInputStream done
Event: 277.325 Thread 0x000002554629eaf0 Thread added: 0x000002554629eaf0


Dynamic libraries:
0x00007ff7da440000 - 0x00007ff7da44a000 	H:\andr\jbr\bin\java.exe
0x00007ffef19f0000 - 0x00007ffef1be8000 	C:\WINDOWS\SYSTEM32\ntdll.dll
0x00007ffeef9f0000 - 0x00007ffeefab1000 	C:\WINDOWS\System32\KERNEL32.DLL
0x00007ffeef2f0000 - 0x00007ffeef5ed000 	C:\WINDOWS\System32\KERNELBASE.dll
0x00007ffeef190000 - 0x00007ffeef290000 	C:\WINDOWS\System32\ucrtbase.dll
0x00007ffeb7a50000 - 0x00007ffeb7a6b000 	H:\andr\jbr\bin\VCRUNTIME140.dll
0x00007ffed5ff0000 - 0x00007ffed6007000 	H:\andr\jbr\bin\jli.dll
0x00007ffef12f0000 - 0x00007ffef148d000 	C:\WINDOWS\System32\USER32.dll
0x00007ffed3d60000 - 0x00007ffed3ffa000 	C:\WINDOWS\WinSxS\amd64_microsoft.windows.common-controls_6595b64144ccf1df_6.0.19041.4355_none_60b8b9eb71f62e16\COMCTL32.dll
0x00007ffeef2c0000 - 0x00007ffeef2e2000 	C:\WINDOWS\System32\win32u.dll
0x00007ffef1490000 - 0x00007ffef152e000 	C:\WINDOWS\System32\msvcrt.dll
0x00007ffeefd00000 - 0x00007ffeefd2b000 	C:\WINDOWS\System32\GDI32.dll
0x00007ffeef6d0000 - 0x00007ffeef7e7000 	C:\WINDOWS\System32\gdi32full.dll
0x00007ffeef950000 - 0x00007ffeef9ed000 	C:\WINDOWS\System32\msvcp_win.dll
0x00007ffef0af0000 - 0x00007ffef0b1f000 	C:\WINDOWS\System32\IMM32.DLL
0x00007ffeec1b0000 - 0x00007ffeec1bc000 	H:\andr\jbr\bin\vcruntime140_1.dll
0x00007ffeb0070000 - 0x00007ffeb00fd000 	H:\andr\jbr\bin\msvcp140.dll
0x00007ffe4a5a0000 - 0x00007ffe4b20e000 	H:\andr\jbr\bin\server\jvm.dll
0x00007ffef16f0000 - 0x00007ffef17a0000 	C:\WINDOWS\System32\ADVAPI32.dll
0x00007ffeefc60000 - 0x00007ffeefd00000 	C:\WINDOWS\System32\sechost.dll
0x00007ffef1590000 - 0x00007ffef16b3000 	C:\WINDOWS\System32\RPCRT4.dll
0x00007ffeef290000 - 0x00007ffeef2b7000 	C:\WINDOWS\System32\bcrypt.dll
0x00007ffee9ea0000 - 0x00007ffee9eaa000 	C:\WINDOWS\SYSTEM32\VERSION.dll
0x00007ffec6e00000 - 0x00007ffec6e09000 	C:\WINDOWS\SYSTEM32\WSOCK32.dll
0x00007ffede030000 - 0x00007ffede057000 	C:\WINDOWS\SYSTEM32\WINMM.dll
0x00007ffef0cc0000 - 0x00007ffef0d2b000 	C:\WINDOWS\System32\WS2_32.dll
0x00007ffeed9f0000 - 0x00007ffeeda02000 	C:\WINDOWS\SYSTEM32\kernel.appcore.dll
0x00007ffeebc10000 - 0x00007ffeebc1a000 	H:\andr\jbr\bin\jimage.dll
0x00007ffede210000 - 0x00007ffede3f4000 	C:\WINDOWS\SYSTEM32\DBGHELP.DLL
0x00007ffeddc50000 - 0x00007ffeddc84000 	C:\WINDOWS\SYSTEM32\dbgcore.DLL
0x00007ffeef5f0000 - 0x00007ffeef672000 	C:\WINDOWS\System32\bcryptPrimitives.dll
0x00007ffeebb60000 - 0x00007ffeebb85000 	H:\andr\jbr\bin\java.dll
0x00007ffed6070000 - 0x00007ffed6088000 	H:\andr\jbr\bin\zip.dll
0x00007ffeefd30000 - 0x00007ffef049f000 	C:\WINDOWS\System32\SHELL32.dll
0x00007ffeecf10000 - 0x00007ffeed6af000 	C:\WINDOWS\SYSTEM32\windows.storage.dll
0x00007ffef0d30000 - 0x00007ffef1083000 	C:\WINDOWS\System32\combase.dll
0x00007ffeee9c0000 - 0x00007ffeee9ee000 	C:\WINDOWS\SYSTEM32\Wldp.dll
0x00007ffef05b0000 - 0x00007ffef067d000 	C:\WINDOWS\System32\OLEAUT32.dll
0x00007ffef1240000 - 0x00007ffef12ed000 	C:\WINDOWS\System32\SHCORE.dll
0x00007ffef1530000 - 0x00007ffef1585000 	C:\WINDOWS\System32\shlwapi.dll
0x00007ffeeefa0000 - 0x00007ffeeefc4000 	C:\WINDOWS\SYSTEM32\profapi.dll
0x00007ffed5fc0000 - 0x00007ffed5fd9000 	H:\andr\jbr\bin\net.dll
0x00007ffee8ab0000 - 0x00007ffee8bbd000 	C:\WINDOWS\SYSTEM32\WINHTTP.dll
0x00007ffeee720000 - 0x00007ffeee78a000 	C:\WINDOWS\system32\mswsock.dll
0x00007ffecae20000 - 0x00007ffecae36000 	H:\andr\jbr\bin\nio.dll
0x00007ffeebbc0000 - 0x00007ffeebbd0000 	H:\andr\jbr\bin\verify.dll
0x00007ffec53d0000 - 0x00007ffec53f7000 	C:\Users\M.Joha\.gradle\native\gradle-8.0\native\e1d6ef7f7dcc3fd88c89a11ec53ec762bb8ba0a96d01ffa2cd45eb1d1d8dd5c5\windows-amd64\native-platform.dll
0x00007ffeaec90000 - 0x00007ffeaedd4000 	C:\Users\M.Joha\.gradle\native\gradle-8.0\native\0d407fdbe67a94daf76414ababcb853783967236a71b16ec16e742cd7a986fd3\windows-amd64\native-platform-file-events.dll
0x00007ffeebbb0000 - 0x00007ffeebbb9000 	H:\andr\jbr\bin\management.dll
0x00007ffeebba0000 - 0x00007ffeebbab000 	H:\andr\jbr\bin\management_ext.dll
0x00007ffef0cb0000 - 0x00007ffef0cb8000 	C:\WINDOWS\System32\PSAPI.DLL
0x00007ffeee910000 - 0x00007ffeee928000 	C:\WINDOWS\SYSTEM32\CRYPTSP.dll
0x00007ffeee040000 - 0x00007ffeee074000 	C:\WINDOWS\system32\rsaenh.dll
0x00007ffeeef10000 - 0x00007ffeeef3e000 	C:\WINDOWS\SYSTEM32\USERENV.dll
0x00007ffeee930000 - 0x00007ffeee93c000 	C:\WINDOWS\SYSTEM32\CRYPTBASE.dll
0x00007ffeee400000 - 0x00007ffeee43b000 	C:\WINDOWS\SYSTEM32\IPHLPAPI.DLL
0x00007ffef1890000 - 0x00007ffef1898000 	C:\WINDOWS\System32\NSI.dll
0x00007ffeeb180000 - 0x00007ffeeb197000 	C:\WINDOWS\SYSTEM32\dhcpcsvc6.DLL
0x00007ffeeb050000 - 0x00007ffeeb06d000 	C:\WINDOWS\SYSTEM32\dhcpcsvc.DLL
0x00007ffeee440000 - 0x00007ffeee50a000 	C:\WINDOWS\SYSTEM32\DNSAPI.dll
0x00007ffed59a0000 - 0x00007ffed59a7000 	C:\WINDOWS\system32\wshunix.dll
0x00007ffeee180000 - 0x00007ffeee1b3000 	C:\WINDOWS\SYSTEM32\ntmarta.dll
0x00007ffeb4f50000 - 0x00007ffeb50e8000 	H:\andr\jbr\bin\awt.dll
0x00007ffeec7f0000 - 0x00007ffeec81f000 	C:\WINDOWS\SYSTEM32\dwmapi.dll
0x00007ffeea1f0000 - 0x00007ffeea284000 	C:\WINDOWS\SYSTEM32\apphelp.dll
0x00007ffeec4e0000 - 0x00007ffeec57e000 	C:\WINDOWS\system32\uxtheme.dll
0x00007ffeefac0000 - 0x00007ffeefbd4000 	C:\WINDOWS\System32\MSCTF.dll
0x00007ffef0b80000 - 0x00007ffef0cab000 	C:\WINDOWS\System32\ole32.dll
0x00007ffeebc40000 - 0x00007ffeebc47000 	H:\andr\jbr\bin\rmi.dll
0x00007ffed1560000 - 0x00007ffed1577000 	C:\WINDOWS\system32\napinsp.dll
0x00007ffed1540000 - 0x00007ffed155b000 	C:\WINDOWS\system32\pnrpnsp.dll
0x00007ffed1520000 - 0x00007ffed1535000 	C:\WINDOWS\system32\wshbth.dll
0x00007ffeebaf0000 - 0x00007ffeebb0d000 	C:\WINDOWS\system32\NLAapi.dll
0x00007ffed1500000 - 0x00007ffed1512000 	C:\WINDOWS\System32\winrnr.dll
0x00007ffee6b00000 - 0x00007ffee6b0a000 	C:\Windows\System32\rasadhlp.dll
0x00007ffeeb880000 - 0x00007ffeeb900000 	C:\WINDOWS\System32\fwpuclnt.dll

dbghelp: loaded successfully - version: 4.0.5 - missing functions: none
symbol engine: initialized successfully - sym options: 0x614 - pdb path: .;H:\andr\jbr\bin;C:\WINDOWS\SYSTEM32;C:\WINDOWS\WinSxS\amd64_microsoft.windows.common-controls_6595b64144ccf1df_6.0.19041.4355_none_60b8b9eb71f62e16;H:\andr\jbr\bin\server;C:\Users\M.Joha\.gradle\native\gradle-8.0\native\e1d6ef7f7dcc3fd88c89a11ec53ec762bb8ba0a96d01ffa2cd45eb1d1d8dd5c5\windows-amd64;C:\Users\M.Joha\.gradle\native\gradle-8.0\native\0d407fdbe67a94daf76414ababcb853783967236a71b16ec16e742cd7a986fd3\windows-amd64

VM Arguments:
jvm_args: --add-opens=java.base/java.util=ALL-UNNAMED --add-opens=java.base/java.lang=ALL-UNNAMED --add-opens=java.base/java.lang.invoke=ALL-UNNAMED --add-opens=java.base/java.util=ALL-UNNAMED --add-opens=java.prefs/java.util.prefs=ALL-UNNAMED --add-opens=java.prefs/java.util.prefs=ALL-UNNAMED --add-opens=java.base/java.nio.charset=ALL-UNNAMED --add-opens=java.base/java.net=ALL-UNNAMED --add-opens=java.base/java.util.concurrent.atomic=ALL-UNNAMED -Xmx1536m -Dfile.encoding=windows-1256 -Duser.country=US -Duser.language=en -Duser.variant 
java_command: org.gradle.launcher.daemon.bootstrap.GradleDaemon 7.4.2
java_class_path (initial): C:\Users\M.Joha\.gradle\native\gradle-8.0\wrapper\dists\gradle-7.4.2-all\9uukhhbclvbegdvsww0j0cr3p\gradle-7.4.2\lib\gradle-launcher-7.4.2.jar
Launcher Type: SUN_STANDARD

[Global flags]
     intx CICompilerCount                          = 4                                         {product} {ergonomic}
     uint ConcGCThreads                            = 3                                         {product} {ergonomic}
     uint G1ConcRefinementThreads                  = 10                                        {product} {ergonomic}
   size_t G1HeapRegionSize                         = 1048576                                   {product} {ergonomic}
    uintx GCDrainStackTargetSize                   = 64                                        {product} {ergonomic}
   size_t InitialHeapSize                          = 266338304                                 {product} {ergonomic}
   size_t MarkStackSize                            = 4194304                                   {product} {ergonomic}
   size_t MaxHeapSize                              = 1610612736                                {product} {command line}
   size_t MaxNewSize                               = 965738496                                 {product} {ergonomic}
   size_t MinHeapDeltaBytes                        = 1048576                                   {product} {ergonomic}
   size_t MinHeapSize                              = 8388608                                   {product} {ergonomic}
    uintx NonNMethodCodeHeapSize                   = 5839372                                {pd product} {ergonomic}
    uintx NonProfiledCodeHeapSize                  = 122909434                              {pd product} {ergonomic}
    uintx ProfiledCodeHeapSize                     = 122909434                              {pd product} {ergonomic}
    uintx ReservedCodeCacheSize                    = 251658240                              {pd product} {ergonomic}
     bool SegmentedCodeCache                       = true                                      {product} {ergonomic}
   size_t SoftMaxHeapSize                          = 1610612736                             {manageable} {ergonomic}
     bool UseCompressedClassPointers               = true                           {product lp64_product} {ergonomic}
     bool UseCompressedOops                        = true                           {product lp64_product} {ergonomic}
     bool UseG1GC                                  = true                                      {product} {ergonomic}
     bool UseLargePagesIndividualAllocation        = false                                  {pd product} {ergonomic}

Logging:
Log output configuration:
 #0: stdout all=warning uptime,level,tags
 #1: stderr all=off uptime,level,tags

Environment Variables:
JAVA_HOME=C:\Program Files\Java\jdk1.8.0_231
PATH=C:\Program Files\Eclipse Adoptium\jdk-17.0.8.101-hotspot\bin;C:\Program Files\Common Files\Oracle\Java\javapath;D:\app\product\11.2.0\client_1\bin;D:\orant\bin;C:\Users\M.Joha\AppData\Roaming\npm;C:\Program Files (x86)\Common Files\Oracle\Java\javapath;C:\ProgramData\Oracle\Java\javapath;C:\sybase\DataAccess\ADONET\dll;C:\sybase\DataAccess\OLEDB\dll;C:\sybase\DataAccess\ODBC\dll;C:\sybase\DataAccess64\ODBC\dll;C:\sybase\OCS-15_0\lib3p64;C:\sybase\OCS-15_0\lib3p;C:\sybase\OCS-15_0\dll;C:\sybase\OCS-15_0\bin;C:\Windows\system32;C:\Windows;C:\Windows\System32\Wbem;C:\Windows\System32\WindowsPowerShell\v1.0\;C:\sybase\DBISQL\bin;D:\iMAL\PB105_DDK;C:\Program Files\Microsoft SQL Server\110\Tools\Binn\;D:\DDK\pb125_ddk;D:\DDK\pb105_ddk;C:\Program Files (x86)\AMD\ATI.ACE\Core-Static;C:\Program Files\Microsoft SQL Server\130\Tools\Binn\;C:\Program Files\Microsoft SQL Server\Client SDK\ODBC\170\Tools\Binn\;C:\ProgramData\ComposerSetup\bin;C:\xampp\php;C:\Program Files (x86)\HP\IdrsOCR_15.2.10.1114\;C:\Program Files\OpenSSL-Win64\bin;D:\orant\jdk\bin;C:\Program Files (x86)\Kaspersky Lab\Endpoint Agent\;C:\xampp\mysql\bin;C:\Program Files\Git\cmd;C:\Program Files (x86)\Microsoft SQL Server\150\DTS\Binn\;C:\Program Files (x86)\Microsoft SQL Server\150\Tools\Binn\;C:\Program Files\Microsoft SQL Server\150\Tools\Binn\;C:\Program Files\Microsoft SQL Server\150\DTS\Binn\;C:\wamp64\bin\php\php7.2.10;C:\Program Files\dotnet\;C:\ProgramData\chocolatey\bin;;C:\WINDOWS\system32;C:\WINDOWS;C:\WINDOWS\System32\Wbem;C:\WINDOWS\System32\WindowsPowerShell\v1.0\;C:\WINDOWS\System32\OpenSSH\;C:\Program Files\nodejs\;H:\GdPicture.NET 14\Redist;C:\Program Files\Eclipse Adoptium\jdk-17.0.8.101-hotspot\bin;C:\Program Files\Common Files\Oracle\Java\javapath;D:\app\product\11.2.0\client_1\bin;D:\orant\bin;C:\Users\M.Joha\AppData\Roaming\npm;C:\Program Files (x86)\Common Files\Oracle\Java\javapath;C:\ProgramData\Oracle\Java\javapath;C:\sybase\DataAccess\ADONET\dll;C:\sybase\DataAccess\OLEDB\dll;C:\s
USERNAME=m.joha
OS=Windows_NT
PROCESSOR_IDENTIFIER=Intel64 Family 6 Model 158 Stepping 10, GenuineIntel
TMP=C:\Users\MB168~1.JOH\AppData\Local\Temp
TEMP=C:\Users\MB168~1.JOH\AppData\Local\Temp


JNI global refs:
JNI global refs: 98, weak refs: 168

JNI global refs memory usage: 1475, weak refs: 2929


---------------  S Y S T E M  ---------------

OS:
 Windows 10 , 64 bit Build 19041 (10.0.19041.4717)
OS uptime: 16 days 23:53 hours

CPU: total 12 (initial active 12) (6 cores per cpu, 2 threads per core) family 6 model 158 stepping 10 microcode 0xb4, cx8, cmov, fxsr, ht, mmx, 3dnowpref, sse, sse2, sse3, ssse3, sse4.1, sse4.2, popcnt, lzcnt, tsc, tscinvbit, avx, avx2, aes, erms, clmul, bmi1, bmi2, rtm, adx, fma, vzeroupper, clflush, clflushopt

Memory: 4k page, system-wide physical 16243M (393M free)
TotalPageFile size 46721M (AvailPageFile size 3M)
current process WorkingSet (physical memory assigned to process): 1293M, peak: 1293M
current process commit charge ("private bytes"): 1901M, peak: 1901M

vm_info: OpenJDK 64-Bit Server VM (17.0.6+0-b2043.56-10027231) for windows-amd64 JRE (17.0.6+0-b2043.56-10027231), built on Apr 28 2023 00:43:19 by "androidbuild" with MS VC++ 16.10 / 16.11 (VS2019)

END.
